ISO-10303-21;
HEADER;
/* Generated by software containing ST-Developer
 * from STEP Tools, Inc. (www.steptools.com) 
 */

FILE_DESCRIPTION(
/* description */ (''),
/* implementation_level */ '2;1');

FILE_NAME(
/* name */ 
'C:\\Users\\k\\Desktop\\TO-263-7 WolfSpeed H=4.82\\C3M0120065J.stp',
/* time_stamp */ '2021-10-30T18:37:45+02:00',
/* author */ ('k'),
/* organization */ (''),
/* preprocessor_version */ 'ST-DEVELOPER v15.6',
/* originating_system */ 'Autodesk Inventor 2015',
/* authorisation */ '');

FILE_SCHEMA (('AUTOMOTIVE_DESIGN { 1 0 10303 214 3 1 1 }'));
ENDSEC;

DATA;
#10=MECHANICAL_DESIGN_GEOMETRIC_PRESENTATION_REPRESENTATION('',(#71,#63,
#72,#73,#74,#75,#69,#70,#65,#64,#66,#67,#68),#7747);
#11=ITEM_DEFINED_TRANSFORMATION($,$,#4645,#5000);
#12=ITEM_DEFINED_TRANSFORMATION($,$,#4725,#5001);
#13=ITEM_DEFINED_TRANSFORMATION($,$,#4977,#5002);
#14=(
REPRESENTATION_RELATIONSHIP($,$,#7765,#7768)
REPRESENTATION_RELATIONSHIP_WITH_TRANSFORMATION(#11)
SHAPE_REPRESENTATION_RELATIONSHIP()
);
#15=(
REPRESENTATION_RELATIONSHIP($,$,#7766,#7768)
REPRESENTATION_RELATIONSHIP_WITH_TRANSFORMATION(#12)
SHAPE_REPRESENTATION_RELATIONSHIP()
);
#16=(
REPRESENTATION_RELATIONSHIP($,$,#7767,#7768)
REPRESENTATION_RELATIONSHIP_WITH_TRANSFORMATION(#13)
SHAPE_REPRESENTATION_RELATIONSHIP()
);
#17=CONTEXT_DEPENDENT_SHAPE_REPRESENTATION(#14,#7762);
#18=CONTEXT_DEPENDENT_SHAPE_REPRESENTATION(#15,#7763);
#19=CONTEXT_DEPENDENT_SHAPE_REPRESENTATION(#16,#7764);
#20=NEXT_ASSEMBLY_USAGE_OCCURRENCE('1:1',$,$,#7773,#7770,$);
#21=NEXT_ASSEMBLY_USAGE_OCCURRENCE('2:1',$,$,#7773,#7771,$);
#22=NEXT_ASSEMBLY_USAGE_OCCURRENCE('Wolf Speed Logo:1',$,$,#7773,#7772,
$);
#23=B_SPLINE_CURVE_WITH_KNOTS('',3,(#7481,#7482,#7483,#7484),
 .UNSPECIFIED.,.F.,.F.,(4,4),(-0.428571428571428,-0.285714285714286),
 .UNSPECIFIED.);
#24=B_SPLINE_CURVE_WITH_KNOTS('',3,(#7488,#7489,#7490,#7491),
 .UNSPECIFIED.,.F.,.F.,(4,4),(-0.428571428571428,-0.285714285714286),
 .UNSPECIFIED.);
#25=B_SPLINE_CURVE_WITH_KNOTS('',3,(#7502,#7503,#7504,#7505),
 .UNSPECIFIED.,.F.,.F.,(4,4),(-0.285714285714286,-0.142857142857143),
 .UNSPECIFIED.);
#26=B_SPLINE_CURVE_WITH_KNOTS('',3,(#7507,#7508,#7509,#7510),
 .UNSPECIFIED.,.F.,.F.,(4,4),(-0.285714285714286,-0.142857142857143),
 .UNSPECIFIED.);
#27=B_SPLINE_CURVE_WITH_KNOTS('',3,(#7521,#7522,#7523,#7524),
 .UNSPECIFIED.,.F.,.F.,(4,4),(-0.142857142857143,0.),.UNSPECIFIED.);
#28=B_SPLINE_CURVE_WITH_KNOTS('',3,(#7526,#7527,#7528,#7529),
 .UNSPECIFIED.,.F.,.F.,(4,4),(-0.142857142857143,0.),.UNSPECIFIED.);
#29=B_SPLINE_CURVE_WITH_KNOTS('',3,(#7546,#7547,#7548,#7549),
 .UNSPECIFIED.,.F.,.F.,(4,4),(-0.714285714285714,-0.571428571428571),
 .UNSPECIFIED.);
#30=B_SPLINE_CURVE_WITH_KNOTS('',3,(#7551,#7552,#7553,#7554),
 .UNSPECIFIED.,.F.,.F.,(4,4),(-0.714285714285714,-0.571428571428571),
 .UNSPECIFIED.);
#31=B_SPLINE_CURVE_WITH_KNOTS('',3,(#7579,#7580,#7581,#7582),
 .UNSPECIFIED.,.F.,.F.,(4,4),(-0.285714285714286,-0.142857142857143),
 .UNSPECIFIED.);
#32=B_SPLINE_CURVE_WITH_KNOTS('',3,(#7584,#7585,#7586,#7587),
 .UNSPECIFIED.,.F.,.F.,(4,4),(0.142857142857143,0.285714285714286),
 .UNSPECIFIED.);
#33=B_SPLINE_CURVE_WITH_KNOTS('',3,(#7610,#7611,#7612,#7613),
 .UNSPECIFIED.,.F.,.F.,(4,4),(-0.714285714285714,-0.571428571428571),
 .UNSPECIFIED.);
#34=B_SPLINE_CURVE_WITH_KNOTS('',3,(#7615,#7616,#7617,#7618),
 .UNSPECIFIED.,.F.,.F.,(4,4),(0.571428571428571,0.714285714285714),
 .UNSPECIFIED.);
#35=B_SPLINE_CURVE_WITH_KNOTS('',3,(#7628,#7629,#7630,#7631),
 .UNSPECIFIED.,.F.,.F.,(4,4),(-0.571428571428571,-0.428571428571428),
 .UNSPECIFIED.);
#36=B_SPLINE_CURVE_WITH_KNOTS('',3,(#7632,#7633,#7634,#7635),
 .UNSPECIFIED.,.F.,.F.,(4,4),(0.428571428571428,0.571428571428571),
 .UNSPECIFIED.);
#37=B_SPLINE_CURVE_WITH_KNOTS('',3,(#7655,#7656,#7657,#7658),
 .UNSPECIFIED.,.F.,.F.,(4,4),(-0.777777777777778,-0.666666666666667),
 .UNSPECIFIED.);
#38=B_SPLINE_CURVE_WITH_KNOTS('',3,(#7662,#7663,#7664,#7665),
 .UNSPECIFIED.,.F.,.F.,(4,4),(-0.777777777777778,-0.666666666666667),
 .UNSPECIFIED.);
#39=B_SPLINE_CURVE_WITH_KNOTS('',3,(#7700,#7701,#7702,#7703),
 .UNSPECIFIED.,.F.,.F.,(4,4),(-0.222222222222222,-0.111111111111111),
 .UNSPECIFIED.);
#40=B_SPLINE_CURVE_WITH_KNOTS('',3,(#7705,#7706,#7707,#7708),
 .UNSPECIFIED.,.F.,.F.,(4,4),(-0.222222222222222,-0.111111111111111),
 .UNSPECIFIED.);
#41=B_SPLINE_CURVE_WITH_KNOTS('',3,(#7724,#7725,#7726,#7727),
 .UNSPECIFIED.,.F.,.F.,(4,4),(0.777777777777778,1.),.UNSPECIFIED.);
#42=B_SPLINE_CURVE_WITH_KNOTS('',3,(#7728,#7729,#7730,#7731),
 .UNSPECIFIED.,.F.,.F.,(4,4),(0.777777777777778,1.),.UNSPECIFIED.);
#43=B_SPLINE_SURFACE_WITH_KNOTS('',3,1,((#7471,#7472),(#7473,#7474),(#7475,
#7476),(#7477,#7478)),.UNSPECIFIED.,.F.,.F.,.F.,(4,4),(2,2),(-0.428571428571428,
-0.285714285714286),(0.,0.0002),.UNSPECIFIED.);
#44=B_SPLINE_SURFACE_WITH_KNOTS('',3,1,((#7493,#7494),(#7495,#7496),(#7497,
#7498),(#7499,#7500)),.UNSPECIFIED.,.F.,.F.,.F.,(4,4),(2,2),(-0.285714285714286,
-0.142857142857143),(0.,0.0002),.UNSPECIFIED.);
#45=B_SPLINE_SURFACE_WITH_KNOTS('',3,1,((#7512,#7513),(#7514,#7515),(#7516,
#7517),(#7518,#7519)),.UNSPECIFIED.,.F.,.F.,.F.,(4,4),(2,2),(-0.142857142857143,
0.),(0.,0.0002),.UNSPECIFIED.);
#46=B_SPLINE_SURFACE_WITH_KNOTS('',3,1,((#7537,#7538),(#7539,#7540),(#7541,
#7542),(#7543,#7544)),.UNSPECIFIED.,.F.,.F.,.F.,(4,4),(2,2),(-0.714285714285714,
-0.571428571428571),(0.,0.0002),.UNSPECIFIED.);
#47=B_SPLINE_SURFACE_WITH_KNOTS('',3,1,((#7570,#7571),(#7572,#7573),(#7574,
#7575),(#7576,#7577)),.UNSPECIFIED.,.F.,.F.,.F.,(4,4),(2,2),(0.142857142857143,
0.285714285714286),(0.,0.0002),.UNSPECIFIED.);
#48=B_SPLINE_SURFACE_WITH_KNOTS('',3,1,((#7601,#7602),(#7603,#7604),(#7605,
#7606),(#7607,#7608)),.UNSPECIFIED.,.F.,.F.,.F.,(4,4),(2,2),(0.571428571428571,
0.714285714285714),(0.,0.0002),.UNSPECIFIED.);
#49=B_SPLINE_SURFACE_WITH_KNOTS('',3,1,((#7620,#7621),(#7622,#7623),(#7624,
#7625),(#7626,#7627)),.UNSPECIFIED.,.F.,.F.,.F.,(4,4),(2,2),(0.428571428571428,
0.571428571428571),(0.,0.0002),.UNSPECIFIED.);
#50=B_SPLINE_SURFACE_WITH_KNOTS('',3,1,((#7645,#7646),(#7647,#7648),(#7649,
#7650),(#7651,#7652)),.UNSPECIFIED.,.F.,.F.,.F.,(4,4),(2,2),(-0.777777777777778,
-0.666666666666667),(0.,0.0002),.UNSPECIFIED.);
#51=B_SPLINE_SURFACE_WITH_KNOTS('',3,1,((#7691,#7692),(#7693,#7694),(#7695,
#7696),(#7697,#7698)),.UNSPECIFIED.,.F.,.F.,.F.,(4,4),(2,2),(-0.222222222222222,
-0.111111111111111),(0.,0.0002),.UNSPECIFIED.);
#52=B_SPLINE_SURFACE_WITH_KNOTS('',3,1,((#7716,#7717),(#7718,#7719),(#7720,
#7721),(#7722,#7723)),.UNSPECIFIED.,.F.,.F.,.F.,(4,4),(2,2),(0.777777777777778,
1.),(0.,0.0002),.UNSPECIFIED.);
#53=CONICAL_SURFACE('',#4731,0.456,44.9999999999998);
#54=CONICAL_SURFACE('',#4735,0.456,44.9999999999999);
#55=CONICAL_SURFACE('',#4739,0.456,44.9999999999999);
#56=CONICAL_SURFACE('',#4743,0.456,44.9999999999998);
#57=SHAPE_REPRESENTATION_RELATIONSHIP('SRR','None',#7765,#60);
#58=SHAPE_REPRESENTATION_RELATIONSHIP('SRR','None',#7766,#61);
#59=SHAPE_REPRESENTATION_RELATIONSHIP('SRR','None',#7767,#62);
#60=ADVANCED_BREP_SHAPE_REPRESENTATION($,(#76),#7743);
#61=ADVANCED_BREP_SHAPE_REPRESENTATION($,(#77,#78,#79,#80,#81,#82,#83,#84),
#7744);
#62=ADVANCED_BREP_SHAPE_REPRESENTATION($,(#85,#86,#87,#88),#7745);
#63=STYLED_ITEM('',(#7789),#76);
#64=STYLED_ITEM('',(#7790),#77);
#65=STYLED_ITEM('',(#7790),#78);
#66=STYLED_ITEM('',(#7790),#79);
#67=STYLED_ITEM('',(#7790),#80);
#68=STYLED_ITEM('',(#7790),#81);
#69=STYLED_ITEM('',(#7790),#82);
#70=STYLED_ITEM('',(#7790),#83);
#71=STYLED_ITEM('',(#7790),#84);
#72=STYLED_ITEM('',(#7791),#85);
#73=STYLED_ITEM('',(#7791),#86);
#74=STYLED_ITEM('',(#7791),#87);
#75=STYLED_ITEM('',(#7791),#88);
#76=MANIFOLD_SOLID_BREP('Solid1',#4632);
#77=MANIFOLD_SOLID_BREP('Solid1',#4633);
#78=MANIFOLD_SOLID_BREP('Solid1',#4634);
#79=MANIFOLD_SOLID_BREP('Solid1',#4635);
#80=MANIFOLD_SOLID_BREP('Solid1',#4636);
#81=MANIFOLD_SOLID_BREP('Solid1',#4637);
#82=MANIFOLD_SOLID_BREP('Solid1',#4638);
#83=MANIFOLD_SOLID_BREP('Solid1',#4639);
#84=MANIFOLD_SOLID_BREP('Solid1',#4640);
#85=MANIFOLD_SOLID_BREP('Solid1',#4641);
#86=MANIFOLD_SOLID_BREP('Solid1',#4642);
#87=MANIFOLD_SOLID_BREP('Solid1',#4643);
#88=MANIFOLD_SOLID_BREP('Solid1',#4644);
#89=(
BOUNDED_CURVE()
B_SPLINE_CURVE(2,(#6462,#6463,#6464),.UNSPECIFIED.,.F.,.F.)
B_SPLINE_CURVE_WITH_KNOTS((3,3),(0.530458463666125,1.5707963267949),
 .UNSPECIFIED.)
CURVE()
GEOMETRIC_REPRESENTATION_ITEM()
RATIONAL_B_SPLINE_CURVE((1.,0.867735228556194,1.))
REPRESENTATION_ITEM('')
);
#90=(
BOUNDED_SURFACE()
B_SPLINE_SURFACE(2,2,((#6434,#6435,#6436,#6437,#6438,#6439,#6440,#6441,
#6442),(#6443,#6444,#6445,#6446,#6447,#6448,#6449,#6450,#6451),(#6452,#6453,
#6454,#6455,#6456,#6457,#6458,#6459,#6460)),.UNSPECIFIED.,.F.,.T.,.F.)
B_SPLINE_SURFACE_WITH_KNOTS((3,3),(3,2,2,2,3),(-1.5707963267949,-0.530458463666125),
(-3.14159265358979,-1.5707963267949,0.,1.5707963267949,3.14159265358979),
 .UNSPECIFIED.)
GEOMETRIC_REPRESENTATION_ITEM()
RATIONAL_B_SPLINE_SURFACE(((1.,0.707106781186548,1.,0.707106781186548,1.,
0.707106781186548,1.,0.707106781186548,1.),(0.867735228556194,0.613581464386544,
0.867735228556194,0.613581464386544,0.867735228556194,0.613581464386544,
0.867735228556194,0.613581464386544,0.867735228556194),(1.,0.707106781186548,
1.,0.707106781186548,1.,0.707106781186548,1.,0.707106781186548,1.)))
REPRESENTATION_ITEM('')
SURFACE()
);
#91=FACE_BOUND('',#1661,.T.);
#92=FACE_BOUND('',#1707,.T.);
#93=FACE_BOUND('',#1713,.T.);
#94=FACE_BOUND('',#1886,.T.);
#95=ELLIPSE('',#4657,2.30344173482951,0.2);
#96=ELLIPSE('',#4658,2.30344173482951,0.2);
#97=ELLIPSE('',#4681,0.200189095836757,0.2);
#98=ELLIPSE('',#4689,2.30344173482951,0.2);
#99=ELLIPSE('',#4692,0.200189095836758,0.2);
#100=ELLIPSE('',#4693,0.200189095836757,0.2);
#101=ELLIPSE('',#4694,2.30344173482951,0.2);
#102=ELLIPSE('',#4696,0.20076396750867,0.2);
#103=ELLIPSE('',#4698,0.200189095836757,0.2);
#104=ELLIPSE('',#4699,2.30350819325746,0.2);
#105=ELLIPSE('',#4703,2.30344173482951,0.2);
#106=ELLIPSE('',#4705,2.30350819325746,0.2);
#107=ELLIPSE('',#4707,2.30344173482951,0.2);
#108=ELLIPSE('',#4708,2.30344173482951,0.2);
#109=ELLIPSE('',#4710,2.30344173482951,0.2);
#110=ELLIPSE('',#4712,0.20076396750867,0.2);
#111=ELLIPSE('',#4713,0.200189095836757,0.2);
#112=ELLIPSE('',#4715,0.200189095836757,0.2);
#113=PLANE('',#4655);
#114=PLANE('',#4682);
#115=PLANE('',#4684);
#116=PLANE('',#4685);
#117=PLANE('',#4688);
#118=PLANE('',#4690);
#119=PLANE('',#4701);
#120=PLANE('',#4702);
#121=PLANE('',#4704);
#122=PLANE('',#4709);
#123=PLANE('',#4717);
#124=PLANE('',#4718);
#125=PLANE('',#4719);
#126=PLANE('',#4720);
#127=PLANE('',#4721);
#128=PLANE('',#4722);
#129=PLANE('',#4724);
#130=PLANE('',#4726);
#131=PLANE('',#4727);
#132=PLANE('',#4728);
#133=PLANE('',#4729);
#134=PLANE('',#4730);
#135=PLANE('',#4734);
#136=PLANE('',#4738);
#137=PLANE('',#4742);
#138=PLANE('',#4746);
#139=PLANE('',#4749);
#140=PLANE('',#4752);
#141=PLANE('',#4755);
#142=PLANE('',#4758);
#143=PLANE('',#4759);
#144=PLANE('',#4760);
#145=PLANE('',#4761);
#146=PLANE('',#4762);
#147=PLANE('',#4763);
#148=PLANE('',#4764);
#149=PLANE('',#4765);
#150=PLANE('',#4766);
#151=PLANE('',#4767);
#152=PLANE('',#4768);
#153=PLANE('',#4771);
#154=PLANE('',#4772);
#155=PLANE('',#4773);
#156=PLANE('',#4777);
#157=PLANE('',#4778);
#158=PLANE('',#4779);
#159=PLANE('',#4780);
#160=PLANE('',#4781);
#161=PLANE('',#4785);
#162=PLANE('',#4788);
#163=PLANE('',#4791);
#164=PLANE('',#4792);
#165=PLANE('',#4793);
#166=PLANE('',#4794);
#167=PLANE('',#4795);
#168=PLANE('',#4796);
#169=PLANE('',#4797);
#170=PLANE('',#4798);
#171=PLANE('',#4799);
#172=PLANE('',#4800);
#173=PLANE('',#4801);
#174=PLANE('',#4805);
#175=PLANE('',#4807);
#176=PLANE('',#4810);
#177=PLANE('',#4814);
#178=PLANE('',#4815);
#179=PLANE('',#4816);
#180=PLANE('',#4817);
#181=PLANE('',#4821);
#182=PLANE('',#4822);
#183=PLANE('',#4823);
#184=PLANE('',#4824);
#185=PLANE('',#4825);
#186=PLANE('',#4826);
#187=PLANE('',#4827);
#188=PLANE('',#4828);
#189=PLANE('',#4829);
#190=PLANE('',#4832);
#191=PLANE('',#4835);
#192=PLANE('',#4836);
#193=PLANE('',#4837);
#194=PLANE('',#4838);
#195=PLANE('',#4840);
#196=PLANE('',#4841);
#197=PLANE('',#4845);
#198=PLANE('',#4848);
#199=PLANE('',#4849);
#200=PLANE('',#4852);
#201=PLANE('',#4853);
#202=PLANE('',#4854);
#203=PLANE('',#4855);
#204=PLANE('',#4856);
#205=PLANE('',#4857);
#206=PLANE('',#4858);
#207=PLANE('',#4859);
#208=PLANE('',#4860);
#209=PLANE('',#4861);
#210=PLANE('',#4862);
#211=PLANE('',#4863);
#212=PLANE('',#4870);
#213=PLANE('',#4874);
#214=PLANE('',#4875);
#215=PLANE('',#4876);
#216=PLANE('',#4880);
#217=PLANE('',#4881);
#218=PLANE('',#4882);
#219=PLANE('',#4883);
#220=PLANE('',#4884);
#221=PLANE('',#4885);
#222=PLANE('',#4886);
#223=PLANE('',#4887);
#224=PLANE('',#4888);
#225=PLANE('',#4891);
#226=PLANE('',#4892);
#227=PLANE('',#4893);
#228=PLANE('',#4896);
#229=PLANE('',#4899);
#230=PLANE('',#4901);
#231=PLANE('',#4902);
#232=PLANE('',#4903);
#233=PLANE('',#4904);
#234=PLANE('',#4908);
#235=PLANE('',#4911);
#236=PLANE('',#4912);
#237=PLANE('',#4913);
#238=PLANE('',#4914);
#239=PLANE('',#4915);
#240=PLANE('',#4916);
#241=PLANE('',#4917);
#242=PLANE('',#4918);
#243=PLANE('',#4919);
#244=PLANE('',#4920);
#245=PLANE('',#4921);
#246=PLANE('',#4925);
#247=PLANE('',#4927);
#248=PLANE('',#4930);
#249=PLANE('',#4934);
#250=PLANE('',#4935);
#251=PLANE('',#4936);
#252=PLANE('',#4937);
#253=PLANE('',#4941);
#254=PLANE('',#4942);
#255=PLANE('',#4943);
#256=PLANE('',#4944);
#257=PLANE('',#4945);
#258=PLANE('',#4946);
#259=PLANE('',#4947);
#260=PLANE('',#4948);
#261=PLANE('',#4949);
#262=PLANE('',#4952);
#263=PLANE('',#4953);
#264=PLANE('',#4956);
#265=PLANE('',#4959);
#266=PLANE('',#4962);
#267=PLANE('',#4964);
#268=PLANE('',#4966);
#269=PLANE('',#4969);
#270=PLANE('',#4970);
#271=PLANE('',#4971);
#272=PLANE('',#4972);
#273=PLANE('',#4973);
#274=PLANE('',#4974);
#275=PLANE('',#4975);
#276=PLANE('',#4976);
#277=PLANE('',#4978);
#278=PLANE('',#4979);
#279=PLANE('',#4980);
#280=PLANE('',#4981);
#281=PLANE('',#4982);
#282=PLANE('',#4983);
#283=PLANE('',#4984);
#284=PLANE('',#4985);
#285=PLANE('',#4986);
#286=PLANE('',#4990);
#287=PLANE('',#4991);
#288=PLANE('',#4992);
#289=PLANE('',#4993);
#290=PLANE('',#4994);
#291=PLANE('',#4995);
#292=PLANE('',#4996);
#293=PLANE('',#4997);
#294=PLANE('',#4998);
#295=LINE('',#6251,#817);
#296=LINE('',#6254,#818);
#297=LINE('',#6261,#819);
#298=LINE('',#6263,#820);
#299=LINE('',#6264,#821);
#300=LINE('',#6267,#822);
#301=LINE('',#6273,#823);
#302=LINE('',#6276,#824);
#303=LINE('',#6281,#825);
#304=LINE('',#6284,#826);
#305=LINE('',#6289,#827);
#306=LINE('',#6292,#828);
#307=LINE('',#6299,#829);
#308=LINE('',#6302,#830);
#309=LINE('',#6308,#831);
#310=LINE('',#6310,#832);
#311=LINE('',#6316,#833);
#312=LINE('',#6319,#834);
#313=LINE('',#6321,#835);
#314=LINE('',#6323,#836);
#315=LINE('',#6325,#837);
#316=LINE('',#6327,#838);
#317=LINE('',#6328,#839);
#318=LINE('',#6330,#840);
#319=LINE('',#6339,#841);
#320=LINE('',#6343,#842);
#321=LINE('',#6345,#843);
#322=LINE('',#6346,#844);
#323=LINE('',#6349,#845);
#324=LINE('',#6351,#846);
#325=LINE('',#6352,#847);
#326=LINE('',#6356,#848);
#327=LINE('',#6363,#849);
#328=LINE('',#6367,#850);
#329=LINE('',#6372,#851);
#330=LINE('',#6375,#852);
#331=LINE('',#6377,#853);
#332=LINE('',#6379,#854);
#333=LINE('',#6380,#855);
#334=LINE('',#6383,#856);
#335=LINE('',#6385,#857);
#336=LINE('',#6395,#858);
#337=LINE('',#6397,#859);
#338=LINE('',#6399,#860);
#339=LINE('',#6410,#861);
#340=LINE('',#6412,#862);
#341=LINE('',#6414,#863);
#342=LINE('',#6415,#864);
#343=LINE('',#6419,#865);
#344=LINE('',#6420,#866);
#345=LINE('',#6421,#867);
#346=LINE('',#6424,#868);
#347=LINE('',#6425,#869);
#348=LINE('',#6428,#870);
#349=LINE('',#6429,#871);
#350=LINE('',#6431,#872);
#351=LINE('',#6432,#873);
#352=LINE('',#6471,#874);
#353=LINE('',#6473,#875);
#354=LINE('',#6475,#876);
#355=LINE('',#6476,#877);
#356=LINE('',#6479,#878);
#357=LINE('',#6481,#879);
#358=LINE('',#6482,#880);
#359=LINE('',#6485,#881);
#360=LINE('',#6487,#882);
#361=LINE('',#6488,#883);
#362=LINE('',#6490,#884);
#363=LINE('',#6491,#885);
#364=LINE('',#6495,#886);
#365=LINE('',#6497,#887);
#366=LINE('',#6499,#888);
#367=LINE('',#6500,#889);
#368=LINE('',#6504,#890);
#369=LINE('',#6510,#891);
#370=LINE('',#6511,#892);
#371=LINE('',#6512,#893);
#372=LINE('',#6516,#894);
#373=LINE('',#6522,#895);
#374=LINE('',#6523,#896);
#375=LINE('',#6524,#897);
#376=LINE('',#6528,#898);
#377=LINE('',#6534,#899);
#378=LINE('',#6535,#900);
#379=LINE('',#6536,#901);
#380=LINE('',#6540,#902);
#381=LINE('',#6546,#903);
#382=LINE('',#6547,#904);
#383=LINE('',#6548,#905);
#384=LINE('',#6551,#906);
#385=LINE('',#6554,#907);
#386=LINE('',#6557,#908);
#387=LINE('',#6558,#909);
#388=LINE('',#6561,#910);
#389=LINE('',#6565,#911);
#390=LINE('',#6566,#912);
#391=LINE('',#6569,#913);
#392=LINE('',#6573,#914);
#393=LINE('',#6574,#915);
#394=LINE('',#6577,#916);
#395=LINE('',#6581,#917);
#396=LINE('',#6582,#918);
#397=LINE('',#6585,#919);
#398=LINE('',#6587,#920);
#399=LINE('',#6588,#921);
#400=LINE('',#6591,#922);
#401=LINE('',#6593,#923);
#402=LINE('',#6595,#924);
#403=LINE('',#6596,#925);
#404=LINE('',#6599,#926);
#405=LINE('',#6601,#927);
#406=LINE('',#6602,#928);
#407=LINE('',#6606,#929);
#408=LINE('',#6607,#930);
#409=LINE('',#6608,#931);
#410=LINE('',#6610,#932);
#411=LINE('',#6612,#933);
#412=LINE('',#6614,#934);
#413=LINE('',#6619,#935);
#414=LINE('',#6621,#936);
#415=LINE('',#6623,#937);
#416=LINE('',#6624,#938);
#417=LINE('',#6628,#939);
#418=LINE('',#6632,#940);
#419=LINE('',#6634,#941);
#420=LINE('',#6636,#942);
#421=LINE('',#6640,#943);
#422=LINE('',#6641,#944);
#423=LINE('',#6644,#945);
#424=LINE('',#6646,#946);
#425=LINE('',#6647,#947);
#426=LINE('',#6651,#948);
#427=LINE('',#6653,#949);
#428=LINE('',#6655,#950);
#429=LINE('',#6656,#951);
#430=LINE('',#6659,#952);
#431=LINE('',#6661,#953);
#432=LINE('',#6665,#954);
#433=LINE('',#6667,#955);
#434=LINE('',#6669,#956);
#435=LINE('',#6672,#957);
#436=LINE('',#6673,#958);
#437=LINE('',#6676,#959);
#438=LINE('',#6678,#960);
#439=LINE('',#6679,#961);
#440=LINE('',#6681,#962);
#441=LINE('',#6683,#963);
#442=LINE('',#6686,#964);
#443=LINE('',#6688,#965);
#444=LINE('',#6689,#966);
#445=LINE('',#6692,#967);
#446=LINE('',#6696,#968);
#447=LINE('',#6697,#969);
#448=LINE('',#6699,#970);
#449=LINE('',#6701,#971);
#450=LINE('',#6703,#972);
#451=LINE('',#6706,#973);
#452=LINE('',#6707,#974);
#453=LINE('',#6710,#975);
#454=LINE('',#6711,#976);
#455=LINE('',#6715,#977);
#456=LINE('',#6718,#978);
#457=LINE('',#6720,#979);
#458=LINE('',#6721,#980);
#459=LINE('',#6723,#981);
#460=LINE('',#6725,#982);
#461=LINE('',#6728,#983);
#462=LINE('',#6730,#984);
#463=LINE('',#6732,#985);
#464=LINE('',#6734,#986);
#465=LINE('',#6741,#987);
#466=LINE('',#6743,#988);
#467=LINE('',#6745,#989);
#468=LINE('',#6746,#990);
#469=LINE('',#6750,#991);
#470=LINE('',#6752,#992);
#471=LINE('',#6754,#993);
#472=LINE('',#6755,#994);
#473=LINE('',#6759,#995);
#474=LINE('',#6760,#996);
#475=LINE('',#6761,#997);
#476=LINE('',#6765,#998);
#477=LINE('',#6766,#999);
#478=LINE('',#6767,#1000);
#479=LINE('',#6771,#1001);
#480=LINE('',#6772,#1002);
#481=LINE('',#6773,#1003);
#482=LINE('',#6778,#1004);
#483=LINE('',#6783,#1005);
#484=LINE('',#6785,#1006);
#485=LINE('',#6788,#1007);
#486=LINE('',#6789,#1008);
#487=LINE('',#6790,#1009);
#488=LINE('',#6794,#1010);
#489=LINE('',#6796,#1011);
#490=LINE('',#6798,#1012);
#491=LINE('',#6800,#1013);
#492=LINE('',#6802,#1014);
#493=LINE('',#6803,#1015);
#494=LINE('',#6804,#1016);
#495=LINE('',#6809,#1017);
#496=LINE('',#6811,#1018);
#497=LINE('',#6813,#1019);
#498=LINE('',#6815,#1020);
#499=LINE('',#6817,#1021);
#500=LINE('',#6818,#1022);
#501=LINE('',#6824,#1023);
#502=LINE('',#6827,#1024);
#503=LINE('',#6828,#1025);
#504=LINE('',#6832,#1026);
#505=LINE('',#6834,#1027);
#506=LINE('',#6836,#1028);
#507=LINE('',#6837,#1029);
#508=LINE('',#6839,#1030);
#509=LINE('',#6840,#1031);
#510=LINE('',#6843,#1032);
#511=LINE('',#6845,#1033);
#512=LINE('',#6846,#1034);
#513=LINE('',#6851,#1035);
#514=LINE('',#6852,#1036);
#515=LINE('',#6854,#1037);
#516=LINE('',#6857,#1038);
#517=LINE('',#6863,#1039);
#518=LINE('',#6865,#1040);
#519=LINE('',#6867,#1041);
#520=LINE('',#6868,#1042);
#521=LINE('',#6872,#1043);
#522=LINE('',#6874,#1044);
#523=LINE('',#6876,#1045);
#524=LINE('',#6877,#1046);
#525=LINE('',#6880,#1047);
#526=LINE('',#6882,#1048);
#527=LINE('',#6886,#1049);
#528=LINE('',#6888,#1050);
#529=LINE('',#6890,#1051);
#530=LINE('',#6895,#1052);
#531=LINE('',#6899,#1053);
#532=LINE('',#6901,#1054);
#533=LINE('',#6903,#1055);
#534=LINE('',#6907,#1056);
#535=LINE('',#6908,#1057);
#536=LINE('',#6911,#1058);
#537=LINE('',#6913,#1059);
#538=LINE('',#6914,#1060);
#539=LINE('',#6916,#1061);
#540=LINE('',#6917,#1062);
#541=LINE('',#6919,#1063);
#542=LINE('',#6921,#1064);
#543=LINE('',#6923,#1065);
#544=LINE('',#6926,#1066);
#545=LINE('',#6928,#1067);
#546=LINE('',#6929,#1068);
#547=LINE('',#6932,#1069);
#548=LINE('',#6936,#1070);
#549=LINE('',#6937,#1071);
#550=LINE('',#6939,#1072);
#551=LINE('',#6941,#1073);
#552=LINE('',#6943,#1074);
#553=LINE('',#6946,#1075);
#554=LINE('',#6948,#1076);
#555=LINE('',#6951,#1077);
#556=LINE('',#6952,#1078);
#557=LINE('',#6957,#1079);
#558=LINE('',#6958,#1080);
#559=LINE('',#6960,#1081);
#560=LINE('',#6963,#1082);
#561=LINE('',#6965,#1083);
#562=LINE('',#6966,#1084);
#563=LINE('',#6968,#1085);
#564=LINE('',#6970,#1086);
#565=LINE('',#6973,#1087);
#566=LINE('',#6975,#1088);
#567=LINE('',#6977,#1089);
#568=LINE('',#6979,#1090);
#569=LINE('',#6985,#1091);
#570=LINE('',#6987,#1092);
#571=LINE('',#6989,#1093);
#572=LINE('',#6990,#1094);
#573=LINE('',#6993,#1095);
#574=LINE('',#6995,#1096);
#575=LINE('',#6996,#1097);
#576=LINE('',#7000,#1098);
#577=LINE('',#7002,#1099);
#578=LINE('',#7004,#1100);
#579=LINE('',#7005,#1101);
#580=LINE('',#7009,#1102);
#581=LINE('',#7011,#1103);
#582=LINE('',#7013,#1104);
#583=LINE('',#7014,#1105);
#584=LINE('',#7018,#1106);
#585=LINE('',#7019,#1107);
#586=LINE('',#7020,#1108);
#587=LINE('',#7024,#1109);
#588=LINE('',#7025,#1110);
#589=LINE('',#7026,#1111);
#590=LINE('',#7030,#1112);
#591=LINE('',#7031,#1113);
#592=LINE('',#7032,#1114);
#593=LINE('',#7037,#1115);
#594=LINE('',#7043,#1116);
#595=LINE('',#7048,#1117);
#596=LINE('',#7049,#1118);
#597=LINE('',#7051,#1119);
#598=LINE('',#7053,#1120);
#599=LINE('',#7055,#1121);
#600=LINE('',#7057,#1122);
#601=LINE('',#7058,#1123);
#602=LINE('',#7064,#1124);
#603=LINE('',#7066,#1125);
#604=LINE('',#7067,#1126);
#605=LINE('',#7068,#1127);
#606=LINE('',#7071,#1128);
#607=LINE('',#7072,#1129);
#608=LINE('',#7076,#1130);
#609=LINE('',#7078,#1131);
#610=LINE('',#7080,#1132);
#611=LINE('',#7082,#1133);
#612=LINE('',#7083,#1134);
#613=LINE('',#7084,#1135);
#614=LINE('',#7089,#1136);
#615=LINE('',#7092,#1137);
#616=LINE('',#7093,#1138);
#617=LINE('',#7095,#1139);
#618=LINE('',#7096,#1140);
#619=LINE('',#7098,#1141);
#620=LINE('',#7101,#1142);
#621=LINE('',#7107,#1143);
#622=LINE('',#7109,#1144);
#623=LINE('',#7111,#1145);
#624=LINE('',#7112,#1146);
#625=LINE('',#7116,#1147);
#626=LINE('',#7120,#1148);
#627=LINE('',#7122,#1149);
#628=LINE('',#7124,#1150);
#629=LINE('',#7128,#1151);
#630=LINE('',#7129,#1152);
#631=LINE('',#7132,#1153);
#632=LINE('',#7134,#1154);
#633=LINE('',#7135,#1155);
#634=LINE('',#7139,#1156);
#635=LINE('',#7141,#1157);
#636=LINE('',#7143,#1158);
#637=LINE('',#7144,#1159);
#638=LINE('',#7147,#1160);
#639=LINE('',#7151,#1161);
#640=LINE('',#7153,#1162);
#641=LINE('',#7155,#1163);
#642=LINE('',#7158,#1164);
#643=LINE('',#7161,#1165);
#644=LINE('',#7165,#1166);
#645=LINE('',#7167,#1167);
#646=LINE('',#7168,#1168);
#647=LINE('',#7170,#1169);
#648=LINE('',#7172,#1170);
#649=LINE('',#7174,#1171);
#650=LINE('',#7177,#1172);
#651=LINE('',#7180,#1173);
#652=LINE('',#7181,#1174);
#653=LINE('',#7182,#1175);
#654=LINE('',#7184,#1176);
#655=LINE('',#7186,#1177);
#656=LINE('',#7188,#1178);
#657=LINE('',#7191,#1179);
#658=LINE('',#7192,#1180);
#659=LINE('',#7195,#1181);
#660=LINE('',#7199,#1182);
#661=LINE('',#7200,#1183);
#662=LINE('',#7202,#1184);
#663=LINE('',#7204,#1185);
#664=LINE('',#7206,#1186);
#665=LINE('',#7209,#1187);
#666=LINE('',#7210,#1188);
#667=LINE('',#7212,#1189);
#668=LINE('',#7214,#1190);
#669=LINE('',#7216,#1191);
#670=LINE('',#7218,#1192);
#671=LINE('',#7220,#1193);
#672=LINE('',#7222,#1194);
#673=LINE('',#7229,#1195);
#674=LINE('',#7231,#1196);
#675=LINE('',#7233,#1197);
#676=LINE('',#7234,#1198);
#677=LINE('',#7238,#1199);
#678=LINE('',#7240,#1200);
#679=LINE('',#7242,#1201);
#680=LINE('',#7243,#1202);
#681=LINE('',#7247,#1203);
#682=LINE('',#7248,#1204);
#683=LINE('',#7249,#1205);
#684=LINE('',#7253,#1206);
#685=LINE('',#7254,#1207);
#686=LINE('',#7255,#1208);
#687=LINE('',#7259,#1209);
#688=LINE('',#7260,#1210);
#689=LINE('',#7261,#1211);
#690=LINE('',#7266,#1212);
#691=LINE('',#7271,#1213);
#692=LINE('',#7273,#1214);
#693=LINE('',#7276,#1215);
#694=LINE('',#7277,#1216);
#695=LINE('',#7278,#1217);
#696=LINE('',#7282,#1218);
#697=LINE('',#7284,#1219);
#698=LINE('',#7286,#1220);
#699=LINE('',#7288,#1221);
#700=LINE('',#7290,#1222);
#701=LINE('',#7291,#1223);
#702=LINE('',#7292,#1224);
#703=LINE('',#7297,#1225);
#704=LINE('',#7299,#1226);
#705=LINE('',#7301,#1227);
#706=LINE('',#7303,#1228);
#707=LINE('',#7305,#1229);
#708=LINE('',#7306,#1230);
#709=LINE('',#7312,#1231);
#710=LINE('',#7315,#1232);
#711=LINE('',#7316,#1233);
#712=LINE('',#7320,#1234);
#713=LINE('',#7322,#1235);
#714=LINE('',#7324,#1236);
#715=LINE('',#7325,#1237);
#716=LINE('',#7327,#1238);
#717=LINE('',#7328,#1239);
#718=LINE('',#7331,#1240);
#719=LINE('',#7333,#1241);
#720=LINE('',#7334,#1242);
#721=LINE('',#7339,#1243);
#722=LINE('',#7340,#1244);
#723=LINE('',#7342,#1245);
#724=LINE('',#7345,#1246);
#725=LINE('',#7351,#1247);
#726=LINE('',#7353,#1248);
#727=LINE('',#7355,#1249);
#728=LINE('',#7356,#1250);
#729=LINE('',#7360,#1251);
#730=LINE('',#7362,#1252);
#731=LINE('',#7364,#1253);
#732=LINE('',#7365,#1254);
#733=LINE('',#7368,#1255);
#734=LINE('',#7372,#1256);
#735=LINE('',#7374,#1257);
#736=LINE('',#7376,#1258);
#737=LINE('',#7379,#1259);
#738=LINE('',#7383,#1260);
#739=LINE('',#7385,#1261);
#740=LINE('',#7387,#1262);
#741=LINE('',#7388,#1263);
#742=LINE('',#7391,#1264);
#743=LINE('',#7395,#1265);
#744=LINE('',#7397,#1266);
#745=LINE('',#7399,#1267);
#746=LINE('',#7402,#1268);
#747=LINE('',#7405,#1269);
#748=LINE('',#7409,#1270);
#749=LINE('',#7411,#1271);
#750=LINE('',#7412,#1272);
#751=LINE('',#7414,#1273);
#752=LINE('',#7416,#1274);
#753=LINE('',#7418,#1275);
#754=LINE('',#7421,#1276);
#755=LINE('',#7424,#1277);
#756=LINE('',#7428,#1278);
#757=LINE('',#7430,#1279);
#758=LINE('',#7431,#1280);
#759=LINE('',#7433,#1281);
#760=LINE('',#7435,#1282);
#761=LINE('',#7437,#1283);
#762=LINE('',#7440,#1284);
#763=LINE('',#7442,#1285);
#764=LINE('',#7443,#1286);
#765=LINE('',#7445,#1287);
#766=LINE('',#7447,#1288);
#767=LINE('',#7449,#1289);
#768=LINE('',#7450,#1290);
#769=LINE('',#7452,#1291);
#770=LINE('',#7454,#1292);
#771=LINE('',#7456,#1293);
#772=LINE('',#7458,#1294);
#773=LINE('',#7460,#1295);
#774=LINE('',#7462,#1296);
#775=LINE('',#7464,#1297);
#776=LINE('',#7468,#1298);
#777=LINE('',#7486,#1299);
#778=LINE('',#7492,#1300);
#779=LINE('',#7511,#1301);
#780=LINE('',#7530,#1302);
#781=LINE('',#7533,#1303);
#782=LINE('',#7535,#1304);
#783=LINE('',#7536,#1305);
#784=LINE('',#7555,#1306);
#785=LINE('',#7557,#1307);
#786=LINE('',#7558,#1308);
#787=LINE('',#7564,#1309);
#788=LINE('',#7566,#1310);
#789=LINE('',#7568,#1311);
#790=LINE('',#7569,#1312);
#791=LINE('',#7588,#1313);
#792=LINE('',#7591,#1314);
#793=LINE('',#7593,#1315);
#794=LINE('',#7594,#1316);
#795=LINE('',#7597,#1317);
#796=LINE('',#7599,#1318);
#797=LINE('',#7600,#1319);
#798=LINE('',#7619,#1320);
#799=LINE('',#7660,#1321);
#800=LINE('',#7666,#1322);
#801=LINE('',#7669,#1323);
#802=LINE('',#7671,#1324);
#803=LINE('',#7672,#1325);
#804=LINE('',#7675,#1326);
#805=LINE('',#7677,#1327);
#806=LINE('',#7678,#1328);
#807=LINE('',#7681,#1329);
#808=LINE('',#7683,#1330);
#809=LINE('',#7684,#1331);
#810=LINE('',#7687,#1332);
#811=LINE('',#7689,#1333);
#812=LINE('',#7690,#1334);
#813=LINE('',#7709,#1335);
#814=LINE('',#7712,#1336);
#815=LINE('',#7714,#1337);
#816=LINE('',#7715,#1338);
#817=VECTOR('',#5015,9.39459029277866);
#818=VECTOR('',#5018,9.39459029277867);
#819=VECTOR('',#5027,2.22818730278423);
#820=VECTOR('',#5028,9.7815221207633);
#821=VECTOR('',#5029,2.22818730278422);
#822=VECTOR('',#5032,2.22818730278422);
#823=VECTOR('',#5039,1.32130519132298);
#824=VECTOR('',#5042,1.32130519132298);
#825=VECTOR('',#5047,7.39663709380726);
#826=VECTOR('',#5050,7.39663709380726);
#827=VECTOR('',#5055,9.23866701102771);
#828=VECTOR('',#5058,9.23866701102771);
#829=VECTOR('',#5067,7.39663709380726);
#830=VECTOR('',#5070,7.39663709380726);
#831=VECTOR('',#5079,9.23866701102771);
#832=VECTOR('',#5082,9.23866701102771);
#833=VECTOR('',#5091,1.30359714808627);
#834=VECTOR('',#5094,1.31229598280486);
#835=VECTOR('',#5097,1.32130519132298);
#836=VECTOR('',#5098,2.22818730278422);
#837=VECTOR('',#5099,8.56148657566948);
#838=VECTOR('',#5100,1.31612308656077);
#839=VECTOR('',#5101,0.504455227275629);
#840=VECTOR('',#5104,1.32130519132298);
#841=VECTOR('',#5115,8.56148657566948);
#842=VECTOR('',#5118,1.28984203281526);
#843=VECTOR('',#5119,8.64982761054734);
#844=VECTOR('',#5120,0.619036621632076);
#845=VECTOR('',#5123,1.30359714808632);
#846=VECTOR('',#5124,0.504455227275575);
#847=VECTOR('',#5125,1.31612308656077);
#848=VECTOR('',#5128,1.31612308656078);
#849=VECTOR('',#5137,1.26364521441453);
#850=VECTOR('',#5142,0.521919857094602);
#851=VECTOR('',#5149,1.31229598280486);
#852=VECTOR('',#5152,9.55145103057566);
#853=VECTOR('',#5153,1.31612308656077);
#854=VECTOR('',#5154,1.26364521441454);
#855=VECTOR('',#5155,9.78);
#856=VECTOR('',#5158,9.46351287628934);
#857=VECTOR('',#5159,0.521919857094601);
#858=VECTOR('',#5174,0.619036621632084);
#859=VECTOR('',#5175,8.64982761054734);
#860=VECTOR('',#5176,1.28984203281526);
#861=VECTOR('',#5193,7.223);
#862=VECTOR('',#5194,4.8);
#863=VECTOR('',#5195,7.223);
#864=VECTOR('',#5196,4.8);
#865=VECTOR('',#5199,7.223);
#866=VECTOR('',#5200,0.00199999999999999);
#867=VECTOR('',#5201,0.00199999999999999);
#868=VECTOR('',#5204,4.8);
#869=VECTOR('',#5205,0.00199999999999999);
#870=VECTOR('',#5208,4.8);
#871=VECTOR('',#5209,0.00199999999999999);
#872=VECTOR('',#5212,1.4785);
#873=VECTOR('',#5213,1.4785);
#874=VECTOR('',#5224,0.941098293646596);
#875=VECTOR('',#5225,1.285);
#876=VECTOR('',#5226,0.941098293646596);
#877=VECTOR('',#5227,1.285);
#878=VECTOR('',#5230,3.36955023433428);
#879=VECTOR('',#5231,3.36955023433428);
#880=VECTOR('',#5232,1.285);
#881=VECTOR('',#5235,0.941098293646596);
#882=VECTOR('',#5236,0.941098293646596);
#883=VECTOR('',#5237,1.285);
#884=VECTOR('',#5240,3.36955023433428);
#885=VECTOR('',#5241,3.36955023433428);
#886=VECTOR('',#5244,0.14142135623731);
#887=VECTOR('',#5245,0.585074127605831);
#888=VECTOR('',#5246,0.14142135623731);
#889=VECTOR('',#5247,0.585074127605831);
#890=VECTOR('',#5250,0.141421356237309);
#891=VECTOR('',#5257,0.14142135623731);
#892=VECTOR('',#5258,0.955867304233232);
#893=VECTOR('',#5259,0.955867304233232);
#894=VECTOR('',#5262,0.141421356237309);
#895=VECTOR('',#5269,0.14142135623731);
#896=VECTOR('',#5270,7.37155709552303);
#897=VECTOR('',#5271,7.37155709552303);
#898=VECTOR('',#5274,0.14142135623731);
#899=VECTOR('',#5281,0.14142135623731);
#900=VECTOR('',#5282,0.955867304233233);
#901=VECTOR('',#5283,0.955867304233232);
#902=VECTOR('',#5286,0.141421356237309);
#903=VECTOR('',#5293,0.14142135623731);
#904=VECTOR('',#5294,0.58507412760583);
#905=VECTOR('',#5295,0.58507412760583);
#906=VECTOR('',#5298,1.185);
#907=VECTOR('',#5301,1.185);
#908=VECTOR('',#5304,1.185);
#909=VECTOR('',#5305,0.955867304233232);
#910=VECTOR('',#5308,1.185);
#911=VECTOR('',#5313,1.185);
#912=VECTOR('',#5314,7.37155709552303);
#913=VECTOR('',#5317,1.185);
#914=VECTOR('',#5322,1.185);
#915=VECTOR('',#5323,0.955867304233232);
#916=VECTOR('',#5326,1.185);
#917=VECTOR('',#5331,1.185);
#918=VECTOR('',#5332,0.585074127605831);
#919=VECTOR('',#5335,1.3785);
#920=VECTOR('',#5336,1.285);
#921=VECTOR('',#5337,1.4785);
#922=VECTOR('',#5340,1.3785);
#923=VECTOR('',#5341,4.8);
#924=VECTOR('',#5342,7.223);
#925=VECTOR('',#5343,4.8);
#926=VECTOR('',#5346,1.185);
#927=VECTOR('',#5347,1.4785);
#928=VECTOR('',#5348,1.285);
#929=VECTOR('',#5351,7.223);
#930=VECTOR('',#5352,1.285);
#931=VECTOR('',#5353,1.285);
#932=VECTOR('',#5356,4.8);
#933=VECTOR('',#5359,4.8);
#934=VECTOR('',#5362,0.58507412760583);
#935=VECTOR('',#5367,0.8);
#936=VECTOR('',#5368,0.490022111222644);
#937=VECTOR('',#5369,0.8);
#938=VECTOR('',#5370,0.490022111222644);
#939=VECTOR('',#5373,1.82562766153713);
#940=VECTOR('',#5376,0.736743190234934);
#941=VECTOR('',#5377,0.491179809091714);
#942=VECTOR('',#5378,1.28370877514871);
#943=VECTOR('',#5381,2.512);
#944=VECTOR('',#5382,0.490000000000001);
#945=VECTOR('',#5385,0.1);
#946=VECTOR('',#5386,0.491179809091714);
#947=VECTOR('',#5387,0.1);
#948=VECTOR('',#5390,0.1);
#949=VECTOR('',#5391,0.491179809087992);
#950=VECTOR('',#5392,0.1);
#951=VECTOR('',#5393,0.491179809091714);
#952=VECTOR('',#5396,1.28370877514871);
#953=VECTOR('',#5397,0.736743190234934);
#954=VECTOR('',#5400,1.82562766153713);
#955=VECTOR('',#5401,0.490000000000001);
#956=VECTOR('',#5402,2.512);
#957=VECTOR('',#5407,0.6);
#958=VECTOR('',#5408,0.6);
#959=VECTOR('',#5411,0.448128681684609);
#960=VECTOR('',#5412,0.8);
#961=VECTOR('',#5413,0.448128681684609);
#962=VECTOR('',#5416,0.6);
#963=VECTOR('',#5419,0.6);
#964=VECTOR('',#5422,0.395980816826588);
#965=VECTOR('',#5423,0.8);
#966=VECTOR('',#5424,0.395980816826588);
#967=VECTOR('',#5427,0.972223319855055);
#968=VECTOR('',#5430,2.52476870400295);
#969=VECTOR('',#5431,2.4467130708139E-5);
#970=VECTOR('',#5432,0.395980816826589);
#971=VECTOR('',#5433,2.4467130708139E-5);
#972=VECTOR('',#5434,2.03476870400419);
#973=VECTOR('',#5439,0.6);
#974=VECTOR('',#5440,0.6);
#975=VECTOR('',#5443,0.972223319854797);
#976=VECTOR('',#5444,0.8);
#977=VECTOR('',#5449,0.8);
#978=VECTOR('',#5452,2.03476870400419);
#979=VECTOR('',#5453,2.4467130708139E-5);
#980=VECTOR('',#5454,0.395980816826589);
#981=VECTOR('',#5455,2.4467130708139E-5);
#982=VECTOR('',#5456,2.52476870400295);
#983=VECTOR('',#5461,0.8);
#984=VECTOR('',#5464,0.8);
#985=VECTOR('',#5467,0.8);
#986=VECTOR('',#5470,0.8);
#987=VECTOR('',#5479,0.8);
#988=VECTOR('',#5480,2.4467130708139E-5);
#989=VECTOR('',#5481,0.8);
#990=VECTOR('',#5482,2.4467130708139E-5);
#991=VECTOR('',#5485,0.8);
#992=VECTOR('',#5486,2.03476870400419);
#993=VECTOR('',#5487,0.8);
#994=VECTOR('',#5488,2.03476870400419);
#995=VECTOR('',#5491,0.8);
#996=VECTOR('',#5492,2.52476870400295);
#997=VECTOR('',#5493,2.52476870400295);
#998=VECTOR('',#5496,0.8);
#999=VECTOR('',#5497,2.4467130708139E-5);
#1000=VECTOR('',#5498,2.4467130708139E-5);
#1001=VECTOR('',#5501,0.800000000000001);
#1002=VECTOR('',#5502,0.395980816826593);
#1003=VECTOR('',#5503,0.395980816826593);
#1004=VECTOR('',#5508,0.8);
#1005=VECTOR('',#5513,0.491179809087992);
#1006=VECTOR('',#5514,0.448128681684609);
#1007=VECTOR('',#5517,0.490022111222644);
#1008=VECTOR('',#5518,0.395980816826593);
#1009=VECTOR('',#5519,0.972223319854797);
#1010=VECTOR('',#5522,1.28370877514871);
#1011=VECTOR('',#5523,0.6);
#1012=VECTOR('',#5524,1.28370877514871);
#1013=VECTOR('',#5525,0.1);
#1014=VECTOR('',#5526,0.448128681684609);
#1015=VECTOR('',#5527,0.8);
#1016=VECTOR('',#5528,0.1);
#1017=VECTOR('',#5535,0.1);
#1018=VECTOR('',#5536,0.972223319855055);
#1019=VECTOR('',#5537,0.1);
#1020=VECTOR('',#5538,0.736743190234934);
#1021=VECTOR('',#5539,0.600000000000001);
#1022=VECTOR('',#5540,0.736743190234934);
#1023=VECTOR('',#5547,0.600000000000001);
#1024=VECTOR('',#5550,0.800000000000001);
#1025=VECTOR('',#5551,0.395980816826593);
#1026=VECTOR('',#5554,0.490000000000001);
#1027=VECTOR('',#5555,0.600000000000001);
#1028=VECTOR('',#5556,0.490000000000001);
#1029=VECTOR('',#5557,0.600000000000001);
#1030=VECTOR('',#5560,1.82562766153713);
#1031=VECTOR('',#5561,1.82562766153713);
#1032=VECTOR('',#5564,2.512);
#1033=VECTOR('',#5565,2.512);
#1034=VECTOR('',#5566,0.600000000000001);
#1035=VECTOR('',#5575,0.491179809091714);
#1036=VECTOR('',#5576,0.490022111222644);
#1037=VECTOR('',#5579,0.491179809091714);
#1038=VECTOR('',#5584,0.491179809091714);
#1039=VECTOR('',#5591,0.800000000000001);
#1040=VECTOR('',#5592,0.490022111222644);
#1041=VECTOR('',#5593,0.800000000000001);
#1042=VECTOR('',#5594,0.490022111222644);
#1043=VECTOR('',#5597,0.1);
#1044=VECTOR('',#5598,0.491179809087992);
#1045=VECTOR('',#5599,0.1);
#1046=VECTOR('',#5600,0.491179809091713);
#1047=VECTOR('',#5603,1.28370877514871);
#1048=VECTOR('',#5604,0.736743190234934);
#1049=VECTOR('',#5607,1.82562766153712);
#1050=VECTOR('',#5608,0.490000000000001);
#1051=VECTOR('',#5609,2.512);
#1052=VECTOR('',#5614,1.82562766153712);
#1053=VECTOR('',#5617,0.736743190234934);
#1054=VECTOR('',#5618,0.491179809091713);
#1055=VECTOR('',#5619,1.28370877514871);
#1056=VECTOR('',#5622,2.512);
#1057=VECTOR('',#5623,0.490000000000001);
#1058=VECTOR('',#5626,0.1);
#1059=VECTOR('',#5627,0.491179809091714);
#1060=VECTOR('',#5628,0.1);
#1061=VECTOR('',#5631,0.600000000000001);
#1062=VECTOR('',#5632,0.600000000000001);
#1063=VECTOR('',#5635,0.600000000000001);
#1064=VECTOR('',#5638,0.600000000000001);
#1065=VECTOR('',#5641,0.6);
#1066=VECTOR('',#5644,0.395980816826569);
#1067=VECTOR('',#5645,0.8);
#1068=VECTOR('',#5646,0.395980816826569);
#1069=VECTOR('',#5649,0.972223319855055);
#1070=VECTOR('',#5652,2.52476870400295);
#1071=VECTOR('',#5653,2.4467130708139E-5);
#1072=VECTOR('',#5654,0.39598081682657);
#1073=VECTOR('',#5655,2.4467130708139E-5);
#1074=VECTOR('',#5656,2.03476870400419);
#1075=VECTOR('',#5659,0.448128681684609);
#1076=VECTOR('',#5662,0.600000000000001);
#1077=VECTOR('',#5665,0.972223319854797);
#1078=VECTOR('',#5666,0.8);
#1079=VECTOR('',#5671,0.8);
#1080=VECTOR('',#5672,0.8);
#1081=VECTOR('',#5675,0.448128681684609);
#1082=VECTOR('',#5678,2.03476870400419);
#1083=VECTOR('',#5679,2.4467130708139E-5);
#1084=VECTOR('',#5680,0.39598081682657);
#1085=VECTOR('',#5681,2.4467130708139E-5);
#1086=VECTOR('',#5682,2.52476870400295);
#1087=VECTOR('',#5687,0.8);
#1088=VECTOR('',#5690,0.8);
#1089=VECTOR('',#5693,0.8);
#1090=VECTOR('',#5696,0.8);
#1091=VECTOR('',#5703,0.490000000000001);
#1092=VECTOR('',#5704,0.6);
#1093=VECTOR('',#5705,0.490000000000001);
#1094=VECTOR('',#5706,0.6);
#1095=VECTOR('',#5709,1.82562766153713);
#1096=VECTOR('',#5710,0.6);
#1097=VECTOR('',#5711,1.82562766153713);
#1098=VECTOR('',#5714,0.8);
#1099=VECTOR('',#5715,2.4467130708139E-5);
#1100=VECTOR('',#5716,0.8);
#1101=VECTOR('',#5717,2.4467130708139E-5);
#1102=VECTOR('',#5720,0.8);
#1103=VECTOR('',#5721,2.03476870400419);
#1104=VECTOR('',#5722,0.8);
#1105=VECTOR('',#5723,2.03476870400419);
#1106=VECTOR('',#5726,0.8);
#1107=VECTOR('',#5727,2.52476870400295);
#1108=VECTOR('',#5728,2.52476870400295);
#1109=VECTOR('',#5731,0.8);
#1110=VECTOR('',#5732,2.4467130708139E-5);
#1111=VECTOR('',#5733,2.4467130708139E-5);
#1112=VECTOR('',#5736,0.8);
#1113=VECTOR('',#5737,0.395980816826584);
#1114=VECTOR('',#5738,0.395980816826584);
#1115=VECTOR('',#5743,0.8);
#1116=VECTOR('',#5750,0.8);
#1117=VECTOR('',#5755,0.1);
#1118=VECTOR('',#5756,0.972223319854797);
#1119=VECTOR('',#5757,0.972223319855055);
#1120=VECTOR('',#5758,0.1);
#1121=VECTOR('',#5759,0.736743190234934);
#1122=VECTOR('',#5760,0.6);
#1123=VECTOR('',#5761,0.736743190234934);
#1124=VECTOR('',#5770,0.491179809091714);
#1125=VECTOR('',#5771,0.395980816826583);
#1126=VECTOR('',#5772,0.490022111222644);
#1127=VECTOR('',#5773,0.448128681684609);
#1128=VECTOR('',#5776,0.8);
#1129=VECTOR('',#5777,0.395980816826583);
#1130=VECTOR('',#5780,0.1);
#1131=VECTOR('',#5781,1.28370877514871);
#1132=VECTOR('',#5782,0.6);
#1133=VECTOR('',#5783,1.28370877514871);
#1134=VECTOR('',#5784,0.1);
#1135=VECTOR('',#5785,0.448128681684609);
#1136=VECTOR('',#5790,0.6);
#1137=VECTOR('',#5795,2.512);
#1138=VECTOR('',#5796,2.512);
#1139=VECTOR('',#5799,0.491179809087992);
#1140=VECTOR('',#5800,0.490022111222644);
#1141=VECTOR('',#5803,0.491179809091714);
#1142=VECTOR('',#5808,0.491179809091714);
#1143=VECTOR('',#5815,0.490022111222644);
#1144=VECTOR('',#5816,0.800000000000001);
#1145=VECTOR('',#5817,0.490022111222644);
#1146=VECTOR('',#5818,0.800000000000001);
#1147=VECTOR('',#5821,1.82562766153712);
#1148=VECTOR('',#5824,0.736743190234934);
#1149=VECTOR('',#5825,0.491179809091713);
#1150=VECTOR('',#5826,1.28370877514871);
#1151=VECTOR('',#5829,2.512);
#1152=VECTOR('',#5830,0.490000000000001);
#1153=VECTOR('',#5833,0.1);
#1154=VECTOR('',#5834,0.491179809091714);
#1155=VECTOR('',#5835,0.1);
#1156=VECTOR('',#5838,0.1);
#1157=VECTOR('',#5839,0.491179809091713);
#1158=VECTOR('',#5840,0.1);
#1159=VECTOR('',#5841,0.491179809087992);
#1160=VECTOR('',#5844,0.736743190234934);
#1161=VECTOR('',#5847,1.82562766153712);
#1162=VECTOR('',#5848,0.490000000000001);
#1163=VECTOR('',#5849,2.512);
#1164=VECTOR('',#5852,1.28370877514871);
#1165=VECTOR('',#5855,0.448128681684609);
#1166=VECTOR('',#5858,2.03476870400419);
#1167=VECTOR('',#5859,2.4467130708139E-5);
#1168=VECTOR('',#5860,0.395980816826566);
#1169=VECTOR('',#5861,0.395980816826564);
#1170=VECTOR('',#5862,2.4467130708139E-5);
#1171=VECTOR('',#5863,2.52476870400295);
#1172=VECTOR('',#5866,0.972223319854797);
#1173=VECTOR('',#5869,0.448128681684609);
#1174=VECTOR('',#5870,0.8);
#1175=VECTOR('',#5871,0.6);
#1176=VECTOR('',#5874,0.600000000000001);
#1177=VECTOR('',#5877,0.600000000000001);
#1178=VECTOR('',#5880,0.600000000000001);
#1179=VECTOR('',#5883,0.395980816826564);
#1180=VECTOR('',#5884,0.8);
#1181=VECTOR('',#5887,0.972223319855055);
#1182=VECTOR('',#5890,2.52476870400295);
#1183=VECTOR('',#5891,2.4467130708139E-5);
#1184=VECTOR('',#5892,0.395980816826566);
#1185=VECTOR('',#5893,2.4467130708139E-5);
#1186=VECTOR('',#5894,2.03476870400419);
#1187=VECTOR('',#5899,0.600000000000001);
#1188=VECTOR('',#5900,0.600000000000001);
#1189=VECTOR('',#5903,0.8);
#1190=VECTOR('',#5906,0.8);
#1191=VECTOR('',#5909,0.8);
#1192=VECTOR('',#5912,0.8);
#1193=VECTOR('',#5915,0.8);
#1194=VECTOR('',#5918,0.8);
#1195=VECTOR('',#5927,0.8);
#1196=VECTOR('',#5928,2.4467130708139E-5);
#1197=VECTOR('',#5929,0.8);
#1198=VECTOR('',#5930,2.4467130708139E-5);
#1199=VECTOR('',#5933,0.8);
#1200=VECTOR('',#5934,2.03476870400419);
#1201=VECTOR('',#5935,0.8);
#1202=VECTOR('',#5936,2.03476870400419);
#1203=VECTOR('',#5939,0.8);
#1204=VECTOR('',#5940,2.52476870400295);
#1205=VECTOR('',#5941,2.52476870400295);
#1206=VECTOR('',#5944,0.8);
#1207=VECTOR('',#5945,2.4467130708139E-5);
#1208=VECTOR('',#5946,2.4467130708139E-5);
#1209=VECTOR('',#5949,0.800000000000001);
#1210=VECTOR('',#5950,0.395980816826574);
#1211=VECTOR('',#5951,0.395980816826574);
#1212=VECTOR('',#5956,0.8);
#1213=VECTOR('',#5961,0.491179809087992);
#1214=VECTOR('',#5962,0.448128681684609);
#1215=VECTOR('',#5965,0.490022111222644);
#1216=VECTOR('',#5966,0.395980816826574);
#1217=VECTOR('',#5967,0.972223319854797);
#1218=VECTOR('',#5970,1.28370877514871);
#1219=VECTOR('',#5971,0.6);
#1220=VECTOR('',#5972,1.28370877514871);
#1221=VECTOR('',#5973,0.1);
#1222=VECTOR('',#5974,0.448128681684609);
#1223=VECTOR('',#5975,0.8);
#1224=VECTOR('',#5976,0.1);
#1225=VECTOR('',#5983,0.1);
#1226=VECTOR('',#5984,0.972223319855055);
#1227=VECTOR('',#5985,0.1);
#1228=VECTOR('',#5986,0.736743190234934);
#1229=VECTOR('',#5987,0.600000000000001);
#1230=VECTOR('',#5988,0.736743190234934);
#1231=VECTOR('',#5995,0.600000000000001);
#1232=VECTOR('',#5998,0.800000000000001);
#1233=VECTOR('',#5999,0.395980816826574);
#1234=VECTOR('',#6002,0.490000000000001);
#1235=VECTOR('',#6003,0.600000000000001);
#1236=VECTOR('',#6004,0.490000000000001);
#1237=VECTOR('',#6005,0.600000000000001);
#1238=VECTOR('',#6008,1.82562766153712);
#1239=VECTOR('',#6009,1.82562766153713);
#1240=VECTOR('',#6012,2.512);
#1241=VECTOR('',#6013,2.512);
#1242=VECTOR('',#6014,0.600000000000001);
#1243=VECTOR('',#6023,0.491179809091714);
#1244=VECTOR('',#6024,0.490022111222644);
#1245=VECTOR('',#6027,0.491179809091713);
#1246=VECTOR('',#6032,0.491179809091713);
#1247=VECTOR('',#6039,0.490022111222644);
#1248=VECTOR('',#6040,0.8);
#1249=VECTOR('',#6041,0.490022111222644);
#1250=VECTOR('',#6042,0.8);
#1251=VECTOR('',#6045,0.1);
#1252=VECTOR('',#6046,0.491179809091712);
#1253=VECTOR('',#6047,0.1);
#1254=VECTOR('',#6048,0.491179809091714);
#1255=VECTOR('',#6051,1.28370877514871);
#1256=VECTOR('',#6054,2.512);
#1257=VECTOR('',#6055,0.490000000000001);
#1258=VECTOR('',#6056,1.82562766153713);
#1259=VECTOR('',#6059,0.736743190234934);
#1260=VECTOR('',#6062,0.1);
#1261=VECTOR('',#6063,0.491179809091712);
#1262=VECTOR('',#6064,0.1);
#1263=VECTOR('',#6065,0.491179809087992);
#1264=VECTOR('',#6068,0.736743190234934);
#1265=VECTOR('',#6071,1.82562766153712);
#1266=VECTOR('',#6072,0.490000000000001);
#1267=VECTOR('',#6073,2.512);
#1268=VECTOR('',#6076,1.28370877514871);
#1269=VECTOR('',#6079,0.972223319855055);
#1270=VECTOR('',#6082,2.52476870400295);
#1271=VECTOR('',#6083,2.4467130708139E-5);
#1272=VECTOR('',#6084,0.395980816826579);
#1273=VECTOR('',#6085,0.395980816826579);
#1274=VECTOR('',#6086,2.4467130708139E-5);
#1275=VECTOR('',#6087,2.03476870400419);
#1276=VECTOR('',#6090,0.448128681684609);
#1277=VECTOR('',#6093,0.448128681684609);
#1278=VECTOR('',#6096,2.03476870400419);
#1279=VECTOR('',#6097,2.4467130708139E-5);
#1280=VECTOR('',#6098,0.395980816826579);
#1281=VECTOR('',#6099,0.395980816826579);
#1282=VECTOR('',#6100,2.4467130708139E-5);
#1283=VECTOR('',#6101,2.52476870400295);
#1284=VECTOR('',#6104,0.972223319854797);
#1285=VECTOR('',#6107,0.6);
#1286=VECTOR('',#6108,0.8);
#1287=VECTOR('',#6111,0.6);
#1288=VECTOR('',#6114,0.6);
#1289=VECTOR('',#6117,0.8);
#1290=VECTOR('',#6118,0.8);
#1291=VECTOR('',#6121,0.6);
#1292=VECTOR('',#6124,0.6);
#1293=VECTOR('',#6127,0.8);
#1294=VECTOR('',#6130,0.8);
#1295=VECTOR('',#6133,0.8);
#1296=VECTOR('',#6136,0.8);
#1297=VECTOR('',#6139,0.8);
#1298=VECTOR('',#6146,0.6);
#1299=VECTOR('',#6151,0.002);
#1300=VECTOR('',#6152,0.002);
#1301=VECTOR('',#6153,0.002);
#1302=VECTOR('',#6154,0.002);
#1303=VECTOR('',#6157,3.34643123341867);
#1304=VECTOR('',#6158,3.34643123341867);
#1305=VECTOR('',#6159,0.002);
#1306=VECTOR('',#6160,0.002);
#1307=VECTOR('',#6163,1.83405559893914);
#1308=VECTOR('',#6164,1.83405559893914);
#1309=VECTOR('',#6171,0.240362164243876);
#1310=VECTOR('',#6172,0.002);
#1311=VECTOR('',#6173,0.240362164243876);
#1312=VECTOR('',#6174,0.002);
#1313=VECTOR('',#6175,0.002);
#1314=VECTOR('',#6178,0.483469544025266);
#1315=VECTOR('',#6179,0.483469544025266);
#1316=VECTOR('',#6180,0.002);
#1317=VECTOR('',#6183,0.521856685307374);
#1318=VECTOR('',#6184,0.521856685307374);
#1319=VECTOR('',#6185,0.002);
#1320=VECTOR('',#6186,0.002);
#1321=VECTOR('',#6201,0.002);
#1322=VECTOR('',#6202,0.002);
#1323=VECTOR('',#6205,2.60530674777463);
#1324=VECTOR('',#6206,2.60530674777463);
#1325=VECTOR('',#6207,0.002);
#1326=VECTOR('',#6210,1.80866387148082);
#1327=VECTOR('',#6211,1.80866387148082);
#1328=VECTOR('',#6212,0.002);
#1329=VECTOR('',#6215,0.481081489978569);
#1330=VECTOR('',#6216,0.481081489978569);
#1331=VECTOR('',#6217,0.002);
#1332=VECTOR('',#6220,3.63248598070247);
#1333=VECTOR('',#6221,3.63248598070247);
#1334=VECTOR('',#6222,0.002);
#1335=VECTOR('',#6223,0.002);
#1336=VECTOR('',#6226,2.37058516404706);
#1337=VECTOR('',#6227,2.37058516404706);
#1338=VECTOR('',#6228,0.002);
#1339=CYLINDRICAL_SURFACE('',#4650,0.2);
#1340=CYLINDRICAL_SURFACE('',#4656,0.2);
#1341=CYLINDRICAL_SURFACE('',#4659,0.2);
#1342=CYLINDRICAL_SURFACE('',#4661,0.2);
#1343=CYLINDRICAL_SURFACE('',#4664,0.2);
#1344=CYLINDRICAL_SURFACE('',#4669,0.2);
#1345=CYLINDRICAL_SURFACE('',#4674,0.2);
#1346=CYLINDRICAL_SURFACE('',#4680,0.2);
#1347=CYLINDRICAL_SURFACE('',#4683,0.2);
#1348=CYLINDRICAL_SURFACE('',#4691,0.2);
#1349=CYLINDRICAL_SURFACE('',#4695,0.2);
#1350=CYLINDRICAL_SURFACE('',#4697,0.2);
#1351=CYLINDRICAL_SURFACE('',#4700,0.2);
#1352=CYLINDRICAL_SURFACE('',#4706,0.2);
#1353=CYLINDRICAL_SURFACE('',#4711,0.2);
#1354=CYLINDRICAL_SURFACE('',#4714,0.2);
#1355=CYLINDRICAL_SURFACE('',#4716,0.2);
#1356=CYLINDRICAL_SURFACE('',#4747,0.506);
#1357=CYLINDRICAL_SURFACE('',#4750,0.506);
#1358=CYLINDRICAL_SURFACE('',#4753,0.506);
#1359=CYLINDRICAL_SURFACE('',#4756,0.506);
#1360=CYLINDRICAL_SURFACE('',#4776,0.506);
#1361=CYLINDRICAL_SURFACE('',#4784,0.506);
#1362=CYLINDRICAL_SURFACE('',#4786,0.506);
#1363=CYLINDRICAL_SURFACE('',#4790,0.506);
#1364=CYLINDRICAL_SURFACE('',#4802,0.506);
#1365=CYLINDRICAL_SURFACE('',#4808,0.506);
#1366=CYLINDRICAL_SURFACE('',#4811,0.506);
#1367=CYLINDRICAL_SURFACE('',#4818,0.506);
#1368=CYLINDRICAL_SURFACE('',#4839,0.506);
#1369=CYLINDRICAL_SURFACE('',#4844,0.506);
#1370=CYLINDRICAL_SURFACE('',#4846,0.506);
#1371=CYLINDRICAL_SURFACE('',#4851,0.506);
#1372=CYLINDRICAL_SURFACE('',#4864,0.506);
#1373=CYLINDRICAL_SURFACE('',#4867,0.506);
#1374=CYLINDRICAL_SURFACE('',#4871,0.506);
#1375=CYLINDRICAL_SURFACE('',#4877,0.506);
#1376=CYLINDRICAL_SURFACE('',#4900,0.506);
#1377=CYLINDRICAL_SURFACE('',#4907,0.506);
#1378=CYLINDRICAL_SURFACE('',#4909,0.506);
#1379=CYLINDRICAL_SURFACE('',#4910,0.506);
#1380=CYLINDRICAL_SURFACE('',#4922,0.506);
#1381=CYLINDRICAL_SURFACE('',#4928,0.506);
#1382=CYLINDRICAL_SURFACE('',#4931,0.506);
#1383=CYLINDRICAL_SURFACE('',#4938,0.506);
#1384=CYLINDRICAL_SURFACE('',#4963,0.506);
#1385=CYLINDRICAL_SURFACE('',#4965,0.506);
#1386=CYLINDRICAL_SURFACE('',#4967,0.506);
#1387=CYLINDRICAL_SURFACE('',#4968,0.506);
#1388=CYLINDRICAL_SURFACE('',#4987,0.27350456216302);
#1389=FACE_OUTER_BOUND('',#1642,.T.);
#1390=FACE_OUTER_BOUND('',#1643,.T.);
#1391=FACE_OUTER_BOUND('',#1644,.T.);
#1392=FACE_OUTER_BOUND('',#1645,.T.);
#1393=FACE_OUTER_BOUND('',#1646,.T.);
#1394=FACE_OUTER_BOUND('',#1647,.T.);
#1395=FACE_OUTER_BOUND('',#1648,.T.);
#1396=FACE_OUTER_BOUND('',#1649,.T.);
#1397=FACE_OUTER_BOUND('',#1650,.T.);
#1398=FACE_OUTER_BOUND('',#1651,.T.);
#1399=FACE_OUTER_BOUND('',#1652,.T.);
#1400=FACE_OUTER_BOUND('',#1653,.T.);
#1401=FACE_OUTER_BOUND('',#1654,.T.);
#1402=FACE_OUTER_BOUND('',#1655,.T.);
#1403=FACE_OUTER_BOUND('',#1656,.T.);
#1404=FACE_OUTER_BOUND('',#1657,.T.);
#1405=FACE_OUTER_BOUND('',#1658,.T.);
#1406=FACE_OUTER_BOUND('',#1659,.T.);
#1407=FACE_OUTER_BOUND('',#1660,.T.);
#1408=FACE_OUTER_BOUND('',#1662,.T.);
#1409=FACE_OUTER_BOUND('',#1663,.T.);
#1410=FACE_OUTER_BOUND('',#1664,.T.);
#1411=FACE_OUTER_BOUND('',#1665,.T.);
#1412=FACE_OUTER_BOUND('',#1666,.T.);
#1413=FACE_OUTER_BOUND('',#1667,.T.);
#1414=FACE_OUTER_BOUND('',#1668,.T.);
#1415=FACE_OUTER_BOUND('',#1669,.T.);
#1416=FACE_OUTER_BOUND('',#1670,.T.);
#1417=FACE_OUTER_BOUND('',#1671,.T.);
#1418=FACE_OUTER_BOUND('',#1672,.T.);
#1419=FACE_OUTER_BOUND('',#1673,.T.);
#1420=FACE_OUTER_BOUND('',#1674,.T.);
#1421=FACE_OUTER_BOUND('',#1675,.T.);
#1422=FACE_OUTER_BOUND('',#1676,.T.);
#1423=FACE_OUTER_BOUND('',#1677,.T.);
#1424=FACE_OUTER_BOUND('',#1678,.T.);
#1425=FACE_OUTER_BOUND('',#1679,.T.);
#1426=FACE_OUTER_BOUND('',#1680,.T.);
#1427=FACE_OUTER_BOUND('',#1681,.T.);
#1428=FACE_OUTER_BOUND('',#1682,.T.);
#1429=FACE_OUTER_BOUND('',#1683,.T.);
#1430=FACE_OUTER_BOUND('',#1684,.T.);
#1431=FACE_OUTER_BOUND('',#1685,.T.);
#1432=FACE_OUTER_BOUND('',#1686,.T.);
#1433=FACE_OUTER_BOUND('',#1687,.T.);
#1434=FACE_OUTER_BOUND('',#1688,.T.);
#1435=FACE_OUTER_BOUND('',#1689,.T.);
#1436=FACE_OUTER_BOUND('',#1690,.T.);
#1437=FACE_OUTER_BOUND('',#1691,.T.);
#1438=FACE_OUTER_BOUND('',#1692,.T.);
#1439=FACE_OUTER_BOUND('',#1693,.T.);
#1440=FACE_OUTER_BOUND('',#1694,.T.);
#1441=FACE_OUTER_BOUND('',#1695,.T.);
#1442=FACE_OUTER_BOUND('',#1696,.T.);
#1443=FACE_OUTER_BOUND('',#1697,.T.);
#1444=FACE_OUTER_BOUND('',#1698,.T.);
#1445=FACE_OUTER_BOUND('',#1699,.T.);
#1446=FACE_OUTER_BOUND('',#1700,.T.);
#1447=FACE_OUTER_BOUND('',#1701,.T.);
#1448=FACE_OUTER_BOUND('',#1702,.T.);
#1449=FACE_OUTER_BOUND('',#1703,.T.);
#1450=FACE_OUTER_BOUND('',#1704,.T.);
#1451=FACE_OUTER_BOUND('',#1705,.T.);
#1452=FACE_OUTER_BOUND('',#1706,.T.);
#1453=FACE_OUTER_BOUND('',#1708,.T.);
#1454=FACE_OUTER_BOUND('',#1709,.T.);
#1455=FACE_OUTER_BOUND('',#1710,.T.);
#1456=FACE_OUTER_BOUND('',#1711,.T.);
#1457=FACE_OUTER_BOUND('',#1712,.T.);
#1458=FACE_OUTER_BOUND('',#1714,.T.);
#1459=FACE_OUTER_BOUND('',#1715,.T.);
#1460=FACE_OUTER_BOUND('',#1716,.T.);
#1461=FACE_OUTER_BOUND('',#1717,.T.);
#1462=FACE_OUTER_BOUND('',#1718,.T.);
#1463=FACE_OUTER_BOUND('',#1719,.T.);
#1464=FACE_OUTER_BOUND('',#1720,.T.);
#1465=FACE_OUTER_BOUND('',#1721,.T.);
#1466=FACE_OUTER_BOUND('',#1722,.T.);
#1467=FACE_OUTER_BOUND('',#1723,.T.);
#1468=FACE_OUTER_BOUND('',#1724,.T.);
#1469=FACE_OUTER_BOUND('',#1725,.T.);
#1470=FACE_OUTER_BOUND('',#1726,.T.);
#1471=FACE_OUTER_BOUND('',#1727,.T.);
#1472=FACE_OUTER_BOUND('',#1728,.T.);
#1473=FACE_OUTER_BOUND('',#1729,.T.);
#1474=FACE_OUTER_BOUND('',#1730,.T.);
#1475=FACE_OUTER_BOUND('',#1731,.T.);
#1476=FACE_OUTER_BOUND('',#1732,.T.);
#1477=FACE_OUTER_BOUND('',#1733,.T.);
#1478=FACE_OUTER_BOUND('',#1734,.T.);
#1479=FACE_OUTER_BOUND('',#1735,.T.);
#1480=FACE_OUTER_BOUND('',#1736,.T.);
#1481=FACE_OUTER_BOUND('',#1737,.T.);
#1482=FACE_OUTER_BOUND('',#1738,.T.);
#1483=FACE_OUTER_BOUND('',#1739,.T.);
#1484=FACE_OUTER_BOUND('',#1740,.T.);
#1485=FACE_OUTER_BOUND('',#1741,.T.);
#1486=FACE_OUTER_BOUND('',#1742,.T.);
#1487=FACE_OUTER_BOUND('',#1743,.T.);
#1488=FACE_OUTER_BOUND('',#1744,.T.);
#1489=FACE_OUTER_BOUND('',#1745,.T.);
#1490=FACE_OUTER_BOUND('',#1746,.T.);
#1491=FACE_OUTER_BOUND('',#1747,.T.);
#1492=FACE_OUTER_BOUND('',#1748,.T.);
#1493=FACE_OUTER_BOUND('',#1749,.T.);
#1494=FACE_OUTER_BOUND('',#1750,.T.);
#1495=FACE_OUTER_BOUND('',#1751,.T.);
#1496=FACE_OUTER_BOUND('',#1752,.T.);
#1497=FACE_OUTER_BOUND('',#1753,.T.);
#1498=FACE_OUTER_BOUND('',#1754,.T.);
#1499=FACE_OUTER_BOUND('',#1755,.T.);
#1500=FACE_OUTER_BOUND('',#1756,.T.);
#1501=FACE_OUTER_BOUND('',#1757,.T.);
#1502=FACE_OUTER_BOUND('',#1758,.T.);
#1503=FACE_OUTER_BOUND('',#1759,.T.);
#1504=FACE_OUTER_BOUND('',#1760,.T.);
#1505=FACE_OUTER_BOUND('',#1761,.T.);
#1506=FACE_OUTER_BOUND('',#1762,.T.);
#1507=FACE_OUTER_BOUND('',#1763,.T.);
#1508=FACE_OUTER_BOUND('',#1764,.T.);
#1509=FACE_OUTER_BOUND('',#1765,.T.);
#1510=FACE_OUTER_BOUND('',#1766,.T.);
#1511=FACE_OUTER_BOUND('',#1767,.T.);
#1512=FACE_OUTER_BOUND('',#1768,.T.);
#1513=FACE_OUTER_BOUND('',#1769,.T.);
#1514=FACE_OUTER_BOUND('',#1770,.T.);
#1515=FACE_OUTER_BOUND('',#1771,.T.);
#1516=FACE_OUTER_BOUND('',#1772,.T.);
#1517=FACE_OUTER_BOUND('',#1773,.T.);
#1518=FACE_OUTER_BOUND('',#1774,.T.);
#1519=FACE_OUTER_BOUND('',#1775,.T.);
#1520=FACE_OUTER_BOUND('',#1776,.T.);
#1521=FACE_OUTER_BOUND('',#1777,.T.);
#1522=FACE_OUTER_BOUND('',#1778,.T.);
#1523=FACE_OUTER_BOUND('',#1779,.T.);
#1524=FACE_OUTER_BOUND('',#1780,.T.);
#1525=FACE_OUTER_BOUND('',#1781,.T.);
#1526=FACE_OUTER_BOUND('',#1782,.T.);
#1527=FACE_OUTER_BOUND('',#1783,.T.);
#1528=FACE_OUTER_BOUND('',#1784,.T.);
#1529=FACE_OUTER_BOUND('',#1785,.T.);
#1530=FACE_OUTER_BOUND('',#1786,.T.);
#1531=FACE_OUTER_BOUND('',#1787,.T.);
#1532=FACE_OUTER_BOUND('',#1788,.T.);
#1533=FACE_OUTER_BOUND('',#1789,.T.);
#1534=FACE_OUTER_BOUND('',#1790,.T.);
#1535=FACE_OUTER_BOUND('',#1791,.T.);
#1536=FACE_OUTER_BOUND('',#1792,.T.);
#1537=FACE_OUTER_BOUND('',#1793,.T.);
#1538=FACE_OUTER_BOUND('',#1794,.T.);
#1539=FACE_OUTER_BOUND('',#1795,.T.);
#1540=FACE_OUTER_BOUND('',#1796,.T.);
#1541=FACE_OUTER_BOUND('',#1797,.T.);
#1542=FACE_OUTER_BOUND('',#1798,.T.);
#1543=FACE_OUTER_BOUND('',#1799,.T.);
#1544=FACE_OUTER_BOUND('',#1800,.T.);
#1545=FACE_OUTER_BOUND('',#1801,.T.);
#1546=FACE_OUTER_BOUND('',#1802,.T.);
#1547=FACE_OUTER_BOUND('',#1803,.T.);
#1548=FACE_OUTER_BOUND('',#1804,.T.);
#1549=FACE_OUTER_BOUND('',#1805,.T.);
#1550=FACE_OUTER_BOUND('',#1806,.T.);
#1551=FACE_OUTER_BOUND('',#1807,.T.);
#1552=FACE_OUTER_BOUND('',#1808,.T.);
#1553=FACE_OUTER_BOUND('',#1809,.T.);
#1554=FACE_OUTER_BOUND('',#1810,.T.);
#1555=FACE_OUTER_BOUND('',#1811,.T.);
#1556=FACE_OUTER_BOUND('',#1812,.T.);
#1557=FACE_OUTER_BOUND('',#1813,.T.);
#1558=FACE_OUTER_BOUND('',#1814,.T.);
#1559=FACE_OUTER_BOUND('',#1815,.T.);
#1560=FACE_OUTER_BOUND('',#1816,.T.);
#1561=FACE_OUTER_BOUND('',#1817,.T.);
#1562=FACE_OUTER_BOUND('',#1818,.T.);
#1563=FACE_OUTER_BOUND('',#1819,.T.);
#1564=FACE_OUTER_BOUND('',#1820,.T.);
#1565=FACE_OUTER_BOUND('',#1821,.T.);
#1566=FACE_OUTER_BOUND('',#1822,.T.);
#1567=FACE_OUTER_BOUND('',#1823,.T.);
#1568=FACE_OUTER_BOUND('',#1824,.T.);
#1569=FACE_OUTER_BOUND('',#1825,.T.);
#1570=FACE_OUTER_BOUND('',#1826,.T.);
#1571=FACE_OUTER_BOUND('',#1827,.T.);
#1572=FACE_OUTER_BOUND('',#1828,.T.);
#1573=FACE_OUTER_BOUND('',#1829,.T.);
#1574=FACE_OUTER_BOUND('',#1830,.T.);
#1575=FACE_OUTER_BOUND('',#1831,.T.);
#1576=FACE_OUTER_BOUND('',#1832,.T.);
#1577=FACE_OUTER_BOUND('',#1833,.T.);
#1578=FACE_OUTER_BOUND('',#1834,.T.);
#1579=FACE_OUTER_BOUND('',#1835,.T.);
#1580=FACE_OUTER_BOUND('',#1836,.T.);
#1581=FACE_OUTER_BOUND('',#1837,.T.);
#1582=FACE_OUTER_BOUND('',#1838,.T.);
#1583=FACE_OUTER_BOUND('',#1839,.T.);
#1584=FACE_OUTER_BOUND('',#1840,.T.);
#1585=FACE_OUTER_BOUND('',#1841,.T.);
#1586=FACE_OUTER_BOUND('',#1842,.T.);
#1587=FACE_OUTER_BOUND('',#1843,.T.);
#1588=FACE_OUTER_BOUND('',#1844,.T.);
#1589=FACE_OUTER_BOUND('',#1845,.T.);
#1590=FACE_OUTER_BOUND('',#1846,.T.);
#1591=FACE_OUTER_BOUND('',#1847,.T.);
#1592=FACE_OUTER_BOUND('',#1848,.T.);
#1593=FACE_OUTER_BOUND('',#1849,.T.);
#1594=FACE_OUTER_BOUND('',#1850,.T.);
#1595=FACE_OUTER_BOUND('',#1851,.T.);
#1596=FACE_OUTER_BOUND('',#1852,.T.);
#1597=FACE_OUTER_BOUND('',#1853,.T.);
#1598=FACE_OUTER_BOUND('',#1854,.T.);
#1599=FACE_OUTER_BOUND('',#1855,.T.);
#1600=FACE_OUTER_BOUND('',#1856,.T.);
#1601=FACE_OUTER_BOUND('',#1857,.T.);
#1602=FACE_OUTER_BOUND('',#1858,.T.);
#1603=FACE_OUTER_BOUND('',#1859,.T.);
#1604=FACE_OUTER_BOUND('',#1860,.T.);
#1605=FACE_OUTER_BOUND('',#1861,.T.);
#1606=FACE_OUTER_BOUND('',#1862,.T.);
#1607=FACE_OUTER_BOUND('',#1863,.T.);
#1608=FACE_OUTER_BOUND('',#1864,.T.);
#1609=FACE_OUTER_BOUND('',#1865,.T.);
#1610=FACE_OUTER_BOUND('',#1866,.T.);
#1611=FACE_OUTER_BOUND('',#1867,.T.);
#1612=FACE_OUTER_BOUND('',#1868,.T.);
#1613=FACE_OUTER_BOUND('',#1869,.T.);
#1614=FACE_OUTER_BOUND('',#1870,.T.);
#1615=FACE_OUTER_BOUND('',#1871,.T.);
#1616=FACE_OUTER_BOUND('',#1872,.T.);
#1617=FACE_OUTER_BOUND('',#1873,.T.);
#1618=FACE_OUTER_BOUND('',#1874,.T.);
#1619=FACE_OUTER_BOUND('',#1875,.T.);
#1620=FACE_OUTER_BOUND('',#1876,.T.);
#1621=FACE_OUTER_BOUND('',#1877,.T.);
#1622=FACE_OUTER_BOUND('',#1878,.T.);
#1623=FACE_OUTER_BOUND('',#1879,.T.);
#1624=FACE_OUTER_BOUND('',#1880,.T.);
#1625=FACE_OUTER_BOUND('',#1881,.T.);
#1626=FACE_OUTER_BOUND('',#1882,.T.);
#1627=FACE_OUTER_BOUND('',#1883,.T.);
#1628=FACE_OUTER_BOUND('',#1884,.T.);
#1629=FACE_OUTER_BOUND('',#1885,.T.);
#1630=FACE_OUTER_BOUND('',#1887,.T.);
#1631=FACE_OUTER_BOUND('',#1888,.T.);
#1632=FACE_OUTER_BOUND('',#1889,.T.);
#1633=FACE_OUTER_BOUND('',#1890,.T.);
#1634=FACE_OUTER_BOUND('',#1891,.T.);
#1635=FACE_OUTER_BOUND('',#1892,.T.);
#1636=FACE_OUTER_BOUND('',#1893,.T.);
#1637=FACE_OUTER_BOUND('',#1894,.T.);
#1638=FACE_OUTER_BOUND('',#1895,.T.);
#1639=FACE_OUTER_BOUND('',#1896,.T.);
#1640=FACE_OUTER_BOUND('',#1897,.T.);
#1641=FACE_OUTER_BOUND('',#1898,.T.);
#1642=EDGE_LOOP('',(#3069,#3070,#3071));
#1643=EDGE_LOOP('',(#3072,#3073,#3074,#3075));
#1644=EDGE_LOOP('',(#3076,#3077,#3078));
#1645=EDGE_LOOP('',(#3079,#3080,#3081,#3082));
#1646=EDGE_LOOP('',(#3083,#3084,#3085,#3086,#3087));
#1647=EDGE_LOOP('',(#3088,#3089,#3090,#3091));
#1648=EDGE_LOOP('',(#3092,#3093,#3094,#3095));
#1649=EDGE_LOOP('',(#3096,#3097,#3098,#3099));
#1650=EDGE_LOOP('',(#3100,#3101,#3102));
#1651=EDGE_LOOP('',(#3103,#3104,#3105,#3106));
#1652=EDGE_LOOP('',(#3107,#3108,#3109));
#1653=EDGE_LOOP('',(#3110,#3111,#3112,#3113));
#1654=EDGE_LOOP('',(#3114,#3115,#3116));
#1655=EDGE_LOOP('',(#3117,#3118,#3119));
#1656=EDGE_LOOP('',(#3120,#3121,#3122,#3123));
#1657=EDGE_LOOP('',(#3124,#3125,#3126,#3127,#3128,#3129,#3130));
#1658=EDGE_LOOP('',(#3131,#3132,#3133,#3134));
#1659=EDGE_LOOP('',(#3135,#3136,#3137,#3138));
#1660=EDGE_LOOP('',(#3139,#3140,#3141,#3142));
#1661=EDGE_LOOP('',(#3143,#3144));
#1662=EDGE_LOOP('',(#3145,#3146,#3147,#3148,#3149,#3150));
#1663=EDGE_LOOP('',(#3151,#3152,#3153,#3154,#3155,#3156,#3157));
#1664=EDGE_LOOP('',(#3158,#3159,#3160,#3161,#3162,#3163));
#1665=EDGE_LOOP('',(#3164,#3165,#3166,#3167));
#1666=EDGE_LOOP('',(#3168,#3169,#3170,#3171,#3172));
#1667=EDGE_LOOP('',(#3173,#3174,#3175,#3176));
#1668=EDGE_LOOP('',(#3177,#3178,#3179,#3180,#3181,#3182));
#1669=EDGE_LOOP('',(#3183,#3184,#3185,#3186,#3187,#3188));
#1670=EDGE_LOOP('',(#3189,#3190,#3191,#3192,#3193,#3194));
#1671=EDGE_LOOP('',(#3195,#3196,#3197,#3198,#3199));
#1672=EDGE_LOOP('',(#3200,#3201,#3202,#3203,#3204,#3205));
#1673=EDGE_LOOP('',(#3206,#3207,#3208,#3209));
#1674=EDGE_LOOP('',(#3210,#3211,#3212,#3213,#3214));
#1675=EDGE_LOOP('',(#3215,#3216,#3217,#3218,#3219,#3220));
#1676=EDGE_LOOP('',(#3221,#3222,#3223,#3224));
#1677=EDGE_LOOP('',(#3225,#3226,#3227,#3228));
#1678=EDGE_LOOP('',(#3229,#3230,#3231,#3232));
#1679=EDGE_LOOP('',(#3233,#3234,#3235,#3236));
#1680=EDGE_LOOP('',(#3237,#3238,#3239,#3240,#3241,#3242,#3243,#3244,#3245,
#3246));
#1681=EDGE_LOOP('',(#3247,#3248,#3249,#3250,#3251,#3252,#3253,#3254,#3255,
#3256));
#1682=EDGE_LOOP('',(#3257,#3258,#3259,#3260,#3261));
#1683=EDGE_LOOP('',(#3262));
#1684=EDGE_LOOP('',(#3263,#3264,#3265,#3266));
#1685=EDGE_LOOP('',(#3267,#3268,#3269,#3270));
#1686=EDGE_LOOP('',(#3271,#3272,#3273,#3274));
#1687=EDGE_LOOP('',(#3275,#3276,#3277,#3278));
#1688=EDGE_LOOP('',(#3279,#3280,#3281,#3282));
#1689=EDGE_LOOP('',(#3283,#3284,#3285,#3286));
#1690=EDGE_LOOP('',(#3287,#3288,#3289,#3290));
#1691=EDGE_LOOP('',(#3291,#3292,#3293,#3294));
#1692=EDGE_LOOP('',(#3295,#3296,#3297,#3298));
#1693=EDGE_LOOP('',(#3299,#3300,#3301,#3302));
#1694=EDGE_LOOP('',(#3303,#3304,#3305,#3306));
#1695=EDGE_LOOP('',(#3307,#3308,#3309,#3310));
#1696=EDGE_LOOP('',(#3311,#3312,#3313,#3314));
#1697=EDGE_LOOP('',(#3315,#3316,#3317,#3318));
#1698=EDGE_LOOP('',(#3319,#3320,#3321,#3322));
#1699=EDGE_LOOP('',(#3323,#3324,#3325,#3326));
#1700=EDGE_LOOP('',(#3327,#3328,#3329,#3330));
#1701=EDGE_LOOP('',(#3331,#3332,#3333,#3334));
#1702=EDGE_LOOP('',(#3335,#3336,#3337,#3338));
#1703=EDGE_LOOP('',(#3339,#3340,#3341,#3342));
#1704=EDGE_LOOP('',(#3343,#3344,#3345,#3346));
#1705=EDGE_LOOP('',(#3347,#3348,#3349,#3350,#3351));
#1706=EDGE_LOOP('',(#3352,#3353,#3354,#3355,#3356,#3357,#3358,#3359,#3360,
#3361,#3362,#3363,#3364,#3365));
#1707=EDGE_LOOP('',(#3366,#3367,#3368,#3369));
#1708=EDGE_LOOP('',(#3370,#3371,#3372,#3373,#3374));
#1709=EDGE_LOOP('',(#3375,#3376,#3377,#3378));
#1710=EDGE_LOOP('',(#3379,#3380,#3381,#3382));
#1711=EDGE_LOOP('',(#3383,#3384,#3385,#3386));
#1712=EDGE_LOOP('',(#3387,#3388,#3389,#3390,#3391,#3392,#3393,#3394,#3395,
#3396,#3397,#3398,#3399,#3400));
#1713=EDGE_LOOP('',(#3401,#3402,#3403,#3404));
#1714=EDGE_LOOP('',(#3405,#3406,#3407,#3408));
#1715=EDGE_LOOP('',(#3409,#3410,#3411,#3412));
#1716=EDGE_LOOP('',(#3413,#3414,#3415,#3416,#3417,#3418,#3419,#3420));
#1717=EDGE_LOOP('',(#3421,#3422,#3423,#3424));
#1718=EDGE_LOOP('',(#3425,#3426,#3427,#3428));
#1719=EDGE_LOOP('',(#3429,#3430,#3431,#3432,#3433,#3434,#3435,#3436));
#1720=EDGE_LOOP('',(#3437,#3438,#3439,#3440));
#1721=EDGE_LOOP('',(#3441,#3442,#3443,#3444,#3445,#3446,#3447,#3448));
#1722=EDGE_LOOP('',(#3449,#3450,#3451,#3452));
#1723=EDGE_LOOP('',(#3453,#3454,#3455,#3456));
#1724=EDGE_LOOP('',(#3457,#3458,#3459,#3460));
#1725=EDGE_LOOP('',(#3461,#3462,#3463,#3464,#3465,#3466,#3467,#3468,#3469,
#3470,#3471,#3472));
#1726=EDGE_LOOP('',(#3473,#3474,#3475,#3476));
#1727=EDGE_LOOP('',(#3477,#3478,#3479,#3480,#3481,#3482,#3483,#3484));
#1728=EDGE_LOOP('',(#3485,#3486,#3487,#3488));
#1729=EDGE_LOOP('',(#3489,#3490,#3491,#3492,#3493,#3494,#3495,#3496,#3497,
#3498,#3499,#3500));
#1730=EDGE_LOOP('',(#3501,#3502,#3503,#3504));
#1731=EDGE_LOOP('',(#3505,#3506,#3507,#3508));
#1732=EDGE_LOOP('',(#3509,#3510,#3511,#3512));
#1733=EDGE_LOOP('',(#3513,#3514,#3515,#3516));
#1734=EDGE_LOOP('',(#3517,#3518,#3519,#3520));
#1735=EDGE_LOOP('',(#3521,#3522,#3523,#3524));
#1736=EDGE_LOOP('',(#3525,#3526,#3527,#3528));
#1737=EDGE_LOOP('',(#3529,#3530,#3531,#3532));
#1738=EDGE_LOOP('',(#3533,#3534,#3535,#3536));
#1739=EDGE_LOOP('',(#3537,#3538,#3539,#3540));
#1740=EDGE_LOOP('',(#3541,#3542,#3543,#3544));
#1741=EDGE_LOOP('',(#3545,#3546,#3547,#3548));
#1742=EDGE_LOOP('',(#3549,#3550,#3551,#3552));
#1743=EDGE_LOOP('',(#3553,#3554,#3555,#3556,#3557,#3558,#3559,#3560,#3561,
#3562,#3563,#3564));
#1744=EDGE_LOOP('',(#3565,#3566,#3567,#3568,#3569,#3570,#3571,#3572));
#1745=EDGE_LOOP('',(#3573,#3574,#3575,#3576));
#1746=EDGE_LOOP('',(#3577,#3578,#3579,#3580,#3581,#3582,#3583,#3584));
#1747=EDGE_LOOP('',(#3585,#3586,#3587,#3588));
#1748=EDGE_LOOP('',(#3589,#3590,#3591,#3592));
#1749=EDGE_LOOP('',(#3593,#3594,#3595,#3596));
#1750=EDGE_LOOP('',(#3597,#3598,#3599,#3600));
#1751=EDGE_LOOP('',(#3601,#3602,#3603,#3604));
#1752=EDGE_LOOP('',(#3605,#3606,#3607,#3608));
#1753=EDGE_LOOP('',(#3609,#3610,#3611,#3612,#3613,#3614,#3615,#3616,#3617,
#3618,#3619,#3620));
#1754=EDGE_LOOP('',(#3621,#3622,#3623,#3624,#3625,#3626,#3627,#3628));
#1755=EDGE_LOOP('',(#3629,#3630,#3631,#3632));
#1756=EDGE_LOOP('',(#3633,#3634,#3635,#3636,#3637,#3638,#3639,#3640));
#1757=EDGE_LOOP('',(#3641,#3642,#3643,#3644));
#1758=EDGE_LOOP('',(#3645,#3646,#3647,#3648));
#1759=EDGE_LOOP('',(#3649,#3650,#3651,#3652));
#1760=EDGE_LOOP('',(#3653,#3654,#3655,#3656));
#1761=EDGE_LOOP('',(#3657,#3658,#3659,#3660,#3661,#3662,#3663,#3664));
#1762=EDGE_LOOP('',(#3665,#3666,#3667,#3668,#3669,#3670,#3671,#3672));
#1763=EDGE_LOOP('',(#3673,#3674,#3675,#3676));
#1764=EDGE_LOOP('',(#3677,#3678,#3679,#3680));
#1765=EDGE_LOOP('',(#3681,#3682,#3683,#3684));
#1766=EDGE_LOOP('',(#3685,#3686,#3687,#3688));
#1767=EDGE_LOOP('',(#3689,#3690,#3691,#3692));
#1768=EDGE_LOOP('',(#3693,#3694,#3695,#3696));
#1769=EDGE_LOOP('',(#3697,#3698,#3699,#3700,#3701,#3702,#3703,#3704,#3705,
#3706,#3707,#3708));
#1770=EDGE_LOOP('',(#3709,#3710,#3711,#3712));
#1771=EDGE_LOOP('',(#3713,#3714,#3715,#3716,#3717,#3718,#3719,#3720));
#1772=EDGE_LOOP('',(#3721,#3722,#3723,#3724));
#1773=EDGE_LOOP('',(#3725,#3726,#3727,#3728,#3729,#3730,#3731,#3732));
#1774=EDGE_LOOP('',(#3733,#3734,#3735,#3736,#3737,#3738,#3739,#3740,#3741,
#3742,#3743,#3744));
#1775=EDGE_LOOP('',(#3745,#3746,#3747,#3748));
#1776=EDGE_LOOP('',(#3749,#3750,#3751,#3752));
#1777=EDGE_LOOP('',(#3753,#3754,#3755,#3756));
#1778=EDGE_LOOP('',(#3757,#3758,#3759,#3760));
#1779=EDGE_LOOP('',(#3761,#3762,#3763,#3764));
#1780=EDGE_LOOP('',(#3765,#3766,#3767,#3768));
#1781=EDGE_LOOP('',(#3769,#3770,#3771,#3772));
#1782=EDGE_LOOP('',(#3773,#3774,#3775,#3776));
#1783=EDGE_LOOP('',(#3777,#3778,#3779,#3780));
#1784=EDGE_LOOP('',(#3781,#3782,#3783,#3784));
#1785=EDGE_LOOP('',(#3785,#3786,#3787,#3788));
#1786=EDGE_LOOP('',(#3789,#3790,#3791,#3792));
#1787=EDGE_LOOP('',(#3793,#3794,#3795,#3796));
#1788=EDGE_LOOP('',(#3797,#3798,#3799,#3800));
#1789=EDGE_LOOP('',(#3801,#3802,#3803,#3804));
#1790=EDGE_LOOP('',(#3805,#3806,#3807,#3808,#3809,#3810,#3811,#3812));
#1791=EDGE_LOOP('',(#3813,#3814,#3815,#3816));
#1792=EDGE_LOOP('',(#3817,#3818,#3819,#3820,#3821,#3822,#3823,#3824,#3825,
#3826,#3827,#3828));
#1793=EDGE_LOOP('',(#3829,#3830,#3831,#3832));
#1794=EDGE_LOOP('',(#3833,#3834,#3835,#3836,#3837,#3838,#3839,#3840));
#1795=EDGE_LOOP('',(#3841,#3842,#3843,#3844));
#1796=EDGE_LOOP('',(#3845,#3846,#3847,#3848));
#1797=EDGE_LOOP('',(#3849,#3850,#3851,#3852,#3853,#3854,#3855,#3856,#3857,
#3858,#3859,#3860));
#1798=EDGE_LOOP('',(#3861,#3862,#3863,#3864));
#1799=EDGE_LOOP('',(#3865,#3866,#3867,#3868,#3869,#3870,#3871,#3872));
#1800=EDGE_LOOP('',(#3873,#3874,#3875,#3876,#3877,#3878,#3879,#3880));
#1801=EDGE_LOOP('',(#3881,#3882,#3883,#3884));
#1802=EDGE_LOOP('',(#3885,#3886,#3887,#3888));
#1803=EDGE_LOOP('',(#3889,#3890,#3891,#3892));
#1804=EDGE_LOOP('',(#3893,#3894,#3895,#3896,#3897,#3898,#3899,#3900));
#1805=EDGE_LOOP('',(#3901,#3902,#3903,#3904));
#1806=EDGE_LOOP('',(#3905,#3906,#3907,#3908));
#1807=EDGE_LOOP('',(#3909,#3910,#3911,#3912,#3913,#3914,#3915,#3916));
#1808=EDGE_LOOP('',(#3917,#3918,#3919,#3920,#3921,#3922,#3923,#3924,#3925,
#3926,#3927,#3928));
#1809=EDGE_LOOP('',(#3929,#3930,#3931,#3932,#3933,#3934,#3935,#3936));
#1810=EDGE_LOOP('',(#3937,#3938,#3939,#3940));
#1811=EDGE_LOOP('',(#3941,#3942,#3943,#3944));
#1812=EDGE_LOOP('',(#3945,#3946,#3947,#3948));
#1813=EDGE_LOOP('',(#3949,#3950,#3951,#3952));
#1814=EDGE_LOOP('',(#3953,#3954,#3955,#3956,#3957,#3958,#3959,#3960,#3961,
#3962,#3963,#3964));
#1815=EDGE_LOOP('',(#3965,#3966,#3967,#3968));
#1816=EDGE_LOOP('',(#3969,#3970,#3971,#3972,#3973,#3974,#3975,#3976));
#1817=EDGE_LOOP('',(#3977,#3978,#3979,#3980));
#1818=EDGE_LOOP('',(#3981,#3982,#3983,#3984));
#1819=EDGE_LOOP('',(#3985,#3986,#3987,#3988));
#1820=EDGE_LOOP('',(#3989,#3990,#3991,#3992));
#1821=EDGE_LOOP('',(#3993,#3994,#3995,#3996));
#1822=EDGE_LOOP('',(#3997,#3998,#3999,#4000));
#1823=EDGE_LOOP('',(#4001,#4002,#4003,#4004));
#1824=EDGE_LOOP('',(#4005,#4006,#4007,#4008));
#1825=EDGE_LOOP('',(#4009,#4010,#4011,#4012));
#1826=EDGE_LOOP('',(#4013,#4014,#4015,#4016));
#1827=EDGE_LOOP('',(#4017,#4018,#4019,#4020));
#1828=EDGE_LOOP('',(#4021,#4022,#4023,#4024));
#1829=EDGE_LOOP('',(#4025,#4026,#4027,#4028));
#1830=EDGE_LOOP('',(#4029,#4030,#4031,#4032));
#1831=EDGE_LOOP('',(#4033,#4034,#4035,#4036,#4037,#4038,#4039,#4040,#4041,
#4042,#4043,#4044));
#1832=EDGE_LOOP('',(#4045,#4046,#4047,#4048,#4049,#4050,#4051,#4052));
#1833=EDGE_LOOP('',(#4053,#4054,#4055,#4056));
#1834=EDGE_LOOP('',(#4057,#4058,#4059,#4060,#4061,#4062,#4063,#4064));
#1835=EDGE_LOOP('',(#4065,#4066,#4067,#4068));
#1836=EDGE_LOOP('',(#4069,#4070,#4071,#4072));
#1837=EDGE_LOOP('',(#4073,#4074,#4075,#4076));
#1838=EDGE_LOOP('',(#4077,#4078,#4079,#4080));
#1839=EDGE_LOOP('',(#4081,#4082,#4083,#4084));
#1840=EDGE_LOOP('',(#4085,#4086,#4087,#4088));
#1841=EDGE_LOOP('',(#4089,#4090,#4091,#4092,#4093,#4094,#4095,#4096,#4097,
#4098,#4099,#4100));
#1842=EDGE_LOOP('',(#4101,#4102,#4103,#4104,#4105,#4106,#4107,#4108));
#1843=EDGE_LOOP('',(#4109,#4110,#4111,#4112));
#1844=EDGE_LOOP('',(#4113,#4114,#4115,#4116,#4117,#4118,#4119,#4120));
#1845=EDGE_LOOP('',(#4121,#4122,#4123,#4124));
#1846=EDGE_LOOP('',(#4125,#4126,#4127,#4128));
#1847=EDGE_LOOP('',(#4129,#4130,#4131,#4132));
#1848=EDGE_LOOP('',(#4133,#4134,#4135,#4136));
#1849=EDGE_LOOP('',(#4137,#4138,#4139,#4140,#4141,#4142,#4143,#4144));
#1850=EDGE_LOOP('',(#4145,#4146,#4147,#4148));
#1851=EDGE_LOOP('',(#4149,#4150,#4151,#4152,#4153,#4154,#4155,#4156));
#1852=EDGE_LOOP('',(#4157,#4158,#4159,#4160,#4161,#4162,#4163,#4164,#4165,
#4166,#4167,#4168));
#1853=EDGE_LOOP('',(#4169,#4170,#4171,#4172,#4173,#4174,#4175,#4176,#4177,
#4178,#4179,#4180));
#1854=EDGE_LOOP('',(#4181,#4182,#4183,#4184,#4185,#4186,#4187,#4188));
#1855=EDGE_LOOP('',(#4189,#4190,#4191,#4192));
#1856=EDGE_LOOP('',(#4193,#4194,#4195,#4196));
#1857=EDGE_LOOP('',(#4197,#4198,#4199,#4200));
#1858=EDGE_LOOP('',(#4201,#4202,#4203,#4204,#4205,#4206,#4207,#4208));
#1859=EDGE_LOOP('',(#4209,#4210,#4211,#4212));
#1860=EDGE_LOOP('',(#4213,#4214,#4215,#4216));
#1861=EDGE_LOOP('',(#4217,#4218,#4219,#4220));
#1862=EDGE_LOOP('',(#4221,#4222,#4223,#4224));
#1863=EDGE_LOOP('',(#4225,#4226,#4227,#4228));
#1864=EDGE_LOOP('',(#4229,#4230,#4231,#4232));
#1865=EDGE_LOOP('',(#4233,#4234,#4235,#4236));
#1866=EDGE_LOOP('',(#4237,#4238,#4239,#4240));
#1867=EDGE_LOOP('',(#4241,#4242,#4243,#4244));
#1868=EDGE_LOOP('',(#4245,#4246,#4247,#4248));
#1869=EDGE_LOOP('',(#4249,#4250,#4251,#4252));
#1870=EDGE_LOOP('',(#4253,#4254,#4255,#4256));
#1871=EDGE_LOOP('',(#4257,#4258,#4259,#4260));
#1872=EDGE_LOOP('',(#4261,#4262,#4263,#4264));
#1873=EDGE_LOOP('',(#4265,#4266,#4267,#4268));
#1874=EDGE_LOOP('',(#4269,#4270,#4271,#4272));
#1875=EDGE_LOOP('',(#4273,#4274,#4275,#4276,#4277,#4278));
#1876=EDGE_LOOP('',(#4279,#4280,#4281,#4282,#4283,#4284));
#1877=EDGE_LOOP('',(#4285,#4286,#4287,#4288));
#1878=EDGE_LOOP('',(#4289,#4290,#4291,#4292));
#1879=EDGE_LOOP('',(#4293,#4294,#4295,#4296));
#1880=EDGE_LOOP('',(#4297,#4298,#4299,#4300));
#1881=EDGE_LOOP('',(#4301,#4302,#4303,#4304));
#1882=EDGE_LOOP('',(#4305,#4306,#4307,#4308));
#1883=EDGE_LOOP('',(#4309,#4310,#4311,#4312,#4313,#4314));
#1884=EDGE_LOOP('',(#4315,#4316,#4317,#4318,#4319,#4320));
#1885=EDGE_LOOP('',(#4321));
#1886=EDGE_LOOP('',(#4322));
#1887=EDGE_LOOP('',(#4323));
#1888=EDGE_LOOP('',(#4324));
#1889=EDGE_LOOP('',(#4325,#4326,#4327,#4328));
#1890=EDGE_LOOP('',(#4329,#4330,#4331,#4332));
#1891=EDGE_LOOP('',(#4333,#4334,#4335,#4336));
#1892=EDGE_LOOP('',(#4337,#4338,#4339,#4340));
#1893=EDGE_LOOP('',(#4341,#4342,#4343,#4344));
#1894=EDGE_LOOP('',(#4345,#4346,#4347,#4348));
#1895=EDGE_LOOP('',(#4349,#4350,#4351,#4352));
#1896=EDGE_LOOP('',(#4353,#4354,#4355,#4356));
#1897=EDGE_LOOP('',(#4357,#4358,#4359,#4360,#4361,#4362,#4363,#4364));
#1898=EDGE_LOOP('',(#4365,#4366,#4367,#4368,#4369,#4370,#4371,#4372));
#1899=CIRCLE('',#4647,0.200000000000001);
#1900=CIRCLE('',#4648,0.2);
#1901=CIRCLE('',#4649,0.2);
#1902=CIRCLE('',#4651,0.200000000000001);
#1903=CIRCLE('',#4653,0.2);
#1904=CIRCLE('',#4654,0.2);
#1905=CIRCLE('',#4660,0.2);
#1906=CIRCLE('',#4662,0.2);
#1907=CIRCLE('',#4663,0.2);
#1908=CIRCLE('',#4665,0.2);
#1909=CIRCLE('',#4666,0.2);
#1910=CIRCLE('',#4668,0.2);
#1911=CIRCLE('',#4670,0.199999999999999);
#1912=CIRCLE('',#4671,0.2);
#1913=CIRCLE('',#4673,0.2);
#1914=CIRCLE('',#4675,0.2);
#1915=CIRCLE('',#4676,0.2);
#1916=CIRCLE('',#4678,0.2);
#1917=CIRCLE('',#4686,0.8);
#1918=CIRCLE('',#4687,0.8);
#1919=CIRCLE('',#4723,0.363536943144096);
#1920=CIRCLE('',#4732,0.406000000000001);
#1921=CIRCLE('',#4733,0.506);
#1922=CIRCLE('',#4736,0.406);
#1923=CIRCLE('',#4737,0.506);
#1924=CIRCLE('',#4740,0.406);
#1925=CIRCLE('',#4741,0.506);
#1926=CIRCLE('',#4744,0.406);
#1927=CIRCLE('',#4745,0.506);
#1928=CIRCLE('',#4748,0.506);
#1929=CIRCLE('',#4751,0.506);
#1930=CIRCLE('',#4754,0.506);
#1931=CIRCLE('',#4757,0.506);
#1932=CIRCLE('',#4769,0.506);
#1933=CIRCLE('',#4770,0.506);
#1934=CIRCLE('',#4774,0.506);
#1935=CIRCLE('',#4775,0.506);
#1936=CIRCLE('',#4782,0.506);
#1937=CIRCLE('',#4783,0.506);
#1938=CIRCLE('',#4787,0.506);
#1939=CIRCLE('',#4789,0.506);
#1940=CIRCLE('',#4803,0.506);
#1941=CIRCLE('',#4804,0.506);
#1942=CIRCLE('',#4806,0.506);
#1943=CIRCLE('',#4809,0.506);
#1944=CIRCLE('',#4812,0.506);
#1945=CIRCLE('',#4813,0.506);
#1946=CIRCLE('',#4819,0.506);
#1947=CIRCLE('',#4820,0.506);
#1948=CIRCLE('',#4830,0.506);
#1949=CIRCLE('',#4831,0.506);
#1950=CIRCLE('',#4833,0.506);
#1951=CIRCLE('',#4834,0.506);
#1952=CIRCLE('',#4842,0.506);
#1953=CIRCLE('',#4843,0.506);
#1954=CIRCLE('',#4847,0.506);
#1955=CIRCLE('',#4850,0.506);
#1956=CIRCLE('',#4865,0.506);
#1957=CIRCLE('',#4866,0.506);
#1958=CIRCLE('',#4868,0.506);
#1959=CIRCLE('',#4869,0.506);
#1960=CIRCLE('',#4872,0.506);
#1961=CIRCLE('',#4873,0.506);
#1962=CIRCLE('',#4878,0.506);
#1963=CIRCLE('',#4879,0.506);
#1964=CIRCLE('',#4889,0.506);
#1965=CIRCLE('',#4890,0.506);
#1966=CIRCLE('',#4894,0.506);
#1967=CIRCLE('',#4895,0.506);
#1968=CIRCLE('',#4897,0.506);
#1969=CIRCLE('',#4898,0.506);
#1970=CIRCLE('',#4905,0.506);
#1971=CIRCLE('',#4906,0.506);
#1972=CIRCLE('',#4923,0.506);
#1973=CIRCLE('',#4924,0.506);
#1974=CIRCLE('',#4926,0.506);
#1975=CIRCLE('',#4929,0.506);
#1976=CIRCLE('',#4932,0.506);
#1977=CIRCLE('',#4933,0.506);
#1978=CIRCLE('',#4939,0.506);
#1979=CIRCLE('',#4940,0.506);
#1980=CIRCLE('',#4950,0.506);
#1981=CIRCLE('',#4951,0.506);
#1982=CIRCLE('',#4954,0.506);
#1983=CIRCLE('',#4955,0.506);
#1984=CIRCLE('',#4957,0.506);
#1985=CIRCLE('',#4958,0.506);
#1986=CIRCLE('',#4960,0.506);
#1987=CIRCLE('',#4961,0.506);
#1988=CIRCLE('',#4988,0.27350456216302);
#1989=CIRCLE('',#4989,0.27350456216302);
#1990=VERTEX_POINT('',#6243);
#1991=VERTEX_POINT('',#6244);
#1992=VERTEX_POINT('',#6246);
#1993=VERTEX_POINT('',#6250);
#1994=VERTEX_POINT('',#6252);
#1995=VERTEX_POINT('',#6256);
#1996=VERTEX_POINT('',#6260);
#1997=VERTEX_POINT('',#6262);
#1998=VERTEX_POINT('',#6266);
#1999=VERTEX_POINT('',#6268);
#2000=VERTEX_POINT('',#6272);
#2001=VERTEX_POINT('',#6274);
#2002=VERTEX_POINT('',#6278);
#2003=VERTEX_POINT('',#6280);
#2004=VERTEX_POINT('',#6282);
#2005=VERTEX_POINT('',#6286);
#2006=VERTEX_POINT('',#6288);
#2007=VERTEX_POINT('',#6290);
#2008=VERTEX_POINT('',#6296);
#2009=VERTEX_POINT('',#6298);
#2010=VERTEX_POINT('',#6300);
#2011=VERTEX_POINT('',#6306);
#2012=VERTEX_POINT('',#6315);
#2013=VERTEX_POINT('',#6317);
#2014=VERTEX_POINT('',#6322);
#2015=VERTEX_POINT('',#6324);
#2016=VERTEX_POINT('',#6326);
#2017=VERTEX_POINT('',#6333);
#2018=VERTEX_POINT('',#6334);
#2019=VERTEX_POINT('',#6338);
#2020=VERTEX_POINT('',#6340);
#2021=VERTEX_POINT('',#6342);
#2022=VERTEX_POINT('',#6344);
#2023=VERTEX_POINT('',#6348);
#2024=VERTEX_POINT('',#6350);
#2025=VERTEX_POINT('',#6354);
#2026=VERTEX_POINT('',#6355);
#2027=VERTEX_POINT('',#6358);
#2028=VERTEX_POINT('',#6362);
#2029=VERTEX_POINT('',#6366);
#2030=VERTEX_POINT('',#6368);
#2031=VERTEX_POINT('',#6374);
#2032=VERTEX_POINT('',#6376);
#2033=VERTEX_POINT('',#6378);
#2034=VERTEX_POINT('',#6382);
#2035=VERTEX_POINT('',#6384);
#2036=VERTEX_POINT('',#6390);
#2037=VERTEX_POINT('',#6394);
#2038=VERTEX_POINT('',#6396);
#2039=VERTEX_POINT('',#6398);
#2040=VERTEX_POINT('',#6408);
#2041=VERTEX_POINT('',#6409);
#2042=VERTEX_POINT('',#6411);
#2043=VERTEX_POINT('',#6413);
#2044=VERTEX_POINT('',#6417);
#2045=VERTEX_POINT('',#6418);
#2046=VERTEX_POINT('',#6423);
#2047=VERTEX_POINT('',#6427);
#2048=VERTEX_POINT('',#6461);
#2049=VERTEX_POINT('',#6469);
#2050=VERTEX_POINT('',#6470);
#2051=VERTEX_POINT('',#6472);
#2052=VERTEX_POINT('',#6474);
#2053=VERTEX_POINT('',#6478);
#2054=VERTEX_POINT('',#6480);
#2055=VERTEX_POINT('',#6484);
#2056=VERTEX_POINT('',#6486);
#2057=VERTEX_POINT('',#6493);
#2058=VERTEX_POINT('',#6494);
#2059=VERTEX_POINT('',#6496);
#2060=VERTEX_POINT('',#6498);
#2061=VERTEX_POINT('',#6502);
#2062=VERTEX_POINT('',#6503);
#2063=VERTEX_POINT('',#6508);
#2064=VERTEX_POINT('',#6509);
#2065=VERTEX_POINT('',#6514);
#2066=VERTEX_POINT('',#6515);
#2067=VERTEX_POINT('',#6520);
#2068=VERTEX_POINT('',#6521);
#2069=VERTEX_POINT('',#6526);
#2070=VERTEX_POINT('',#6527);
#2071=VERTEX_POINT('',#6532);
#2072=VERTEX_POINT('',#6533);
#2073=VERTEX_POINT('',#6538);
#2074=VERTEX_POINT('',#6539);
#2075=VERTEX_POINT('',#6544);
#2076=VERTEX_POINT('',#6545);
#2077=VERTEX_POINT('',#6550);
#2078=VERTEX_POINT('',#6552);
#2079=VERTEX_POINT('',#6556);
#2080=VERTEX_POINT('',#6560);
#2081=VERTEX_POINT('',#6564);
#2082=VERTEX_POINT('',#6568);
#2083=VERTEX_POINT('',#6572);
#2084=VERTEX_POINT('',#6576);
#2085=VERTEX_POINT('',#6580);
#2086=VERTEX_POINT('',#6584);
#2087=VERTEX_POINT('',#6586);
#2088=VERTEX_POINT('',#6590);
#2089=VERTEX_POINT('',#6592);
#2090=VERTEX_POINT('',#6594);
#2091=VERTEX_POINT('',#6598);
#2092=VERTEX_POINT('',#6600);
#2093=VERTEX_POINT('',#6604);
#2094=VERTEX_POINT('',#6605);
#2095=VERTEX_POINT('',#6617);
#2096=VERTEX_POINT('',#6618);
#2097=VERTEX_POINT('',#6620);
#2098=VERTEX_POINT('',#6622);
#2099=VERTEX_POINT('',#6626);
#2100=VERTEX_POINT('',#6627);
#2101=VERTEX_POINT('',#6629);
#2102=VERTEX_POINT('',#6631);
#2103=VERTEX_POINT('',#6633);
#2104=VERTEX_POINT('',#6635);
#2105=VERTEX_POINT('',#6637);
#2106=VERTEX_POINT('',#6639);
#2107=VERTEX_POINT('',#6643);
#2108=VERTEX_POINT('',#6645);
#2109=VERTEX_POINT('',#6649);
#2110=VERTEX_POINT('',#6650);
#2111=VERTEX_POINT('',#6652);
#2112=VERTEX_POINT('',#6654);
#2113=VERTEX_POINT('',#6658);
#2114=VERTEX_POINT('',#6660);
#2115=VERTEX_POINT('',#6662);
#2116=VERTEX_POINT('',#6664);
#2117=VERTEX_POINT('',#6666);
#2118=VERTEX_POINT('',#6668);
#2119=VERTEX_POINT('',#6675);
#2120=VERTEX_POINT('',#6677);
#2121=VERTEX_POINT('',#6685);
#2122=VERTEX_POINT('',#6687);
#2123=VERTEX_POINT('',#6691);
#2124=VERTEX_POINT('',#6693);
#2125=VERTEX_POINT('',#6695);
#2126=VERTEX_POINT('',#6698);
#2127=VERTEX_POINT('',#6700);
#2128=VERTEX_POINT('',#6702);
#2129=VERTEX_POINT('',#6709);
#2130=VERTEX_POINT('',#6713);
#2131=VERTEX_POINT('',#6717);
#2132=VERTEX_POINT('',#6719);
#2133=VERTEX_POINT('',#6722);
#2134=VERTEX_POINT('',#6724);
#2135=VERTEX_POINT('',#6739);
#2136=VERTEX_POINT('',#6740);
#2137=VERTEX_POINT('',#6742);
#2138=VERTEX_POINT('',#6744);
#2139=VERTEX_POINT('',#6748);
#2140=VERTEX_POINT('',#6749);
#2141=VERTEX_POINT('',#6751);
#2142=VERTEX_POINT('',#6753);
#2143=VERTEX_POINT('',#6757);
#2144=VERTEX_POINT('',#6758);
#2145=VERTEX_POINT('',#6763);
#2146=VERTEX_POINT('',#6764);
#2147=VERTEX_POINT('',#6769);
#2148=VERTEX_POINT('',#6770);
#2149=VERTEX_POINT('',#6775);
#2150=VERTEX_POINT('',#6777);
#2151=VERTEX_POINT('',#6781);
#2152=VERTEX_POINT('',#6782);
#2153=VERTEX_POINT('',#6784);
#2154=VERTEX_POINT('',#6787);
#2155=VERTEX_POINT('',#6792);
#2156=VERTEX_POINT('',#6793);
#2157=VERTEX_POINT('',#6795);
#2158=VERTEX_POINT('',#6797);
#2159=VERTEX_POINT('',#6799);
#2160=VERTEX_POINT('',#6801);
#2161=VERTEX_POINT('',#6808);
#2162=VERTEX_POINT('',#6810);
#2163=VERTEX_POINT('',#6812);
#2164=VERTEX_POINT('',#6814);
#2165=VERTEX_POINT('',#6816);
#2166=VERTEX_POINT('',#6820);
#2167=VERTEX_POINT('',#6822);
#2168=VERTEX_POINT('',#6826);
#2169=VERTEX_POINT('',#6830);
#2170=VERTEX_POINT('',#6831);
#2171=VERTEX_POINT('',#6833);
#2172=VERTEX_POINT('',#6835);
#2173=VERTEX_POINT('',#6842);
#2174=VERTEX_POINT('',#6844);
#2175=VERTEX_POINT('',#6861);
#2176=VERTEX_POINT('',#6862);
#2177=VERTEX_POINT('',#6864);
#2178=VERTEX_POINT('',#6866);
#2179=VERTEX_POINT('',#6870);
#2180=VERTEX_POINT('',#6871);
#2181=VERTEX_POINT('',#6873);
#2182=VERTEX_POINT('',#6875);
#2183=VERTEX_POINT('',#6879);
#2184=VERTEX_POINT('',#6881);
#2185=VERTEX_POINT('',#6883);
#2186=VERTEX_POINT('',#6885);
#2187=VERTEX_POINT('',#6887);
#2188=VERTEX_POINT('',#6889);
#2189=VERTEX_POINT('',#6893);
#2190=VERTEX_POINT('',#6894);
#2191=VERTEX_POINT('',#6896);
#2192=VERTEX_POINT('',#6898);
#2193=VERTEX_POINT('',#6900);
#2194=VERTEX_POINT('',#6902);
#2195=VERTEX_POINT('',#6904);
#2196=VERTEX_POINT('',#6906);
#2197=VERTEX_POINT('',#6910);
#2198=VERTEX_POINT('',#6912);
#2199=VERTEX_POINT('',#6925);
#2200=VERTEX_POINT('',#6927);
#2201=VERTEX_POINT('',#6931);
#2202=VERTEX_POINT('',#6933);
#2203=VERTEX_POINT('',#6935);
#2204=VERTEX_POINT('',#6938);
#2205=VERTEX_POINT('',#6940);
#2206=VERTEX_POINT('',#6942);
#2207=VERTEX_POINT('',#6944);
#2208=VERTEX_POINT('',#6950);
#2209=VERTEX_POINT('',#6954);
#2210=VERTEX_POINT('',#6955);
#2211=VERTEX_POINT('',#6962);
#2212=VERTEX_POINT('',#6964);
#2213=VERTEX_POINT('',#6967);
#2214=VERTEX_POINT('',#6969);
#2215=VERTEX_POINT('',#6983);
#2216=VERTEX_POINT('',#6984);
#2217=VERTEX_POINT('',#6986);
#2218=VERTEX_POINT('',#6988);
#2219=VERTEX_POINT('',#6992);
#2220=VERTEX_POINT('',#6994);
#2221=VERTEX_POINT('',#6998);
#2222=VERTEX_POINT('',#6999);
#2223=VERTEX_POINT('',#7001);
#2224=VERTEX_POINT('',#7003);
#2225=VERTEX_POINT('',#7007);
#2226=VERTEX_POINT('',#7008);
#2227=VERTEX_POINT('',#7010);
#2228=VERTEX_POINT('',#7012);
#2229=VERTEX_POINT('',#7016);
#2230=VERTEX_POINT('',#7017);
#2231=VERTEX_POINT('',#7022);
#2232=VERTEX_POINT('',#7023);
#2233=VERTEX_POINT('',#7028);
#2234=VERTEX_POINT('',#7029);
#2235=VERTEX_POINT('',#7034);
#2236=VERTEX_POINT('',#7036);
#2237=VERTEX_POINT('',#7040);
#2238=VERTEX_POINT('',#7042);
#2239=VERTEX_POINT('',#7046);
#2240=VERTEX_POINT('',#7047);
#2241=VERTEX_POINT('',#7050);
#2242=VERTEX_POINT('',#7052);
#2243=VERTEX_POINT('',#7054);
#2244=VERTEX_POINT('',#7056);
#2245=VERTEX_POINT('',#7063);
#2246=VERTEX_POINT('',#7065);
#2247=VERTEX_POINT('',#7070);
#2248=VERTEX_POINT('',#7074);
#2249=VERTEX_POINT('',#7075);
#2250=VERTEX_POINT('',#7077);
#2251=VERTEX_POINT('',#7079);
#2252=VERTEX_POINT('',#7081);
#2253=VERTEX_POINT('',#7086);
#2254=VERTEX_POINT('',#7088);
#2255=VERTEX_POINT('',#7105);
#2256=VERTEX_POINT('',#7106);
#2257=VERTEX_POINT('',#7108);
#2258=VERTEX_POINT('',#7110);
#2259=VERTEX_POINT('',#7114);
#2260=VERTEX_POINT('',#7115);
#2261=VERTEX_POINT('',#7117);
#2262=VERTEX_POINT('',#7119);
#2263=VERTEX_POINT('',#7121);
#2264=VERTEX_POINT('',#7123);
#2265=VERTEX_POINT('',#7125);
#2266=VERTEX_POINT('',#7127);
#2267=VERTEX_POINT('',#7131);
#2268=VERTEX_POINT('',#7133);
#2269=VERTEX_POINT('',#7137);
#2270=VERTEX_POINT('',#7138);
#2271=VERTEX_POINT('',#7140);
#2272=VERTEX_POINT('',#7142);
#2273=VERTEX_POINT('',#7146);
#2274=VERTEX_POINT('',#7148);
#2275=VERTEX_POINT('',#7150);
#2276=VERTEX_POINT('',#7152);
#2277=VERTEX_POINT('',#7154);
#2278=VERTEX_POINT('',#7156);
#2279=VERTEX_POINT('',#7160);
#2280=VERTEX_POINT('',#7162);
#2281=VERTEX_POINT('',#7164);
#2282=VERTEX_POINT('',#7166);
#2283=VERTEX_POINT('',#7169);
#2284=VERTEX_POINT('',#7171);
#2285=VERTEX_POINT('',#7173);
#2286=VERTEX_POINT('',#7175);
#2287=VERTEX_POINT('',#7179);
#2288=VERTEX_POINT('',#7190);
#2289=VERTEX_POINT('',#7194);
#2290=VERTEX_POINT('',#7196);
#2291=VERTEX_POINT('',#7198);
#2292=VERTEX_POINT('',#7201);
#2293=VERTEX_POINT('',#7203);
#2294=VERTEX_POINT('',#7205);
#2295=VERTEX_POINT('',#7227);
#2296=VERTEX_POINT('',#7228);
#2297=VERTEX_POINT('',#7230);
#2298=VERTEX_POINT('',#7232);
#2299=VERTEX_POINT('',#7236);
#2300=VERTEX_POINT('',#7237);
#2301=VERTEX_POINT('',#7239);
#2302=VERTEX_POINT('',#7241);
#2303=VERTEX_POINT('',#7245);
#2304=VERTEX_POINT('',#7246);
#2305=VERTEX_POINT('',#7251);
#2306=VERTEX_POINT('',#7252);
#2307=VERTEX_POINT('',#7257);
#2308=VERTEX_POINT('',#7258);
#2309=VERTEX_POINT('',#7263);
#2310=VERTEX_POINT('',#7265);
#2311=VERTEX_POINT('',#7269);
#2312=VERTEX_POINT('',#7270);
#2313=VERTEX_POINT('',#7272);
#2314=VERTEX_POINT('',#7275);
#2315=VERTEX_POINT('',#7280);
#2316=VERTEX_POINT('',#7281);
#2317=VERTEX_POINT('',#7283);
#2318=VERTEX_POINT('',#7285);
#2319=VERTEX_POINT('',#7287);
#2320=VERTEX_POINT('',#7289);
#2321=VERTEX_POINT('',#7296);
#2322=VERTEX_POINT('',#7298);
#2323=VERTEX_POINT('',#7300);
#2324=VERTEX_POINT('',#7302);
#2325=VERTEX_POINT('',#7304);
#2326=VERTEX_POINT('',#7308);
#2327=VERTEX_POINT('',#7310);
#2328=VERTEX_POINT('',#7314);
#2329=VERTEX_POINT('',#7318);
#2330=VERTEX_POINT('',#7319);
#2331=VERTEX_POINT('',#7321);
#2332=VERTEX_POINT('',#7323);
#2333=VERTEX_POINT('',#7330);
#2334=VERTEX_POINT('',#7332);
#2335=VERTEX_POINT('',#7349);
#2336=VERTEX_POINT('',#7350);
#2337=VERTEX_POINT('',#7352);
#2338=VERTEX_POINT('',#7354);
#2339=VERTEX_POINT('',#7358);
#2340=VERTEX_POINT('',#7359);
#2341=VERTEX_POINT('',#7361);
#2342=VERTEX_POINT('',#7363);
#2343=VERTEX_POINT('',#7367);
#2344=VERTEX_POINT('',#7369);
#2345=VERTEX_POINT('',#7371);
#2346=VERTEX_POINT('',#7373);
#2347=VERTEX_POINT('',#7375);
#2348=VERTEX_POINT('',#7377);
#2349=VERTEX_POINT('',#7381);
#2350=VERTEX_POINT('',#7382);
#2351=VERTEX_POINT('',#7384);
#2352=VERTEX_POINT('',#7386);
#2353=VERTEX_POINT('',#7390);
#2354=VERTEX_POINT('',#7392);
#2355=VERTEX_POINT('',#7394);
#2356=VERTEX_POINT('',#7396);
#2357=VERTEX_POINT('',#7398);
#2358=VERTEX_POINT('',#7400);
#2359=VERTEX_POINT('',#7404);
#2360=VERTEX_POINT('',#7406);
#2361=VERTEX_POINT('',#7408);
#2362=VERTEX_POINT('',#7410);
#2363=VERTEX_POINT('',#7413);
#2364=VERTEX_POINT('',#7415);
#2365=VERTEX_POINT('',#7417);
#2366=VERTEX_POINT('',#7419);
#2367=VERTEX_POINT('',#7423);
#2368=VERTEX_POINT('',#7425);
#2369=VERTEX_POINT('',#7427);
#2370=VERTEX_POINT('',#7429);
#2371=VERTEX_POINT('',#7432);
#2372=VERTEX_POINT('',#7434);
#2373=VERTEX_POINT('',#7436);
#2374=VERTEX_POINT('',#7438);
#2375=VERTEX_POINT('',#7479);
#2376=VERTEX_POINT('',#7480);
#2377=VERTEX_POINT('',#7485);
#2378=VERTEX_POINT('',#7487);
#2379=VERTEX_POINT('',#7501);
#2380=VERTEX_POINT('',#7506);
#2381=VERTEX_POINT('',#7520);
#2382=VERTEX_POINT('',#7525);
#2383=VERTEX_POINT('',#7532);
#2384=VERTEX_POINT('',#7534);
#2385=VERTEX_POINT('',#7545);
#2386=VERTEX_POINT('',#7550);
#2387=VERTEX_POINT('',#7562);
#2388=VERTEX_POINT('',#7563);
#2389=VERTEX_POINT('',#7565);
#2390=VERTEX_POINT('',#7567);
#2391=VERTEX_POINT('',#7578);
#2392=VERTEX_POINT('',#7583);
#2393=VERTEX_POINT('',#7590);
#2394=VERTEX_POINT('',#7592);
#2395=VERTEX_POINT('',#7596);
#2396=VERTEX_POINT('',#7598);
#2397=VERTEX_POINT('',#7609);
#2398=VERTEX_POINT('',#7614);
#2399=VERTEX_POINT('',#7639);
#2400=VERTEX_POINT('',#7641);
#2401=VERTEX_POINT('',#7653);
#2402=VERTEX_POINT('',#7654);
#2403=VERTEX_POINT('',#7659);
#2404=VERTEX_POINT('',#7661);
#2405=VERTEX_POINT('',#7668);
#2406=VERTEX_POINT('',#7670);
#2407=VERTEX_POINT('',#7674);
#2408=VERTEX_POINT('',#7676);
#2409=VERTEX_POINT('',#7680);
#2410=VERTEX_POINT('',#7682);
#2411=VERTEX_POINT('',#7686);
#2412=VERTEX_POINT('',#7688);
#2413=VERTEX_POINT('',#7699);
#2414=VERTEX_POINT('',#7704);
#2415=VERTEX_POINT('',#7711);
#2416=VERTEX_POINT('',#7713);
#2417=EDGE_CURVE('',#1990,#1991,#1899,.T.);
#2418=EDGE_CURVE('',#1991,#1992,#1900,.T.);
#2419=EDGE_CURVE('',#1992,#1990,#1901,.T.);
#2420=EDGE_CURVE('',#1990,#1993,#295,.T.);
#2421=EDGE_CURVE('',#1993,#1994,#1902,.T.);
#2422=EDGE_CURVE('',#1994,#1991,#296,.T.);
#2423=EDGE_CURVE('',#1993,#1995,#1903,.T.);
#2424=EDGE_CURVE('',#1995,#1994,#1904,.T.);
#2425=EDGE_CURVE('',#1996,#1990,#297,.T.);
#2426=EDGE_CURVE('',#1996,#1997,#298,.T.);
#2427=EDGE_CURVE('',#1993,#1997,#299,.T.);
#2428=EDGE_CURVE('',#1992,#1998,#300,.T.);
#2429=EDGE_CURVE('',#1998,#1999,#95,.T.);
#2430=EDGE_CURVE('',#1999,#1996,#96,.T.);
#2431=EDGE_CURVE('',#1991,#2000,#301,.T.);
#2432=EDGE_CURVE('',#2001,#2000,#1905,.T.);
#2433=EDGE_CURVE('',#2001,#1992,#302,.T.);
#2434=EDGE_CURVE('',#2001,#2002,#1906,.T.);
#2435=EDGE_CURVE('',#2002,#2003,#303,.T.);
#2436=EDGE_CURVE('',#2003,#2004,#1907,.T.);
#2437=EDGE_CURVE('',#2004,#2001,#304,.T.);
#2438=EDGE_CURVE('',#2005,#2003,#1908,.T.);
#2439=EDGE_CURVE('',#2003,#2006,#305,.T.);
#2440=EDGE_CURVE('',#2006,#2007,#1909,.T.);
#2441=EDGE_CURVE('',#2007,#2005,#306,.T.);
#2442=EDGE_CURVE('',#2005,#2004,#1910,.T.);
#2443=EDGE_CURVE('',#2008,#2006,#1911,.T.);
#2444=EDGE_CURVE('',#2006,#2009,#307,.T.);
#2445=EDGE_CURVE('',#2009,#2010,#1912,.T.);
#2446=EDGE_CURVE('',#2010,#2008,#308,.T.);
#2447=EDGE_CURVE('',#2008,#2007,#1913,.T.);
#2448=EDGE_CURVE('',#2011,#2009,#1914,.T.);
#2449=EDGE_CURVE('',#2009,#2002,#309,.T.);
#2450=EDGE_CURVE('',#2002,#2000,#1915,.T.);
#2451=EDGE_CURVE('',#2000,#2011,#310,.T.);
#2452=EDGE_CURVE('',#2011,#2010,#1916,.T.);
#2453=EDGE_CURVE('',#2008,#2012,#311,.T.);
#2454=EDGE_CURVE('',#2012,#2013,#97,.T.);
#2455=EDGE_CURVE('',#2013,#2007,#312,.T.);
#2456=EDGE_CURVE('',#1995,#2010,#313,.T.);
#2457=EDGE_CURVE('',#2014,#1995,#314,.T.);
#2458=EDGE_CURVE('',#2014,#2015,#315,.T.);
#2459=EDGE_CURVE('',#2016,#2015,#316,.T.);
#2460=EDGE_CURVE('',#2012,#2016,#317,.T.);
#2461=EDGE_CURVE('',#2011,#1994,#318,.T.);
#2462=EDGE_CURVE('',#2017,#2018,#1917,.T.);
#2463=EDGE_CURVE('',#2018,#2017,#1918,.T.);
#2464=EDGE_CURVE('',#2019,#1998,#319,.T.);
#2465=EDGE_CURVE('',#2020,#2019,#98,.T.);
#2466=EDGE_CURVE('',#2021,#2020,#320,.T.);
#2467=EDGE_CURVE('',#2021,#2022,#321,.T.);
#2468=EDGE_CURVE('',#2022,#1999,#322,.T.);
#2469=EDGE_CURVE('',#2023,#2004,#323,.T.);
#2470=EDGE_CURVE('',#2024,#2023,#324,.T.);
#2471=EDGE_CURVE('',#2019,#2024,#325,.T.);
#2472=EDGE_CURVE('',#2025,#2026,#326,.T.);
#2473=EDGE_CURVE('',#2026,#2020,#99,.T.);
#2474=EDGE_CURVE('',#2024,#2027,#100,.T.);
#2475=EDGE_CURVE('',#2027,#2025,#101,.T.);
#2476=EDGE_CURVE('',#2026,#2028,#327,.T.);
#2477=EDGE_CURVE('',#2028,#2021,#102,.T.);
#2478=EDGE_CURVE('',#2029,#2027,#328,.T.);
#2479=EDGE_CURVE('',#2023,#2030,#103,.T.);
#2480=EDGE_CURVE('',#2030,#2029,#104,.T.);
#2481=EDGE_CURVE('',#2005,#2030,#329,.T.);
#2482=EDGE_CURVE('',#2025,#2031,#330,.T.);
#2483=EDGE_CURVE('',#2032,#2031,#331,.T.);
#2484=EDGE_CURVE('',#2033,#2032,#332,.T.);
#2485=EDGE_CURVE('',#2033,#2028,#333,.T.);
#2486=EDGE_CURVE('',#2034,#2029,#334,.T.);
#2487=EDGE_CURVE('',#2035,#2034,#335,.T.);
#2488=EDGE_CURVE('',#2031,#2035,#105,.T.);
#2489=EDGE_CURVE('',#2034,#2013,#106,.T.);
#2490=EDGE_CURVE('',#1997,#2036,#107,.T.);
#2491=EDGE_CURVE('',#2036,#2014,#108,.T.);
#2492=EDGE_CURVE('',#2037,#2036,#336,.T.);
#2493=EDGE_CURVE('',#2037,#2038,#337,.T.);
#2494=EDGE_CURVE('',#2039,#2038,#338,.T.);
#2495=EDGE_CURVE('',#2015,#2039,#109,.T.);
#2496=EDGE_CURVE('',#2038,#2033,#110,.T.);
#2497=EDGE_CURVE('',#2032,#2039,#111,.T.);
#2498=EDGE_CURVE('',#2016,#2035,#112,.T.);
#2499=EDGE_CURVE('',#2040,#2041,#339,.T.);
#2500=EDGE_CURVE('',#2042,#2040,#340,.T.);
#2501=EDGE_CURVE('',#2043,#2042,#341,.T.);
#2502=EDGE_CURVE('',#2041,#2043,#342,.T.);
#2503=EDGE_CURVE('',#2044,#2045,#343,.T.);
#2504=EDGE_CURVE('',#2044,#2043,#344,.T.);
#2505=EDGE_CURVE('',#2045,#2042,#345,.T.);
#2506=EDGE_CURVE('',#2046,#2044,#346,.T.);
#2507=EDGE_CURVE('',#2041,#2046,#347,.T.);
#2508=EDGE_CURVE('',#2045,#2047,#348,.T.);
#2509=EDGE_CURVE('',#2047,#2040,#349,.T.);
#2510=EDGE_CURVE('',#2047,#2022,#350,.T.);
#2511=EDGE_CURVE('',#2037,#2046,#351,.T.);
#2512=EDGE_CURVE('',#2018,#2048,#89,.T.);
#2513=EDGE_CURVE('',#2048,#2048,#1919,.T.);
#2514=EDGE_CURVE('',#2049,#2050,#352,.T.);
#2515=EDGE_CURVE('',#2049,#2051,#353,.T.);
#2516=EDGE_CURVE('',#2052,#2051,#354,.T.);
#2517=EDGE_CURVE('',#2052,#2050,#355,.T.);
#2518=EDGE_CURVE('',#2050,#2053,#356,.T.);
#2519=EDGE_CURVE('',#2054,#2052,#357,.T.);
#2520=EDGE_CURVE('',#2054,#2053,#358,.T.);
#2521=EDGE_CURVE('',#2053,#2055,#359,.T.);
#2522=EDGE_CURVE('',#2056,#2054,#360,.T.);
#2523=EDGE_CURVE('',#2056,#2055,#361,.T.);
#2524=EDGE_CURVE('',#2055,#2049,#362,.T.);
#2525=EDGE_CURVE('',#2051,#2056,#363,.T.);
#2526=EDGE_CURVE('',#2057,#2058,#364,.T.);
#2527=EDGE_CURVE('',#2058,#2059,#365,.T.);
#2528=EDGE_CURVE('',#2059,#2060,#366,.T.);
#2529=EDGE_CURVE('',#2060,#2057,#367,.T.);
#2530=EDGE_CURVE('',#2061,#2062,#368,.T.);
#2531=EDGE_CURVE('',#2062,#2060,#1920,.T.);
#2532=EDGE_CURVE('',#2059,#2061,#1921,.T.);
#2533=EDGE_CURVE('',#2063,#2064,#369,.T.);
#2534=EDGE_CURVE('',#2064,#2062,#370,.T.);
#2535=EDGE_CURVE('',#2061,#2063,#371,.T.);
#2536=EDGE_CURVE('',#2065,#2066,#372,.T.);
#2537=EDGE_CURVE('',#2066,#2064,#1922,.T.);
#2538=EDGE_CURVE('',#2063,#2065,#1923,.T.);
#2539=EDGE_CURVE('',#2067,#2068,#373,.T.);
#2540=EDGE_CURVE('',#2068,#2066,#374,.T.);
#2541=EDGE_CURVE('',#2065,#2067,#375,.T.);
#2542=EDGE_CURVE('',#2069,#2070,#376,.T.);
#2543=EDGE_CURVE('',#2070,#2068,#1924,.T.);
#2544=EDGE_CURVE('',#2067,#2069,#1925,.T.);
#2545=EDGE_CURVE('',#2071,#2072,#377,.T.);
#2546=EDGE_CURVE('',#2072,#2070,#378,.T.);
#2547=EDGE_CURVE('',#2069,#2071,#379,.T.);
#2548=EDGE_CURVE('',#2073,#2074,#380,.T.);
#2549=EDGE_CURVE('',#2074,#2072,#1926,.T.);
#2550=EDGE_CURVE('',#2071,#2073,#1927,.T.);
#2551=EDGE_CURVE('',#2075,#2076,#381,.T.);
#2552=EDGE_CURVE('',#2076,#2074,#382,.T.);
#2553=EDGE_CURVE('',#2073,#2075,#383,.T.);
#2554=EDGE_CURVE('',#2077,#2071,#384,.T.);
#2555=EDGE_CURVE('',#2077,#2078,#1928,.T.);
#2556=EDGE_CURVE('',#2078,#2073,#385,.T.);
#2557=EDGE_CURVE('',#2079,#2069,#386,.T.);
#2558=EDGE_CURVE('',#2079,#2077,#387,.T.);
#2559=EDGE_CURVE('',#2080,#2067,#388,.T.);
#2560=EDGE_CURVE('',#2080,#2079,#1929,.T.);
#2561=EDGE_CURVE('',#2081,#2065,#389,.T.);
#2562=EDGE_CURVE('',#2081,#2080,#390,.T.);
#2563=EDGE_CURVE('',#2082,#2063,#391,.T.);
#2564=EDGE_CURVE('',#2082,#2081,#1930,.T.);
#2565=EDGE_CURVE('',#2083,#2061,#392,.T.);
#2566=EDGE_CURVE('',#2083,#2082,#393,.T.);
#2567=EDGE_CURVE('',#2059,#2084,#394,.T.);
#2568=EDGE_CURVE('',#2084,#2083,#1931,.T.);
#2569=EDGE_CURVE('',#2085,#2058,#395,.T.);
#2570=EDGE_CURVE('',#2085,#2084,#396,.T.);
#2571=EDGE_CURVE('',#2086,#2057,#397,.T.);
#2572=EDGE_CURVE('',#2086,#2087,#398,.T.);
#2573=EDGE_CURVE('',#2087,#2085,#399,.T.);
#2574=EDGE_CURVE('',#2076,#2088,#400,.T.);
#2575=EDGE_CURVE('',#2088,#2089,#401,.T.);
#2576=EDGE_CURVE('',#2089,#2090,#402,.T.);
#2577=EDGE_CURVE('',#2090,#2086,#403,.T.);
#2578=EDGE_CURVE('',#2075,#2091,#404,.T.);
#2579=EDGE_CURVE('',#2091,#2092,#405,.T.);
#2580=EDGE_CURVE('',#2092,#2088,#406,.T.);
#2581=EDGE_CURVE('',#2093,#2094,#407,.T.);
#2582=EDGE_CURVE('',#2094,#2090,#408,.T.);
#2583=EDGE_CURVE('',#2093,#2089,#409,.T.);
#2584=EDGE_CURVE('',#2092,#2093,#410,.T.);
#2585=EDGE_CURVE('',#2094,#2087,#411,.T.);
#2586=EDGE_CURVE('',#2078,#2091,#412,.T.);
#2587=EDGE_CURVE('',#2095,#2096,#413,.T.);
#2588=EDGE_CURVE('',#2096,#2097,#414,.T.);
#2589=EDGE_CURVE('',#2097,#2098,#415,.T.);
#2590=EDGE_CURVE('',#2098,#2095,#416,.T.);
#2591=EDGE_CURVE('',#2099,#2100,#417,.T.);
#2592=EDGE_CURVE('',#2101,#2099,#1932,.T.);
#2593=EDGE_CURVE('',#2102,#2101,#418,.T.);
#2594=EDGE_CURVE('',#2102,#2103,#419,.T.);
#2595=EDGE_CURVE('',#2104,#2103,#420,.T.);
#2596=EDGE_CURVE('',#2105,#2104,#1933,.T.);
#2597=EDGE_CURVE('',#2106,#2105,#421,.T.);
#2598=EDGE_CURVE('',#2100,#2106,#422,.T.);
#2599=EDGE_CURVE('',#2107,#2102,#423,.T.);
#2600=EDGE_CURVE('',#2108,#2107,#424,.T.);
#2601=EDGE_CURVE('',#2103,#2108,#425,.T.);
#2602=EDGE_CURVE('',#2109,#2110,#426,.T.);
#2603=EDGE_CURVE('',#2111,#2109,#427,.T.);
#2604=EDGE_CURVE('',#2112,#2111,#428,.T.);
#2605=EDGE_CURVE('',#2112,#2110,#429,.T.);
#2606=EDGE_CURVE('',#2110,#2113,#430,.T.);
#2607=EDGE_CURVE('',#2114,#2112,#431,.T.);
#2608=EDGE_CURVE('',#2115,#2114,#1934,.T.);
#2609=EDGE_CURVE('',#2116,#2115,#432,.T.);
#2610=EDGE_CURVE('',#2117,#2116,#433,.T.);
#2611=EDGE_CURVE('',#2118,#2117,#434,.T.);
#2612=EDGE_CURVE('',#2113,#2118,#1935,.T.);
#2613=EDGE_CURVE('',#2104,#2113,#435,.T.);
#2614=EDGE_CURVE('',#2105,#2118,#436,.T.);
#2615=EDGE_CURVE('',#2119,#2108,#437,.T.);
#2616=EDGE_CURVE('',#2120,#2119,#438,.T.);
#2617=EDGE_CURVE('',#2109,#2120,#439,.T.);
#2618=EDGE_CURVE('',#2106,#2117,#440,.T.);
#2619=EDGE_CURVE('',#2100,#2116,#441,.T.);
#2620=EDGE_CURVE('',#2121,#2095,#442,.T.);
#2621=EDGE_CURVE('',#2122,#2121,#443,.T.);
#2622=EDGE_CURVE('',#2096,#2122,#444,.T.);
#2623=EDGE_CURVE('',#2107,#2123,#445,.T.);
#2624=EDGE_CURVE('',#2124,#2123,#1936,.T.);
#2625=EDGE_CURVE('',#2124,#2125,#446,.T.);
#2626=EDGE_CURVE('',#2125,#2121,#447,.T.);
#2627=EDGE_CURVE('',#2098,#2126,#448,.T.);
#2628=EDGE_CURVE('',#2126,#2127,#449,.T.);
#2629=EDGE_CURVE('',#2127,#2128,#450,.T.);
#2630=EDGE_CURVE('',#2119,#2128,#1937,.T.);
#2631=EDGE_CURVE('',#2099,#2115,#451,.T.);
#2632=EDGE_CURVE('',#2114,#2101,#452,.T.);
#2633=EDGE_CURVE('',#2129,#2111,#453,.T.);
#2634=EDGE_CURVE('',#2123,#2129,#454,.T.);
#2635=EDGE_CURVE('',#2130,#2120,#1938,.T.);
#2636=EDGE_CURVE('',#2128,#2130,#455,.T.);
#2637=EDGE_CURVE('',#2130,#2131,#456,.T.);
#2638=EDGE_CURVE('',#2131,#2132,#457,.T.);
#2639=EDGE_CURVE('',#2132,#2097,#458,.T.);
#2640=EDGE_CURVE('',#2122,#2133,#459,.T.);
#2641=EDGE_CURVE('',#2133,#2134,#460,.T.);
#2642=EDGE_CURVE('',#2129,#2134,#1939,.T.);
#2643=EDGE_CURVE('',#2134,#2124,#461,.T.);
#2644=EDGE_CURVE('',#2126,#2132,#462,.T.);
#2645=EDGE_CURVE('',#2127,#2131,#463,.T.);
#2646=EDGE_CURVE('',#2125,#2133,#464,.T.);
#2647=EDGE_CURVE('',#2135,#2136,#465,.T.);
#2648=EDGE_CURVE('',#2137,#2136,#466,.T.);
#2649=EDGE_CURVE('',#2137,#2138,#467,.T.);
#2650=EDGE_CURVE('',#2135,#2138,#468,.T.);
#2651=EDGE_CURVE('',#2139,#2140,#469,.T.);
#2652=EDGE_CURVE('',#2141,#2139,#470,.T.);
#2653=EDGE_CURVE('',#2141,#2142,#471,.T.);
#2654=EDGE_CURVE('',#2140,#2142,#472,.T.);
#2655=EDGE_CURVE('',#2143,#2144,#473,.T.);
#2656=EDGE_CURVE('',#2138,#2143,#474,.T.);
#2657=EDGE_CURVE('',#2144,#2137,#475,.T.);
#2658=EDGE_CURVE('',#2145,#2146,#476,.T.);
#2659=EDGE_CURVE('',#2142,#2146,#477,.T.);
#2660=EDGE_CURVE('',#2145,#2141,#478,.T.);
#2661=EDGE_CURVE('',#2147,#2148,#479,.T.);
#2662=EDGE_CURVE('',#2146,#2147,#480,.T.);
#2663=EDGE_CURVE('',#2148,#2145,#481,.T.);
#2664=EDGE_CURVE('',#2144,#2149,#1940,.T.);
#2665=EDGE_CURVE('',#2149,#2150,#482,.T.);
#2666=EDGE_CURVE('',#2150,#2143,#1941,.T.);
#2667=EDGE_CURVE('',#2151,#2152,#483,.T.);
#2668=EDGE_CURVE('',#2152,#2153,#484,.T.);
#2669=EDGE_CURVE('',#2140,#2153,#1942,.T.);
#2670=EDGE_CURVE('',#2154,#2147,#485,.T.);
#2671=EDGE_CURVE('',#2154,#2135,#486,.T.);
#2672=EDGE_CURVE('',#2150,#2151,#487,.T.);
#2673=EDGE_CURVE('',#2155,#2156,#488,.T.);
#2674=EDGE_CURVE('',#2157,#2156,#489,.T.);
#2675=EDGE_CURVE('',#2157,#2158,#490,.T.);
#2676=EDGE_CURVE('',#2158,#2159,#491,.T.);
#2677=EDGE_CURVE('',#2160,#2159,#492,.T.);
#2678=EDGE_CURVE('',#2153,#2160,#493,.T.);
#2679=EDGE_CURVE('',#2152,#2155,#494,.T.);
#2680=EDGE_CURVE('',#2160,#2139,#1943,.T.);
#2681=EDGE_CURVE('',#2161,#2151,#495,.T.);
#2682=EDGE_CURVE('',#2162,#2149,#496,.T.);
#2683=EDGE_CURVE('',#2162,#2163,#497,.T.);
#2684=EDGE_CURVE('',#2163,#2164,#498,.T.);
#2685=EDGE_CURVE('',#2165,#2164,#499,.T.);
#2686=EDGE_CURVE('',#2165,#2161,#500,.T.);
#2687=EDGE_CURVE('',#2166,#2165,#1944,.T.);
#2688=EDGE_CURVE('',#2164,#2167,#1945,.T.);
#2689=EDGE_CURVE('',#2167,#2166,#501,.T.);
#2690=EDGE_CURVE('',#2168,#2154,#502,.T.);
#2691=EDGE_CURVE('',#2136,#2168,#503,.T.);
#2692=EDGE_CURVE('',#2169,#2170,#504,.T.);
#2693=EDGE_CURVE('',#2171,#2170,#505,.T.);
#2694=EDGE_CURVE('',#2171,#2172,#506,.T.);
#2695=EDGE_CURVE('',#2172,#2169,#507,.T.);
#2696=EDGE_CURVE('',#2170,#2166,#508,.T.);
#2697=EDGE_CURVE('',#2167,#2171,#509,.T.);
#2698=EDGE_CURVE('',#2173,#2169,#510,.T.);
#2699=EDGE_CURVE('',#2172,#2174,#511,.T.);
#2700=EDGE_CURVE('',#2174,#2173,#512,.T.);
#2701=EDGE_CURVE('',#2156,#2173,#1946,.T.);
#2702=EDGE_CURVE('',#2174,#2157,#1947,.T.);
#2703=EDGE_CURVE('',#2159,#2162,#513,.T.);
#2704=EDGE_CURVE('',#2148,#2168,#514,.T.);
#2705=EDGE_CURVE('',#2163,#2158,#515,.T.);
#2706=EDGE_CURVE('',#2161,#2155,#516,.T.);
#2707=EDGE_CURVE('',#2175,#2176,#517,.T.);
#2708=EDGE_CURVE('',#2176,#2177,#518,.T.);
#2709=EDGE_CURVE('',#2177,#2178,#519,.T.);
#2710=EDGE_CURVE('',#2178,#2175,#520,.T.);
#2711=EDGE_CURVE('',#2179,#2180,#521,.T.);
#2712=EDGE_CURVE('',#2181,#2179,#522,.T.);
#2713=EDGE_CURVE('',#2182,#2181,#523,.T.);
#2714=EDGE_CURVE('',#2182,#2180,#524,.T.);
#2715=EDGE_CURVE('',#2180,#2183,#525,.T.);
#2716=EDGE_CURVE('',#2184,#2182,#526,.T.);
#2717=EDGE_CURVE('',#2185,#2184,#1948,.T.);
#2718=EDGE_CURVE('',#2186,#2185,#527,.T.);
#2719=EDGE_CURVE('',#2187,#2186,#528,.T.);
#2720=EDGE_CURVE('',#2188,#2187,#529,.T.);
#2721=EDGE_CURVE('',#2183,#2188,#1949,.T.);
#2722=EDGE_CURVE('',#2189,#2190,#530,.T.);
#2723=EDGE_CURVE('',#2191,#2189,#1950,.T.);
#2724=EDGE_CURVE('',#2192,#2191,#531,.T.);
#2725=EDGE_CURVE('',#2192,#2193,#532,.T.);
#2726=EDGE_CURVE('',#2194,#2193,#533,.T.);
#2727=EDGE_CURVE('',#2195,#2194,#1951,.T.);
#2728=EDGE_CURVE('',#2196,#2195,#534,.T.);
#2729=EDGE_CURVE('',#2190,#2196,#535,.T.);
#2730=EDGE_CURVE('',#2197,#2192,#536,.T.);
#2731=EDGE_CURVE('',#2198,#2197,#537,.T.);
#2732=EDGE_CURVE('',#2193,#2198,#538,.T.);
#2733=EDGE_CURVE('',#2190,#2186,#539,.T.);
#2734=EDGE_CURVE('',#2196,#2187,#540,.T.);
#2735=EDGE_CURVE('',#2189,#2185,#541,.T.);
#2736=EDGE_CURVE('',#2195,#2188,#542,.T.);
#2737=EDGE_CURVE('',#2194,#2183,#543,.T.);
#2738=EDGE_CURVE('',#2199,#2175,#544,.T.);
#2739=EDGE_CURVE('',#2200,#2199,#545,.T.);
#2740=EDGE_CURVE('',#2176,#2200,#546,.T.);
#2741=EDGE_CURVE('',#2197,#2201,#547,.T.);
#2742=EDGE_CURVE('',#2202,#2201,#1952,.T.);
#2743=EDGE_CURVE('',#2202,#2203,#548,.T.);
#2744=EDGE_CURVE('',#2203,#2199,#549,.T.);
#2745=EDGE_CURVE('',#2178,#2204,#550,.T.);
#2746=EDGE_CURVE('',#2204,#2205,#551,.T.);
#2747=EDGE_CURVE('',#2205,#2206,#552,.T.);
#2748=EDGE_CURVE('',#2207,#2206,#1953,.T.);
#2749=EDGE_CURVE('',#2207,#2198,#553,.T.);
#2750=EDGE_CURVE('',#2184,#2191,#554,.T.);
#2751=EDGE_CURVE('',#2208,#2181,#555,.T.);
#2752=EDGE_CURVE('',#2201,#2208,#556,.T.);
#2753=EDGE_CURVE('',#2209,#2210,#1954,.T.);
#2754=EDGE_CURVE('',#2210,#2207,#557,.T.);
#2755=EDGE_CURVE('',#2206,#2209,#558,.T.);
#2756=EDGE_CURVE('',#2179,#2210,#559,.T.);
#2757=EDGE_CURVE('',#2209,#2211,#560,.T.);
#2758=EDGE_CURVE('',#2211,#2212,#561,.T.);
#2759=EDGE_CURVE('',#2212,#2177,#562,.T.);
#2760=EDGE_CURVE('',#2200,#2213,#563,.T.);
#2761=EDGE_CURVE('',#2213,#2214,#564,.T.);
#2762=EDGE_CURVE('',#2208,#2214,#1955,.T.);
#2763=EDGE_CURVE('',#2214,#2202,#565,.T.);
#2764=EDGE_CURVE('',#2204,#2212,#566,.T.);
#2765=EDGE_CURVE('',#2205,#2211,#567,.T.);
#2766=EDGE_CURVE('',#2203,#2213,#568,.T.);
#2767=EDGE_CURVE('',#2215,#2216,#569,.T.);
#2768=EDGE_CURVE('',#2217,#2216,#570,.T.);
#2769=EDGE_CURVE('',#2217,#2218,#571,.T.);
#2770=EDGE_CURVE('',#2218,#2215,#572,.T.);
#2771=EDGE_CURVE('',#2216,#2219,#573,.T.);
#2772=EDGE_CURVE('',#2220,#2219,#574,.T.);
#2773=EDGE_CURVE('',#2220,#2217,#575,.T.);
#2774=EDGE_CURVE('',#2221,#2222,#576,.T.);
#2775=EDGE_CURVE('',#2223,#2222,#577,.T.);
#2776=EDGE_CURVE('',#2223,#2224,#578,.T.);
#2777=EDGE_CURVE('',#2221,#2224,#579,.T.);
#2778=EDGE_CURVE('',#2225,#2226,#580,.T.);
#2779=EDGE_CURVE('',#2227,#2225,#581,.T.);
#2780=EDGE_CURVE('',#2227,#2228,#582,.T.);
#2781=EDGE_CURVE('',#2226,#2228,#583,.T.);
#2782=EDGE_CURVE('',#2229,#2230,#584,.T.);
#2783=EDGE_CURVE('',#2224,#2229,#585,.T.);
#2784=EDGE_CURVE('',#2230,#2223,#586,.T.);
#2785=EDGE_CURVE('',#2231,#2232,#587,.T.);
#2786=EDGE_CURVE('',#2228,#2232,#588,.T.);
#2787=EDGE_CURVE('',#2231,#2227,#589,.T.);
#2788=EDGE_CURVE('',#2233,#2234,#590,.T.);
#2789=EDGE_CURVE('',#2232,#2233,#591,.T.);
#2790=EDGE_CURVE('',#2234,#2231,#592,.T.);
#2791=EDGE_CURVE('',#2230,#2235,#1956,.T.);
#2792=EDGE_CURVE('',#2235,#2236,#593,.T.);
#2793=EDGE_CURVE('',#2236,#2229,#1957,.T.);
#2794=EDGE_CURVE('',#2226,#2237,#1958,.T.);
#2795=EDGE_CURVE('',#2237,#2238,#594,.T.);
#2796=EDGE_CURVE('',#2238,#2225,#1959,.T.);
#2797=EDGE_CURVE('',#2239,#2240,#595,.T.);
#2798=EDGE_CURVE('',#2236,#2240,#596,.T.);
#2799=EDGE_CURVE('',#2241,#2235,#597,.T.);
#2800=EDGE_CURVE('',#2241,#2242,#598,.T.);
#2801=EDGE_CURVE('',#2242,#2243,#599,.T.);
#2802=EDGE_CURVE('',#2244,#2243,#600,.T.);
#2803=EDGE_CURVE('',#2244,#2239,#601,.T.);
#2804=EDGE_CURVE('',#2219,#2244,#1960,.T.);
#2805=EDGE_CURVE('',#2243,#2220,#1961,.T.);
#2806=EDGE_CURVE('',#2245,#2241,#602,.T.);
#2807=EDGE_CURVE('',#2222,#2246,#603,.T.);
#2808=EDGE_CURVE('',#2234,#2246,#604,.T.);
#2809=EDGE_CURVE('',#2238,#2245,#605,.T.);
#2810=EDGE_CURVE('',#2246,#2247,#606,.T.);
#2811=EDGE_CURVE('',#2247,#2221,#607,.T.);
#2812=EDGE_CURVE('',#2248,#2249,#608,.T.);
#2813=EDGE_CURVE('',#2249,#2250,#609,.T.);
#2814=EDGE_CURVE('',#2251,#2250,#610,.T.);
#2815=EDGE_CURVE('',#2251,#2252,#611,.T.);
#2816=EDGE_CURVE('',#2252,#2245,#612,.T.);
#2817=EDGE_CURVE('',#2248,#2237,#613,.T.);
#2818=EDGE_CURVE('',#2250,#2253,#1962,.T.);
#2819=EDGE_CURVE('',#2254,#2253,#614,.T.);
#2820=EDGE_CURVE('',#2254,#2251,#1963,.T.);
#2821=EDGE_CURVE('',#2253,#2215,#615,.T.);
#2822=EDGE_CURVE('',#2218,#2254,#616,.T.);
#2823=EDGE_CURVE('',#2240,#2248,#617,.T.);
#2824=EDGE_CURVE('',#2247,#2233,#618,.T.);
#2825=EDGE_CURVE('',#2242,#2252,#619,.T.);
#2826=EDGE_CURVE('',#2239,#2249,#620,.T.);
#2827=EDGE_CURVE('',#2255,#2256,#621,.T.);
#2828=EDGE_CURVE('',#2256,#2257,#622,.T.);
#2829=EDGE_CURVE('',#2257,#2258,#623,.T.);
#2830=EDGE_CURVE('',#2258,#2255,#624,.T.);
#2831=EDGE_CURVE('',#2259,#2260,#625,.T.);
#2832=EDGE_CURVE('',#2261,#2259,#1964,.T.);
#2833=EDGE_CURVE('',#2262,#2261,#626,.T.);
#2834=EDGE_CURVE('',#2262,#2263,#627,.T.);
#2835=EDGE_CURVE('',#2264,#2263,#628,.T.);
#2836=EDGE_CURVE('',#2265,#2264,#1965,.T.);
#2837=EDGE_CURVE('',#2266,#2265,#629,.T.);
#2838=EDGE_CURVE('',#2260,#2266,#630,.T.);
#2839=EDGE_CURVE('',#2267,#2262,#631,.T.);
#2840=EDGE_CURVE('',#2268,#2267,#632,.T.);
#2841=EDGE_CURVE('',#2263,#2268,#633,.T.);
#2842=EDGE_CURVE('',#2269,#2270,#634,.T.);
#2843=EDGE_CURVE('',#2269,#2271,#635,.T.);
#2844=EDGE_CURVE('',#2272,#2271,#636,.T.);
#2845=EDGE_CURVE('',#2270,#2272,#637,.T.);
#2846=EDGE_CURVE('',#2273,#2269,#638,.T.);
#2847=EDGE_CURVE('',#2274,#2273,#1966,.T.);
#2848=EDGE_CURVE('',#2275,#2274,#639,.T.);
#2849=EDGE_CURVE('',#2276,#2275,#640,.T.);
#2850=EDGE_CURVE('',#2277,#2276,#641,.T.);
#2851=EDGE_CURVE('',#2278,#2277,#1967,.T.);
#2852=EDGE_CURVE('',#2271,#2278,#642,.T.);
#2853=EDGE_CURVE('',#2272,#2279,#643,.T.);
#2854=EDGE_CURVE('',#2280,#2279,#1968,.T.);
#2855=EDGE_CURVE('',#2280,#2281,#644,.T.);
#2856=EDGE_CURVE('',#2281,#2282,#645,.T.);
#2857=EDGE_CURVE('',#2282,#2256,#646,.T.);
#2858=EDGE_CURVE('',#2255,#2283,#647,.T.);
#2859=EDGE_CURVE('',#2283,#2284,#648,.T.);
#2860=EDGE_CURVE('',#2284,#2285,#649,.T.);
#2861=EDGE_CURVE('',#2286,#2285,#1969,.T.);
#2862=EDGE_CURVE('',#2286,#2270,#650,.T.);
#2863=EDGE_CURVE('',#2287,#2268,#651,.T.);
#2864=EDGE_CURVE('',#2279,#2287,#652,.T.);
#2865=EDGE_CURVE('',#2264,#2278,#653,.T.);
#2866=EDGE_CURVE('',#2265,#2277,#654,.T.);
#2867=EDGE_CURVE('',#2266,#2276,#655,.T.);
#2868=EDGE_CURVE('',#2260,#2275,#656,.T.);
#2869=EDGE_CURVE('',#2288,#2258,#657,.T.);
#2870=EDGE_CURVE('',#2283,#2288,#658,.T.);
#2871=EDGE_CURVE('',#2267,#2289,#659,.T.);
#2872=EDGE_CURVE('',#2290,#2289,#1970,.T.);
#2873=EDGE_CURVE('',#2290,#2291,#660,.T.);
#2874=EDGE_CURVE('',#2291,#2288,#661,.T.);
#2875=EDGE_CURVE('',#2257,#2292,#662,.T.);
#2876=EDGE_CURVE('',#2292,#2293,#663,.T.);
#2877=EDGE_CURVE('',#2293,#2294,#664,.T.);
#2878=EDGE_CURVE('',#2287,#2294,#1971,.T.);
#2879=EDGE_CURVE('',#2259,#2274,#665,.T.);
#2880=EDGE_CURVE('',#2273,#2261,#666,.T.);
#2881=EDGE_CURVE('',#2289,#2286,#667,.T.);
#2882=EDGE_CURVE('',#2294,#2280,#668,.T.);
#2883=EDGE_CURVE('',#2285,#2290,#669,.T.);
#2884=EDGE_CURVE('',#2292,#2282,#670,.T.);
#2885=EDGE_CURVE('',#2293,#2281,#671,.T.);
#2886=EDGE_CURVE('',#2291,#2284,#672,.T.);
#2887=EDGE_CURVE('',#2295,#2296,#673,.T.);
#2888=EDGE_CURVE('',#2297,#2296,#674,.T.);
#2889=EDGE_CURVE('',#2297,#2298,#675,.T.);
#2890=EDGE_CURVE('',#2295,#2298,#676,.T.);
#2891=EDGE_CURVE('',#2299,#2300,#677,.T.);
#2892=EDGE_CURVE('',#2301,#2299,#678,.T.);
#2893=EDGE_CURVE('',#2301,#2302,#679,.T.);
#2894=EDGE_CURVE('',#2300,#2302,#680,.T.);
#2895=EDGE_CURVE('',#2303,#2304,#681,.T.);
#2896=EDGE_CURVE('',#2298,#2303,#682,.T.);
#2897=EDGE_CURVE('',#2304,#2297,#683,.T.);
#2898=EDGE_CURVE('',#2305,#2306,#684,.T.);
#2899=EDGE_CURVE('',#2302,#2306,#685,.T.);
#2900=EDGE_CURVE('',#2305,#2301,#686,.T.);
#2901=EDGE_CURVE('',#2307,#2308,#687,.T.);
#2902=EDGE_CURVE('',#2306,#2307,#688,.T.);
#2903=EDGE_CURVE('',#2308,#2305,#689,.T.);
#2904=EDGE_CURVE('',#2304,#2309,#1972,.T.);
#2905=EDGE_CURVE('',#2309,#2310,#690,.T.);
#2906=EDGE_CURVE('',#2310,#2303,#1973,.T.);
#2907=EDGE_CURVE('',#2311,#2312,#691,.T.);
#2908=EDGE_CURVE('',#2312,#2313,#692,.T.);
#2909=EDGE_CURVE('',#2300,#2313,#1974,.T.);
#2910=EDGE_CURVE('',#2314,#2307,#693,.T.);
#2911=EDGE_CURVE('',#2314,#2295,#694,.T.);
#2912=EDGE_CURVE('',#2310,#2311,#695,.T.);
#2913=EDGE_CURVE('',#2315,#2316,#696,.T.);
#2914=EDGE_CURVE('',#2317,#2316,#697,.T.);
#2915=EDGE_CURVE('',#2317,#2318,#698,.T.);
#2916=EDGE_CURVE('',#2318,#2319,#699,.T.);
#2917=EDGE_CURVE('',#2320,#2319,#700,.T.);
#2918=EDGE_CURVE('',#2313,#2320,#701,.T.);
#2919=EDGE_CURVE('',#2312,#2315,#702,.T.);
#2920=EDGE_CURVE('',#2320,#2299,#1975,.T.);
#2921=EDGE_CURVE('',#2321,#2311,#703,.T.);
#2922=EDGE_CURVE('',#2322,#2309,#704,.T.);
#2923=EDGE_CURVE('',#2322,#2323,#705,.T.);
#2924=EDGE_CURVE('',#2323,#2324,#706,.T.);
#2925=EDGE_CURVE('',#2325,#2324,#707,.T.);
#2926=EDGE_CURVE('',#2325,#2321,#708,.T.);
#2927=EDGE_CURVE('',#2326,#2325,#1976,.T.);
#2928=EDGE_CURVE('',#2324,#2327,#1977,.T.);
#2929=EDGE_CURVE('',#2327,#2326,#709,.T.);
#2930=EDGE_CURVE('',#2328,#2314,#710,.T.);
#2931=EDGE_CURVE('',#2296,#2328,#711,.T.);
#2932=EDGE_CURVE('',#2329,#2330,#712,.T.);
#2933=EDGE_CURVE('',#2331,#2330,#713,.T.);
#2934=EDGE_CURVE('',#2331,#2332,#714,.T.);
#2935=EDGE_CURVE('',#2332,#2329,#715,.T.);
#2936=EDGE_CURVE('',#2330,#2326,#716,.T.);
#2937=EDGE_CURVE('',#2327,#2331,#717,.T.);
#2938=EDGE_CURVE('',#2333,#2329,#718,.T.);
#2939=EDGE_CURVE('',#2332,#2334,#719,.T.);
#2940=EDGE_CURVE('',#2334,#2333,#720,.T.);
#2941=EDGE_CURVE('',#2316,#2333,#1978,.T.);
#2942=EDGE_CURVE('',#2334,#2317,#1979,.T.);
#2943=EDGE_CURVE('',#2319,#2322,#721,.T.);
#2944=EDGE_CURVE('',#2308,#2328,#722,.T.);
#2945=EDGE_CURVE('',#2323,#2318,#723,.T.);
#2946=EDGE_CURVE('',#2321,#2315,#724,.T.);
#2947=EDGE_CURVE('',#2335,#2336,#725,.T.);
#2948=EDGE_CURVE('',#2336,#2337,#726,.T.);
#2949=EDGE_CURVE('',#2337,#2338,#727,.T.);
#2950=EDGE_CURVE('',#2338,#2335,#728,.T.);
#2951=EDGE_CURVE('',#2339,#2340,#729,.T.);
#2952=EDGE_CURVE('',#2341,#2339,#730,.T.);
#2953=EDGE_CURVE('',#2342,#2341,#731,.T.);
#2954=EDGE_CURVE('',#2340,#2342,#732,.T.);
#2955=EDGE_CURVE('',#2343,#2339,#733,.T.);
#2956=EDGE_CURVE('',#2344,#2343,#1980,.T.);
#2957=EDGE_CURVE('',#2345,#2344,#734,.T.);
#2958=EDGE_CURVE('',#2346,#2345,#735,.T.);
#2959=EDGE_CURVE('',#2347,#2346,#736,.T.);
#2960=EDGE_CURVE('',#2348,#2347,#1981,.T.);
#2961=EDGE_CURVE('',#2341,#2348,#737,.T.);
#2962=EDGE_CURVE('',#2349,#2350,#738,.T.);
#2963=EDGE_CURVE('',#2349,#2351,#739,.T.);
#2964=EDGE_CURVE('',#2352,#2351,#740,.T.);
#2965=EDGE_CURVE('',#2350,#2352,#741,.T.);
#2966=EDGE_CURVE('',#2353,#2349,#742,.T.);
#2967=EDGE_CURVE('',#2354,#2353,#1982,.T.);
#2968=EDGE_CURVE('',#2355,#2354,#743,.T.);
#2969=EDGE_CURVE('',#2356,#2355,#744,.T.);
#2970=EDGE_CURVE('',#2357,#2356,#745,.T.);
#2971=EDGE_CURVE('',#2358,#2357,#1983,.T.);
#2972=EDGE_CURVE('',#2351,#2358,#746,.T.);
#2973=EDGE_CURVE('',#2342,#2359,#747,.T.);
#2974=EDGE_CURVE('',#2360,#2359,#1984,.T.);
#2975=EDGE_CURVE('',#2360,#2361,#748,.T.);
#2976=EDGE_CURVE('',#2361,#2362,#749,.T.);
#2977=EDGE_CURVE('',#2362,#2338,#750,.T.);
#2978=EDGE_CURVE('',#2337,#2363,#751,.T.);
#2979=EDGE_CURVE('',#2363,#2364,#752,.T.);
#2980=EDGE_CURVE('',#2364,#2365,#753,.T.);
#2981=EDGE_CURVE('',#2366,#2365,#1985,.T.);
#2982=EDGE_CURVE('',#2366,#2340,#754,.T.);
#2983=EDGE_CURVE('',#2352,#2367,#755,.T.);
#2984=EDGE_CURVE('',#2368,#2367,#1986,.T.);
#2985=EDGE_CURVE('',#2368,#2369,#756,.T.);
#2986=EDGE_CURVE('',#2369,#2370,#757,.T.);
#2987=EDGE_CURVE('',#2370,#2336,#758,.T.);
#2988=EDGE_CURVE('',#2335,#2371,#759,.T.);
#2989=EDGE_CURVE('',#2371,#2372,#760,.T.);
#2990=EDGE_CURVE('',#2372,#2373,#761,.T.);
#2991=EDGE_CURVE('',#2374,#2373,#1987,.T.);
#2992=EDGE_CURVE('',#2374,#2350,#762,.T.);
#2993=EDGE_CURVE('',#2353,#2348,#763,.T.);
#2994=EDGE_CURVE('',#2359,#2374,#764,.T.);
#2995=EDGE_CURVE('',#2347,#2354,#765,.T.);
#2996=EDGE_CURVE('',#2346,#2355,#766,.T.);
#2997=EDGE_CURVE('',#2367,#2366,#767,.T.);
#2998=EDGE_CURVE('',#2365,#2368,#768,.T.);
#2999=EDGE_CURVE('',#2343,#2358,#769,.T.);
#3000=EDGE_CURVE('',#2344,#2357,#770,.T.);
#3001=EDGE_CURVE('',#2373,#2360,#771,.T.);
#3002=EDGE_CURVE('',#2363,#2370,#772,.T.);
#3003=EDGE_CURVE('',#2371,#2362,#773,.T.);
#3004=EDGE_CURVE('',#2364,#2369,#774,.T.);
#3005=EDGE_CURVE('',#2361,#2372,#775,.T.);
#3006=EDGE_CURVE('',#2345,#2356,#776,.T.);
#3007=EDGE_CURVE('',#2375,#2376,#23,.T.);
#3008=EDGE_CURVE('',#2376,#2377,#777,.T.);
#3009=EDGE_CURVE('',#2378,#2377,#24,.T.);
#3010=EDGE_CURVE('',#2375,#2378,#778,.T.);
#3011=EDGE_CURVE('',#2379,#2375,#25,.T.);
#3012=EDGE_CURVE('',#2380,#2378,#26,.T.);
#3013=EDGE_CURVE('',#2379,#2380,#779,.T.);
#3014=EDGE_CURVE('',#2381,#2379,#27,.T.);
#3015=EDGE_CURVE('',#2382,#2380,#28,.T.);
#3016=EDGE_CURVE('',#2381,#2382,#780,.T.);
#3017=EDGE_CURVE('',#2383,#2381,#781,.T.);
#3018=EDGE_CURVE('',#2384,#2382,#782,.T.);
#3019=EDGE_CURVE('',#2383,#2384,#783,.T.);
#3020=EDGE_CURVE('',#2385,#2383,#29,.T.);
#3021=EDGE_CURVE('',#2386,#2384,#30,.T.);
#3022=EDGE_CURVE('',#2385,#2386,#784,.T.);
#3023=EDGE_CURVE('',#2376,#2385,#785,.T.);
#3024=EDGE_CURVE('',#2377,#2386,#786,.T.);
#3025=EDGE_CURVE('',#2387,#2388,#787,.T.);
#3026=EDGE_CURVE('',#2387,#2389,#788,.T.);
#3027=EDGE_CURVE('',#2390,#2389,#789,.T.);
#3028=EDGE_CURVE('',#2388,#2390,#790,.T.);
#3029=EDGE_CURVE('',#2388,#2391,#31,.T.);
#3030=EDGE_CURVE('',#2392,#2390,#32,.T.);
#3031=EDGE_CURVE('',#2391,#2392,#791,.T.);
#3032=EDGE_CURVE('',#2391,#2393,#792,.T.);
#3033=EDGE_CURVE('',#2394,#2392,#793,.T.);
#3034=EDGE_CURVE('',#2393,#2394,#794,.T.);
#3035=EDGE_CURVE('',#2393,#2395,#795,.T.);
#3036=EDGE_CURVE('',#2396,#2394,#796,.T.);
#3037=EDGE_CURVE('',#2395,#2396,#797,.T.);
#3038=EDGE_CURVE('',#2395,#2397,#33,.T.);
#3039=EDGE_CURVE('',#2398,#2396,#34,.T.);
#3040=EDGE_CURVE('',#2397,#2398,#798,.T.);
#3041=EDGE_CURVE('',#2397,#2387,#35,.T.);
#3042=EDGE_CURVE('',#2389,#2398,#36,.T.);
#3043=EDGE_CURVE('',#2399,#2399,#1988,.T.);
#3044=EDGE_CURVE('',#2400,#2400,#1989,.T.);
#3045=EDGE_CURVE('',#2401,#2402,#37,.T.);
#3046=EDGE_CURVE('',#2402,#2403,#799,.T.);
#3047=EDGE_CURVE('',#2404,#2403,#38,.T.);
#3048=EDGE_CURVE('',#2401,#2404,#800,.T.);
#3049=EDGE_CURVE('',#2405,#2401,#801,.T.);
#3050=EDGE_CURVE('',#2406,#2404,#802,.T.);
#3051=EDGE_CURVE('',#2405,#2406,#803,.T.);
#3052=EDGE_CURVE('',#2407,#2405,#804,.T.);
#3053=EDGE_CURVE('',#2408,#2406,#805,.T.);
#3054=EDGE_CURVE('',#2407,#2408,#806,.T.);
#3055=EDGE_CURVE('',#2409,#2407,#807,.T.);
#3056=EDGE_CURVE('',#2410,#2408,#808,.T.);
#3057=EDGE_CURVE('',#2409,#2410,#809,.T.);
#3058=EDGE_CURVE('',#2411,#2409,#810,.T.);
#3059=EDGE_CURVE('',#2412,#2410,#811,.T.);
#3060=EDGE_CURVE('',#2411,#2412,#812,.T.);
#3061=EDGE_CURVE('',#2413,#2411,#39,.T.);
#3062=EDGE_CURVE('',#2414,#2412,#40,.T.);
#3063=EDGE_CURVE('',#2413,#2414,#813,.T.);
#3064=EDGE_CURVE('',#2415,#2413,#814,.T.);
#3065=EDGE_CURVE('',#2416,#2414,#815,.T.);
#3066=EDGE_CURVE('',#2415,#2416,#816,.T.);
#3067=EDGE_CURVE('',#2402,#2415,#41,.T.);
#3068=EDGE_CURVE('',#2403,#2416,#42,.T.);
#3069=ORIENTED_EDGE('',*,*,#2417,.T.);
#3070=ORIENTED_EDGE('',*,*,#2418,.T.);
#3071=ORIENTED_EDGE('',*,*,#2419,.T.);
#3072=ORIENTED_EDGE('',*,*,#2417,.F.);
#3073=ORIENTED_EDGE('',*,*,#2420,.T.);
#3074=ORIENTED_EDGE('',*,*,#2421,.T.);
#3075=ORIENTED_EDGE('',*,*,#2422,.T.);
#3076=ORIENTED_EDGE('',*,*,#2421,.F.);
#3077=ORIENTED_EDGE('',*,*,#2423,.T.);
#3078=ORIENTED_EDGE('',*,*,#2424,.T.);
#3079=ORIENTED_EDGE('',*,*,#2420,.F.);
#3080=ORIENTED_EDGE('',*,*,#2425,.F.);
#3081=ORIENTED_EDGE('',*,*,#2426,.T.);
#3082=ORIENTED_EDGE('',*,*,#2427,.F.);
#3083=ORIENTED_EDGE('',*,*,#2419,.F.);
#3084=ORIENTED_EDGE('',*,*,#2428,.T.);
#3085=ORIENTED_EDGE('',*,*,#2429,.T.);
#3086=ORIENTED_EDGE('',*,*,#2430,.T.);
#3087=ORIENTED_EDGE('',*,*,#2425,.T.);
#3088=ORIENTED_EDGE('',*,*,#2418,.F.);
#3089=ORIENTED_EDGE('',*,*,#2431,.T.);
#3090=ORIENTED_EDGE('',*,*,#2432,.F.);
#3091=ORIENTED_EDGE('',*,*,#2433,.T.);
#3092=ORIENTED_EDGE('',*,*,#2434,.T.);
#3093=ORIENTED_EDGE('',*,*,#2435,.T.);
#3094=ORIENTED_EDGE('',*,*,#2436,.T.);
#3095=ORIENTED_EDGE('',*,*,#2437,.T.);
#3096=ORIENTED_EDGE('',*,*,#2438,.T.);
#3097=ORIENTED_EDGE('',*,*,#2439,.T.);
#3098=ORIENTED_EDGE('',*,*,#2440,.T.);
#3099=ORIENTED_EDGE('',*,*,#2441,.T.);
#3100=ORIENTED_EDGE('',*,*,#2438,.F.);
#3101=ORIENTED_EDGE('',*,*,#2442,.T.);
#3102=ORIENTED_EDGE('',*,*,#2436,.F.);
#3103=ORIENTED_EDGE('',*,*,#2443,.T.);
#3104=ORIENTED_EDGE('',*,*,#2444,.T.);
#3105=ORIENTED_EDGE('',*,*,#2445,.T.);
#3106=ORIENTED_EDGE('',*,*,#2446,.T.);
#3107=ORIENTED_EDGE('',*,*,#2443,.F.);
#3108=ORIENTED_EDGE('',*,*,#2447,.T.);
#3109=ORIENTED_EDGE('',*,*,#2440,.F.);
#3110=ORIENTED_EDGE('',*,*,#2448,.T.);
#3111=ORIENTED_EDGE('',*,*,#2449,.T.);
#3112=ORIENTED_EDGE('',*,*,#2450,.T.);
#3113=ORIENTED_EDGE('',*,*,#2451,.T.);
#3114=ORIENTED_EDGE('',*,*,#2448,.F.);
#3115=ORIENTED_EDGE('',*,*,#2452,.T.);
#3116=ORIENTED_EDGE('',*,*,#2445,.F.);
#3117=ORIENTED_EDGE('',*,*,#2434,.F.);
#3118=ORIENTED_EDGE('',*,*,#2432,.T.);
#3119=ORIENTED_EDGE('',*,*,#2450,.F.);
#3120=ORIENTED_EDGE('',*,*,#2447,.F.);
#3121=ORIENTED_EDGE('',*,*,#2453,.T.);
#3122=ORIENTED_EDGE('',*,*,#2454,.T.);
#3123=ORIENTED_EDGE('',*,*,#2455,.T.);
#3124=ORIENTED_EDGE('',*,*,#2446,.F.);
#3125=ORIENTED_EDGE('',*,*,#2456,.F.);
#3126=ORIENTED_EDGE('',*,*,#2457,.F.);
#3127=ORIENTED_EDGE('',*,*,#2458,.T.);
#3128=ORIENTED_EDGE('',*,*,#2459,.F.);
#3129=ORIENTED_EDGE('',*,*,#2460,.F.);
#3130=ORIENTED_EDGE('',*,*,#2453,.F.);
#3131=ORIENTED_EDGE('',*,*,#2424,.F.);
#3132=ORIENTED_EDGE('',*,*,#2456,.T.);
#3133=ORIENTED_EDGE('',*,*,#2452,.F.);
#3134=ORIENTED_EDGE('',*,*,#2461,.T.);
#3135=ORIENTED_EDGE('',*,*,#2422,.F.);
#3136=ORIENTED_EDGE('',*,*,#2461,.F.);
#3137=ORIENTED_EDGE('',*,*,#2451,.F.);
#3138=ORIENTED_EDGE('',*,*,#2431,.F.);
#3139=ORIENTED_EDGE('',*,*,#2435,.F.);
#3140=ORIENTED_EDGE('',*,*,#2449,.F.);
#3141=ORIENTED_EDGE('',*,*,#2444,.F.);
#3142=ORIENTED_EDGE('',*,*,#2439,.F.);
#3143=ORIENTED_EDGE('',*,*,#2462,.T.);
#3144=ORIENTED_EDGE('',*,*,#2463,.T.);
#3145=ORIENTED_EDGE('',*,*,#2429,.F.);
#3146=ORIENTED_EDGE('',*,*,#2464,.F.);
#3147=ORIENTED_EDGE('',*,*,#2465,.F.);
#3148=ORIENTED_EDGE('',*,*,#2466,.F.);
#3149=ORIENTED_EDGE('',*,*,#2467,.T.);
#3150=ORIENTED_EDGE('',*,*,#2468,.T.);
#3151=ORIENTED_EDGE('',*,*,#2437,.F.);
#3152=ORIENTED_EDGE('',*,*,#2469,.F.);
#3153=ORIENTED_EDGE('',*,*,#2470,.F.);
#3154=ORIENTED_EDGE('',*,*,#2471,.F.);
#3155=ORIENTED_EDGE('',*,*,#2464,.T.);
#3156=ORIENTED_EDGE('',*,*,#2428,.F.);
#3157=ORIENTED_EDGE('',*,*,#2433,.F.);
#3158=ORIENTED_EDGE('',*,*,#2472,.T.);
#3159=ORIENTED_EDGE('',*,*,#2473,.T.);
#3160=ORIENTED_EDGE('',*,*,#2465,.T.);
#3161=ORIENTED_EDGE('',*,*,#2471,.T.);
#3162=ORIENTED_EDGE('',*,*,#2474,.T.);
#3163=ORIENTED_EDGE('',*,*,#2475,.T.);
#3164=ORIENTED_EDGE('',*,*,#2476,.T.);
#3165=ORIENTED_EDGE('',*,*,#2477,.T.);
#3166=ORIENTED_EDGE('',*,*,#2466,.T.);
#3167=ORIENTED_EDGE('',*,*,#2473,.F.);
#3168=ORIENTED_EDGE('',*,*,#2478,.T.);
#3169=ORIENTED_EDGE('',*,*,#2474,.F.);
#3170=ORIENTED_EDGE('',*,*,#2470,.T.);
#3171=ORIENTED_EDGE('',*,*,#2479,.T.);
#3172=ORIENTED_EDGE('',*,*,#2480,.T.);
#3173=ORIENTED_EDGE('',*,*,#2442,.F.);
#3174=ORIENTED_EDGE('',*,*,#2481,.T.);
#3175=ORIENTED_EDGE('',*,*,#2479,.F.);
#3176=ORIENTED_EDGE('',*,*,#2469,.T.);
#3177=ORIENTED_EDGE('',*,*,#2476,.F.);
#3178=ORIENTED_EDGE('',*,*,#2472,.F.);
#3179=ORIENTED_EDGE('',*,*,#2482,.T.);
#3180=ORIENTED_EDGE('',*,*,#2483,.F.);
#3181=ORIENTED_EDGE('',*,*,#2484,.F.);
#3182=ORIENTED_EDGE('',*,*,#2485,.T.);
#3183=ORIENTED_EDGE('',*,*,#2475,.F.);
#3184=ORIENTED_EDGE('',*,*,#2478,.F.);
#3185=ORIENTED_EDGE('',*,*,#2486,.F.);
#3186=ORIENTED_EDGE('',*,*,#2487,.F.);
#3187=ORIENTED_EDGE('',*,*,#2488,.F.);
#3188=ORIENTED_EDGE('',*,*,#2482,.F.);
#3189=ORIENTED_EDGE('',*,*,#2441,.F.);
#3190=ORIENTED_EDGE('',*,*,#2455,.F.);
#3191=ORIENTED_EDGE('',*,*,#2489,.F.);
#3192=ORIENTED_EDGE('',*,*,#2486,.T.);
#3193=ORIENTED_EDGE('',*,*,#2480,.F.);
#3194=ORIENTED_EDGE('',*,*,#2481,.F.);
#3195=ORIENTED_EDGE('',*,*,#2423,.F.);
#3196=ORIENTED_EDGE('',*,*,#2427,.T.);
#3197=ORIENTED_EDGE('',*,*,#2490,.T.);
#3198=ORIENTED_EDGE('',*,*,#2491,.T.);
#3199=ORIENTED_EDGE('',*,*,#2457,.T.);
#3200=ORIENTED_EDGE('',*,*,#2491,.F.);
#3201=ORIENTED_EDGE('',*,*,#2492,.F.);
#3202=ORIENTED_EDGE('',*,*,#2493,.T.);
#3203=ORIENTED_EDGE('',*,*,#2494,.F.);
#3204=ORIENTED_EDGE('',*,*,#2495,.F.);
#3205=ORIENTED_EDGE('',*,*,#2458,.F.);
#3206=ORIENTED_EDGE('',*,*,#2494,.T.);
#3207=ORIENTED_EDGE('',*,*,#2496,.T.);
#3208=ORIENTED_EDGE('',*,*,#2484,.T.);
#3209=ORIENTED_EDGE('',*,*,#2497,.T.);
#3210=ORIENTED_EDGE('',*,*,#2487,.T.);
#3211=ORIENTED_EDGE('',*,*,#2489,.T.);
#3212=ORIENTED_EDGE('',*,*,#2454,.F.);
#3213=ORIENTED_EDGE('',*,*,#2460,.T.);
#3214=ORIENTED_EDGE('',*,*,#2498,.T.);
#3215=ORIENTED_EDGE('',*,*,#2483,.T.);
#3216=ORIENTED_EDGE('',*,*,#2488,.T.);
#3217=ORIENTED_EDGE('',*,*,#2498,.F.);
#3218=ORIENTED_EDGE('',*,*,#2459,.T.);
#3219=ORIENTED_EDGE('',*,*,#2495,.T.);
#3220=ORIENTED_EDGE('',*,*,#2497,.F.);
#3221=ORIENTED_EDGE('',*,*,#2499,.F.);
#3222=ORIENTED_EDGE('',*,*,#2500,.F.);
#3223=ORIENTED_EDGE('',*,*,#2501,.F.);
#3224=ORIENTED_EDGE('',*,*,#2502,.F.);
#3225=ORIENTED_EDGE('',*,*,#2503,.F.);
#3226=ORIENTED_EDGE('',*,*,#2504,.T.);
#3227=ORIENTED_EDGE('',*,*,#2501,.T.);
#3228=ORIENTED_EDGE('',*,*,#2505,.F.);
#3229=ORIENTED_EDGE('',*,*,#2506,.F.);
#3230=ORIENTED_EDGE('',*,*,#2507,.F.);
#3231=ORIENTED_EDGE('',*,*,#2502,.T.);
#3232=ORIENTED_EDGE('',*,*,#2504,.F.);
#3233=ORIENTED_EDGE('',*,*,#2508,.F.);
#3234=ORIENTED_EDGE('',*,*,#2505,.T.);
#3235=ORIENTED_EDGE('',*,*,#2500,.T.);
#3236=ORIENTED_EDGE('',*,*,#2509,.F.);
#3237=ORIENTED_EDGE('',*,*,#2430,.F.);
#3238=ORIENTED_EDGE('',*,*,#2468,.F.);
#3239=ORIENTED_EDGE('',*,*,#2510,.F.);
#3240=ORIENTED_EDGE('',*,*,#2509,.T.);
#3241=ORIENTED_EDGE('',*,*,#2499,.T.);
#3242=ORIENTED_EDGE('',*,*,#2507,.T.);
#3243=ORIENTED_EDGE('',*,*,#2511,.F.);
#3244=ORIENTED_EDGE('',*,*,#2492,.T.);
#3245=ORIENTED_EDGE('',*,*,#2490,.F.);
#3246=ORIENTED_EDGE('',*,*,#2426,.F.);
#3247=ORIENTED_EDGE('',*,*,#2477,.F.);
#3248=ORIENTED_EDGE('',*,*,#2485,.F.);
#3249=ORIENTED_EDGE('',*,*,#2496,.F.);
#3250=ORIENTED_EDGE('',*,*,#2493,.F.);
#3251=ORIENTED_EDGE('',*,*,#2511,.T.);
#3252=ORIENTED_EDGE('',*,*,#2506,.T.);
#3253=ORIENTED_EDGE('',*,*,#2503,.T.);
#3254=ORIENTED_EDGE('',*,*,#2508,.T.);
#3255=ORIENTED_EDGE('',*,*,#2510,.T.);
#3256=ORIENTED_EDGE('',*,*,#2467,.F.);
#3257=ORIENTED_EDGE('',*,*,#2462,.F.);
#3258=ORIENTED_EDGE('',*,*,#2463,.F.);
#3259=ORIENTED_EDGE('',*,*,#2512,.T.);
#3260=ORIENTED_EDGE('',*,*,#2513,.T.);
#3261=ORIENTED_EDGE('',*,*,#2512,.F.);
#3262=ORIENTED_EDGE('',*,*,#2513,.F.);
#3263=ORIENTED_EDGE('',*,*,#2514,.F.);
#3264=ORIENTED_EDGE('',*,*,#2515,.T.);
#3265=ORIENTED_EDGE('',*,*,#2516,.F.);
#3266=ORIENTED_EDGE('',*,*,#2517,.T.);
#3267=ORIENTED_EDGE('',*,*,#2518,.F.);
#3268=ORIENTED_EDGE('',*,*,#2517,.F.);
#3269=ORIENTED_EDGE('',*,*,#2519,.F.);
#3270=ORIENTED_EDGE('',*,*,#2520,.T.);
#3271=ORIENTED_EDGE('',*,*,#2521,.F.);
#3272=ORIENTED_EDGE('',*,*,#2520,.F.);
#3273=ORIENTED_EDGE('',*,*,#2522,.F.);
#3274=ORIENTED_EDGE('',*,*,#2523,.T.);
#3275=ORIENTED_EDGE('',*,*,#2524,.F.);
#3276=ORIENTED_EDGE('',*,*,#2523,.F.);
#3277=ORIENTED_EDGE('',*,*,#2525,.F.);
#3278=ORIENTED_EDGE('',*,*,#2515,.F.);
#3279=ORIENTED_EDGE('',*,*,#2526,.T.);
#3280=ORIENTED_EDGE('',*,*,#2527,.T.);
#3281=ORIENTED_EDGE('',*,*,#2528,.T.);
#3282=ORIENTED_EDGE('',*,*,#2529,.T.);
#3283=ORIENTED_EDGE('',*,*,#2530,.T.);
#3284=ORIENTED_EDGE('',*,*,#2531,.T.);
#3285=ORIENTED_EDGE('',*,*,#2528,.F.);
#3286=ORIENTED_EDGE('',*,*,#2532,.T.);
#3287=ORIENTED_EDGE('',*,*,#2533,.T.);
#3288=ORIENTED_EDGE('',*,*,#2534,.T.);
#3289=ORIENTED_EDGE('',*,*,#2530,.F.);
#3290=ORIENTED_EDGE('',*,*,#2535,.T.);
#3291=ORIENTED_EDGE('',*,*,#2536,.T.);
#3292=ORIENTED_EDGE('',*,*,#2537,.T.);
#3293=ORIENTED_EDGE('',*,*,#2533,.F.);
#3294=ORIENTED_EDGE('',*,*,#2538,.T.);
#3295=ORIENTED_EDGE('',*,*,#2539,.T.);
#3296=ORIENTED_EDGE('',*,*,#2540,.T.);
#3297=ORIENTED_EDGE('',*,*,#2536,.F.);
#3298=ORIENTED_EDGE('',*,*,#2541,.T.);
#3299=ORIENTED_EDGE('',*,*,#2542,.T.);
#3300=ORIENTED_EDGE('',*,*,#2543,.T.);
#3301=ORIENTED_EDGE('',*,*,#2539,.F.);
#3302=ORIENTED_EDGE('',*,*,#2544,.T.);
#3303=ORIENTED_EDGE('',*,*,#2545,.T.);
#3304=ORIENTED_EDGE('',*,*,#2546,.T.);
#3305=ORIENTED_EDGE('',*,*,#2542,.F.);
#3306=ORIENTED_EDGE('',*,*,#2547,.T.);
#3307=ORIENTED_EDGE('',*,*,#2548,.T.);
#3308=ORIENTED_EDGE('',*,*,#2549,.T.);
#3309=ORIENTED_EDGE('',*,*,#2545,.F.);
#3310=ORIENTED_EDGE('',*,*,#2550,.T.);
#3311=ORIENTED_EDGE('',*,*,#2551,.T.);
#3312=ORIENTED_EDGE('',*,*,#2552,.T.);
#3313=ORIENTED_EDGE('',*,*,#2548,.F.);
#3314=ORIENTED_EDGE('',*,*,#2553,.T.);
#3315=ORIENTED_EDGE('',*,*,#2550,.F.);
#3316=ORIENTED_EDGE('',*,*,#2554,.F.);
#3317=ORIENTED_EDGE('',*,*,#2555,.T.);
#3318=ORIENTED_EDGE('',*,*,#2556,.T.);
#3319=ORIENTED_EDGE('',*,*,#2547,.F.);
#3320=ORIENTED_EDGE('',*,*,#2557,.F.);
#3321=ORIENTED_EDGE('',*,*,#2558,.T.);
#3322=ORIENTED_EDGE('',*,*,#2554,.T.);
#3323=ORIENTED_EDGE('',*,*,#2544,.F.);
#3324=ORIENTED_EDGE('',*,*,#2559,.F.);
#3325=ORIENTED_EDGE('',*,*,#2560,.T.);
#3326=ORIENTED_EDGE('',*,*,#2557,.T.);
#3327=ORIENTED_EDGE('',*,*,#2541,.F.);
#3328=ORIENTED_EDGE('',*,*,#2561,.F.);
#3329=ORIENTED_EDGE('',*,*,#2562,.T.);
#3330=ORIENTED_EDGE('',*,*,#2559,.T.);
#3331=ORIENTED_EDGE('',*,*,#2538,.F.);
#3332=ORIENTED_EDGE('',*,*,#2563,.F.);
#3333=ORIENTED_EDGE('',*,*,#2564,.T.);
#3334=ORIENTED_EDGE('',*,*,#2561,.T.);
#3335=ORIENTED_EDGE('',*,*,#2535,.F.);
#3336=ORIENTED_EDGE('',*,*,#2565,.F.);
#3337=ORIENTED_EDGE('',*,*,#2566,.T.);
#3338=ORIENTED_EDGE('',*,*,#2563,.T.);
#3339=ORIENTED_EDGE('',*,*,#2532,.F.);
#3340=ORIENTED_EDGE('',*,*,#2567,.T.);
#3341=ORIENTED_EDGE('',*,*,#2568,.T.);
#3342=ORIENTED_EDGE('',*,*,#2565,.T.);
#3343=ORIENTED_EDGE('',*,*,#2527,.F.);
#3344=ORIENTED_EDGE('',*,*,#2569,.F.);
#3345=ORIENTED_EDGE('',*,*,#2570,.T.);
#3346=ORIENTED_EDGE('',*,*,#2567,.F.);
#3347=ORIENTED_EDGE('',*,*,#2526,.F.);
#3348=ORIENTED_EDGE('',*,*,#2571,.F.);
#3349=ORIENTED_EDGE('',*,*,#2572,.T.);
#3350=ORIENTED_EDGE('',*,*,#2573,.T.);
#3351=ORIENTED_EDGE('',*,*,#2569,.T.);
#3352=ORIENTED_EDGE('',*,*,#2552,.F.);
#3353=ORIENTED_EDGE('',*,*,#2574,.T.);
#3354=ORIENTED_EDGE('',*,*,#2575,.T.);
#3355=ORIENTED_EDGE('',*,*,#2576,.T.);
#3356=ORIENTED_EDGE('',*,*,#2577,.T.);
#3357=ORIENTED_EDGE('',*,*,#2571,.T.);
#3358=ORIENTED_EDGE('',*,*,#2529,.F.);
#3359=ORIENTED_EDGE('',*,*,#2531,.F.);
#3360=ORIENTED_EDGE('',*,*,#2534,.F.);
#3361=ORIENTED_EDGE('',*,*,#2537,.F.);
#3362=ORIENTED_EDGE('',*,*,#2540,.F.);
#3363=ORIENTED_EDGE('',*,*,#2543,.F.);
#3364=ORIENTED_EDGE('',*,*,#2546,.F.);
#3365=ORIENTED_EDGE('',*,*,#2549,.F.);
#3366=ORIENTED_EDGE('',*,*,#2521,.T.);
#3367=ORIENTED_EDGE('',*,*,#2524,.T.);
#3368=ORIENTED_EDGE('',*,*,#2514,.T.);
#3369=ORIENTED_EDGE('',*,*,#2518,.T.);
#3370=ORIENTED_EDGE('',*,*,#2551,.F.);
#3371=ORIENTED_EDGE('',*,*,#2578,.T.);
#3372=ORIENTED_EDGE('',*,*,#2579,.T.);
#3373=ORIENTED_EDGE('',*,*,#2580,.T.);
#3374=ORIENTED_EDGE('',*,*,#2574,.F.);
#3375=ORIENTED_EDGE('',*,*,#2581,.T.);
#3376=ORIENTED_EDGE('',*,*,#2582,.T.);
#3377=ORIENTED_EDGE('',*,*,#2576,.F.);
#3378=ORIENTED_EDGE('',*,*,#2583,.F.);
#3379=ORIENTED_EDGE('',*,*,#2584,.T.);
#3380=ORIENTED_EDGE('',*,*,#2583,.T.);
#3381=ORIENTED_EDGE('',*,*,#2575,.F.);
#3382=ORIENTED_EDGE('',*,*,#2580,.F.);
#3383=ORIENTED_EDGE('',*,*,#2585,.T.);
#3384=ORIENTED_EDGE('',*,*,#2572,.F.);
#3385=ORIENTED_EDGE('',*,*,#2577,.F.);
#3386=ORIENTED_EDGE('',*,*,#2582,.F.);
#3387=ORIENTED_EDGE('',*,*,#2555,.F.);
#3388=ORIENTED_EDGE('',*,*,#2558,.F.);
#3389=ORIENTED_EDGE('',*,*,#2560,.F.);
#3390=ORIENTED_EDGE('',*,*,#2562,.F.);
#3391=ORIENTED_EDGE('',*,*,#2564,.F.);
#3392=ORIENTED_EDGE('',*,*,#2566,.F.);
#3393=ORIENTED_EDGE('',*,*,#2568,.F.);
#3394=ORIENTED_EDGE('',*,*,#2570,.F.);
#3395=ORIENTED_EDGE('',*,*,#2573,.F.);
#3396=ORIENTED_EDGE('',*,*,#2585,.F.);
#3397=ORIENTED_EDGE('',*,*,#2581,.F.);
#3398=ORIENTED_EDGE('',*,*,#2584,.F.);
#3399=ORIENTED_EDGE('',*,*,#2579,.F.);
#3400=ORIENTED_EDGE('',*,*,#2586,.F.);
#3401=ORIENTED_EDGE('',*,*,#2522,.T.);
#3402=ORIENTED_EDGE('',*,*,#2519,.T.);
#3403=ORIENTED_EDGE('',*,*,#2516,.T.);
#3404=ORIENTED_EDGE('',*,*,#2525,.T.);
#3405=ORIENTED_EDGE('',*,*,#2553,.F.);
#3406=ORIENTED_EDGE('',*,*,#2556,.F.);
#3407=ORIENTED_EDGE('',*,*,#2586,.T.);
#3408=ORIENTED_EDGE('',*,*,#2578,.F.);
#3409=ORIENTED_EDGE('',*,*,#2587,.T.);
#3410=ORIENTED_EDGE('',*,*,#2588,.T.);
#3411=ORIENTED_EDGE('',*,*,#2589,.T.);
#3412=ORIENTED_EDGE('',*,*,#2590,.T.);
#3413=ORIENTED_EDGE('',*,*,#2591,.F.);
#3414=ORIENTED_EDGE('',*,*,#2592,.F.);
#3415=ORIENTED_EDGE('',*,*,#2593,.F.);
#3416=ORIENTED_EDGE('',*,*,#2594,.T.);
#3417=ORIENTED_EDGE('',*,*,#2595,.F.);
#3418=ORIENTED_EDGE('',*,*,#2596,.F.);
#3419=ORIENTED_EDGE('',*,*,#2597,.F.);
#3420=ORIENTED_EDGE('',*,*,#2598,.F.);
#3421=ORIENTED_EDGE('',*,*,#2599,.F.);
#3422=ORIENTED_EDGE('',*,*,#2600,.F.);
#3423=ORIENTED_EDGE('',*,*,#2601,.F.);
#3424=ORIENTED_EDGE('',*,*,#2594,.F.);
#3425=ORIENTED_EDGE('',*,*,#2602,.F.);
#3426=ORIENTED_EDGE('',*,*,#2603,.F.);
#3427=ORIENTED_EDGE('',*,*,#2604,.F.);
#3428=ORIENTED_EDGE('',*,*,#2605,.T.);
#3429=ORIENTED_EDGE('',*,*,#2606,.F.);
#3430=ORIENTED_EDGE('',*,*,#2605,.F.);
#3431=ORIENTED_EDGE('',*,*,#2607,.F.);
#3432=ORIENTED_EDGE('',*,*,#2608,.F.);
#3433=ORIENTED_EDGE('',*,*,#2609,.F.);
#3434=ORIENTED_EDGE('',*,*,#2610,.F.);
#3435=ORIENTED_EDGE('',*,*,#2611,.F.);
#3436=ORIENTED_EDGE('',*,*,#2612,.F.);
#3437=ORIENTED_EDGE('',*,*,#2596,.T.);
#3438=ORIENTED_EDGE('',*,*,#2613,.T.);
#3439=ORIENTED_EDGE('',*,*,#2612,.T.);
#3440=ORIENTED_EDGE('',*,*,#2614,.F.);
#3441=ORIENTED_EDGE('',*,*,#2595,.T.);
#3442=ORIENTED_EDGE('',*,*,#2601,.T.);
#3443=ORIENTED_EDGE('',*,*,#2615,.F.);
#3444=ORIENTED_EDGE('',*,*,#2616,.F.);
#3445=ORIENTED_EDGE('',*,*,#2617,.F.);
#3446=ORIENTED_EDGE('',*,*,#2602,.T.);
#3447=ORIENTED_EDGE('',*,*,#2606,.T.);
#3448=ORIENTED_EDGE('',*,*,#2613,.F.);
#3449=ORIENTED_EDGE('',*,*,#2597,.T.);
#3450=ORIENTED_EDGE('',*,*,#2614,.T.);
#3451=ORIENTED_EDGE('',*,*,#2611,.T.);
#3452=ORIENTED_EDGE('',*,*,#2618,.F.);
#3453=ORIENTED_EDGE('',*,*,#2598,.T.);
#3454=ORIENTED_EDGE('',*,*,#2618,.T.);
#3455=ORIENTED_EDGE('',*,*,#2610,.T.);
#3456=ORIENTED_EDGE('',*,*,#2619,.F.);
#3457=ORIENTED_EDGE('',*,*,#2587,.F.);
#3458=ORIENTED_EDGE('',*,*,#2620,.F.);
#3459=ORIENTED_EDGE('',*,*,#2621,.F.);
#3460=ORIENTED_EDGE('',*,*,#2622,.F.);
#3461=ORIENTED_EDGE('',*,*,#2600,.T.);
#3462=ORIENTED_EDGE('',*,*,#2623,.T.);
#3463=ORIENTED_EDGE('',*,*,#2624,.F.);
#3464=ORIENTED_EDGE('',*,*,#2625,.T.);
#3465=ORIENTED_EDGE('',*,*,#2626,.T.);
#3466=ORIENTED_EDGE('',*,*,#2620,.T.);
#3467=ORIENTED_EDGE('',*,*,#2590,.F.);
#3468=ORIENTED_EDGE('',*,*,#2627,.T.);
#3469=ORIENTED_EDGE('',*,*,#2628,.T.);
#3470=ORIENTED_EDGE('',*,*,#2629,.T.);
#3471=ORIENTED_EDGE('',*,*,#2630,.F.);
#3472=ORIENTED_EDGE('',*,*,#2615,.T.);
#3473=ORIENTED_EDGE('',*,*,#2592,.T.);
#3474=ORIENTED_EDGE('',*,*,#2631,.T.);
#3475=ORIENTED_EDGE('',*,*,#2608,.T.);
#3476=ORIENTED_EDGE('',*,*,#2632,.T.);
#3477=ORIENTED_EDGE('',*,*,#2593,.T.);
#3478=ORIENTED_EDGE('',*,*,#2632,.F.);
#3479=ORIENTED_EDGE('',*,*,#2607,.T.);
#3480=ORIENTED_EDGE('',*,*,#2604,.T.);
#3481=ORIENTED_EDGE('',*,*,#2633,.F.);
#3482=ORIENTED_EDGE('',*,*,#2634,.F.);
#3483=ORIENTED_EDGE('',*,*,#2623,.F.);
#3484=ORIENTED_EDGE('',*,*,#2599,.T.);
#3485=ORIENTED_EDGE('',*,*,#2635,.T.);
#3486=ORIENTED_EDGE('',*,*,#2616,.T.);
#3487=ORIENTED_EDGE('',*,*,#2630,.T.);
#3488=ORIENTED_EDGE('',*,*,#2636,.T.);
#3489=ORIENTED_EDGE('',*,*,#2603,.T.);
#3490=ORIENTED_EDGE('',*,*,#2617,.T.);
#3491=ORIENTED_EDGE('',*,*,#2635,.F.);
#3492=ORIENTED_EDGE('',*,*,#2637,.T.);
#3493=ORIENTED_EDGE('',*,*,#2638,.T.);
#3494=ORIENTED_EDGE('',*,*,#2639,.T.);
#3495=ORIENTED_EDGE('',*,*,#2588,.F.);
#3496=ORIENTED_EDGE('',*,*,#2622,.T.);
#3497=ORIENTED_EDGE('',*,*,#2640,.T.);
#3498=ORIENTED_EDGE('',*,*,#2641,.T.);
#3499=ORIENTED_EDGE('',*,*,#2642,.F.);
#3500=ORIENTED_EDGE('',*,*,#2633,.T.);
#3501=ORIENTED_EDGE('',*,*,#2624,.T.);
#3502=ORIENTED_EDGE('',*,*,#2634,.T.);
#3503=ORIENTED_EDGE('',*,*,#2642,.T.);
#3504=ORIENTED_EDGE('',*,*,#2643,.T.);
#3505=ORIENTED_EDGE('',*,*,#2589,.F.);
#3506=ORIENTED_EDGE('',*,*,#2639,.F.);
#3507=ORIENTED_EDGE('',*,*,#2644,.F.);
#3508=ORIENTED_EDGE('',*,*,#2627,.F.);
#3509=ORIENTED_EDGE('',*,*,#2644,.T.);
#3510=ORIENTED_EDGE('',*,*,#2638,.F.);
#3511=ORIENTED_EDGE('',*,*,#2645,.F.);
#3512=ORIENTED_EDGE('',*,*,#2628,.F.);
#3513=ORIENTED_EDGE('',*,*,#2643,.F.);
#3514=ORIENTED_EDGE('',*,*,#2641,.F.);
#3515=ORIENTED_EDGE('',*,*,#2646,.F.);
#3516=ORIENTED_EDGE('',*,*,#2625,.F.);
#3517=ORIENTED_EDGE('',*,*,#2636,.F.);
#3518=ORIENTED_EDGE('',*,*,#2629,.F.);
#3519=ORIENTED_EDGE('',*,*,#2645,.T.);
#3520=ORIENTED_EDGE('',*,*,#2637,.F.);
#3521=ORIENTED_EDGE('',*,*,#2621,.T.);
#3522=ORIENTED_EDGE('',*,*,#2626,.F.);
#3523=ORIENTED_EDGE('',*,*,#2646,.T.);
#3524=ORIENTED_EDGE('',*,*,#2640,.F.);
#3525=ORIENTED_EDGE('',*,*,#2591,.T.);
#3526=ORIENTED_EDGE('',*,*,#2619,.T.);
#3527=ORIENTED_EDGE('',*,*,#2609,.T.);
#3528=ORIENTED_EDGE('',*,*,#2631,.F.);
#3529=ORIENTED_EDGE('',*,*,#2647,.T.);
#3530=ORIENTED_EDGE('',*,*,#2648,.F.);
#3531=ORIENTED_EDGE('',*,*,#2649,.T.);
#3532=ORIENTED_EDGE('',*,*,#2650,.F.);
#3533=ORIENTED_EDGE('',*,*,#2651,.F.);
#3534=ORIENTED_EDGE('',*,*,#2652,.F.);
#3535=ORIENTED_EDGE('',*,*,#2653,.T.);
#3536=ORIENTED_EDGE('',*,*,#2654,.F.);
#3537=ORIENTED_EDGE('',*,*,#2655,.F.);
#3538=ORIENTED_EDGE('',*,*,#2656,.F.);
#3539=ORIENTED_EDGE('',*,*,#2649,.F.);
#3540=ORIENTED_EDGE('',*,*,#2657,.F.);
#3541=ORIENTED_EDGE('',*,*,#2658,.T.);
#3542=ORIENTED_EDGE('',*,*,#2659,.F.);
#3543=ORIENTED_EDGE('',*,*,#2653,.F.);
#3544=ORIENTED_EDGE('',*,*,#2660,.F.);
#3545=ORIENTED_EDGE('',*,*,#2661,.F.);
#3546=ORIENTED_EDGE('',*,*,#2662,.F.);
#3547=ORIENTED_EDGE('',*,*,#2658,.F.);
#3548=ORIENTED_EDGE('',*,*,#2663,.F.);
#3549=ORIENTED_EDGE('',*,*,#2664,.T.);
#3550=ORIENTED_EDGE('',*,*,#2665,.T.);
#3551=ORIENTED_EDGE('',*,*,#2666,.T.);
#3552=ORIENTED_EDGE('',*,*,#2655,.T.);
#3553=ORIENTED_EDGE('',*,*,#2667,.T.);
#3554=ORIENTED_EDGE('',*,*,#2668,.T.);
#3555=ORIENTED_EDGE('',*,*,#2669,.F.);
#3556=ORIENTED_EDGE('',*,*,#2654,.T.);
#3557=ORIENTED_EDGE('',*,*,#2659,.T.);
#3558=ORIENTED_EDGE('',*,*,#2662,.T.);
#3559=ORIENTED_EDGE('',*,*,#2670,.F.);
#3560=ORIENTED_EDGE('',*,*,#2671,.T.);
#3561=ORIENTED_EDGE('',*,*,#2650,.T.);
#3562=ORIENTED_EDGE('',*,*,#2656,.T.);
#3563=ORIENTED_EDGE('',*,*,#2666,.F.);
#3564=ORIENTED_EDGE('',*,*,#2672,.T.);
#3565=ORIENTED_EDGE('',*,*,#2673,.T.);
#3566=ORIENTED_EDGE('',*,*,#2674,.F.);
#3567=ORIENTED_EDGE('',*,*,#2675,.T.);
#3568=ORIENTED_EDGE('',*,*,#2676,.T.);
#3569=ORIENTED_EDGE('',*,*,#2677,.F.);
#3570=ORIENTED_EDGE('',*,*,#2678,.F.);
#3571=ORIENTED_EDGE('',*,*,#2668,.F.);
#3572=ORIENTED_EDGE('',*,*,#2679,.T.);
#3573=ORIENTED_EDGE('',*,*,#2669,.T.);
#3574=ORIENTED_EDGE('',*,*,#2678,.T.);
#3575=ORIENTED_EDGE('',*,*,#2680,.T.);
#3576=ORIENTED_EDGE('',*,*,#2651,.T.);
#3577=ORIENTED_EDGE('',*,*,#2681,.T.);
#3578=ORIENTED_EDGE('',*,*,#2672,.F.);
#3579=ORIENTED_EDGE('',*,*,#2665,.F.);
#3580=ORIENTED_EDGE('',*,*,#2682,.F.);
#3581=ORIENTED_EDGE('',*,*,#2683,.T.);
#3582=ORIENTED_EDGE('',*,*,#2684,.T.);
#3583=ORIENTED_EDGE('',*,*,#2685,.F.);
#3584=ORIENTED_EDGE('',*,*,#2686,.T.);
#3585=ORIENTED_EDGE('',*,*,#2687,.T.);
#3586=ORIENTED_EDGE('',*,*,#2685,.T.);
#3587=ORIENTED_EDGE('',*,*,#2688,.T.);
#3588=ORIENTED_EDGE('',*,*,#2689,.T.);
#3589=ORIENTED_EDGE('',*,*,#2690,.F.);
#3590=ORIENTED_EDGE('',*,*,#2691,.F.);
#3591=ORIENTED_EDGE('',*,*,#2647,.F.);
#3592=ORIENTED_EDGE('',*,*,#2671,.F.);
#3593=ORIENTED_EDGE('',*,*,#2692,.T.);
#3594=ORIENTED_EDGE('',*,*,#2693,.F.);
#3595=ORIENTED_EDGE('',*,*,#2694,.T.);
#3596=ORIENTED_EDGE('',*,*,#2695,.T.);
#3597=ORIENTED_EDGE('',*,*,#2696,.T.);
#3598=ORIENTED_EDGE('',*,*,#2689,.F.);
#3599=ORIENTED_EDGE('',*,*,#2697,.T.);
#3600=ORIENTED_EDGE('',*,*,#2693,.T.);
#3601=ORIENTED_EDGE('',*,*,#2698,.T.);
#3602=ORIENTED_EDGE('',*,*,#2695,.F.);
#3603=ORIENTED_EDGE('',*,*,#2699,.T.);
#3604=ORIENTED_EDGE('',*,*,#2700,.T.);
#3605=ORIENTED_EDGE('',*,*,#2701,.T.);
#3606=ORIENTED_EDGE('',*,*,#2700,.F.);
#3607=ORIENTED_EDGE('',*,*,#2702,.T.);
#3608=ORIENTED_EDGE('',*,*,#2674,.T.);
#3609=ORIENTED_EDGE('',*,*,#2703,.T.);
#3610=ORIENTED_EDGE('',*,*,#2682,.T.);
#3611=ORIENTED_EDGE('',*,*,#2664,.F.);
#3612=ORIENTED_EDGE('',*,*,#2657,.T.);
#3613=ORIENTED_EDGE('',*,*,#2648,.T.);
#3614=ORIENTED_EDGE('',*,*,#2691,.T.);
#3615=ORIENTED_EDGE('',*,*,#2704,.F.);
#3616=ORIENTED_EDGE('',*,*,#2663,.T.);
#3617=ORIENTED_EDGE('',*,*,#2660,.T.);
#3618=ORIENTED_EDGE('',*,*,#2652,.T.);
#3619=ORIENTED_EDGE('',*,*,#2680,.F.);
#3620=ORIENTED_EDGE('',*,*,#2677,.T.);
#3621=ORIENTED_EDGE('',*,*,#2675,.F.);
#3622=ORIENTED_EDGE('',*,*,#2702,.F.);
#3623=ORIENTED_EDGE('',*,*,#2699,.F.);
#3624=ORIENTED_EDGE('',*,*,#2694,.F.);
#3625=ORIENTED_EDGE('',*,*,#2697,.F.);
#3626=ORIENTED_EDGE('',*,*,#2688,.F.);
#3627=ORIENTED_EDGE('',*,*,#2684,.F.);
#3628=ORIENTED_EDGE('',*,*,#2705,.T.);
#3629=ORIENTED_EDGE('',*,*,#2676,.F.);
#3630=ORIENTED_EDGE('',*,*,#2705,.F.);
#3631=ORIENTED_EDGE('',*,*,#2683,.F.);
#3632=ORIENTED_EDGE('',*,*,#2703,.F.);
#3633=ORIENTED_EDGE('',*,*,#2673,.F.);
#3634=ORIENTED_EDGE('',*,*,#2706,.F.);
#3635=ORIENTED_EDGE('',*,*,#2686,.F.);
#3636=ORIENTED_EDGE('',*,*,#2687,.F.);
#3637=ORIENTED_EDGE('',*,*,#2696,.F.);
#3638=ORIENTED_EDGE('',*,*,#2692,.F.);
#3639=ORIENTED_EDGE('',*,*,#2698,.F.);
#3640=ORIENTED_EDGE('',*,*,#2701,.F.);
#3641=ORIENTED_EDGE('',*,*,#2679,.F.);
#3642=ORIENTED_EDGE('',*,*,#2667,.F.);
#3643=ORIENTED_EDGE('',*,*,#2681,.F.);
#3644=ORIENTED_EDGE('',*,*,#2706,.T.);
#3645=ORIENTED_EDGE('',*,*,#2704,.T.);
#3646=ORIENTED_EDGE('',*,*,#2690,.T.);
#3647=ORIENTED_EDGE('',*,*,#2670,.T.);
#3648=ORIENTED_EDGE('',*,*,#2661,.T.);
#3649=ORIENTED_EDGE('',*,*,#2707,.T.);
#3650=ORIENTED_EDGE('',*,*,#2708,.T.);
#3651=ORIENTED_EDGE('',*,*,#2709,.T.);
#3652=ORIENTED_EDGE('',*,*,#2710,.T.);
#3653=ORIENTED_EDGE('',*,*,#2711,.F.);
#3654=ORIENTED_EDGE('',*,*,#2712,.F.);
#3655=ORIENTED_EDGE('',*,*,#2713,.F.);
#3656=ORIENTED_EDGE('',*,*,#2714,.T.);
#3657=ORIENTED_EDGE('',*,*,#2715,.F.);
#3658=ORIENTED_EDGE('',*,*,#2714,.F.);
#3659=ORIENTED_EDGE('',*,*,#2716,.F.);
#3660=ORIENTED_EDGE('',*,*,#2717,.F.);
#3661=ORIENTED_EDGE('',*,*,#2718,.F.);
#3662=ORIENTED_EDGE('',*,*,#2719,.F.);
#3663=ORIENTED_EDGE('',*,*,#2720,.F.);
#3664=ORIENTED_EDGE('',*,*,#2721,.F.);
#3665=ORIENTED_EDGE('',*,*,#2722,.F.);
#3666=ORIENTED_EDGE('',*,*,#2723,.F.);
#3667=ORIENTED_EDGE('',*,*,#2724,.F.);
#3668=ORIENTED_EDGE('',*,*,#2725,.T.);
#3669=ORIENTED_EDGE('',*,*,#2726,.F.);
#3670=ORIENTED_EDGE('',*,*,#2727,.F.);
#3671=ORIENTED_EDGE('',*,*,#2728,.F.);
#3672=ORIENTED_EDGE('',*,*,#2729,.F.);
#3673=ORIENTED_EDGE('',*,*,#2730,.F.);
#3674=ORIENTED_EDGE('',*,*,#2731,.F.);
#3675=ORIENTED_EDGE('',*,*,#2732,.F.);
#3676=ORIENTED_EDGE('',*,*,#2725,.F.);
#3677=ORIENTED_EDGE('',*,*,#2719,.T.);
#3678=ORIENTED_EDGE('',*,*,#2733,.F.);
#3679=ORIENTED_EDGE('',*,*,#2729,.T.);
#3680=ORIENTED_EDGE('',*,*,#2734,.T.);
#3681=ORIENTED_EDGE('',*,*,#2718,.T.);
#3682=ORIENTED_EDGE('',*,*,#2735,.F.);
#3683=ORIENTED_EDGE('',*,*,#2722,.T.);
#3684=ORIENTED_EDGE('',*,*,#2733,.T.);
#3685=ORIENTED_EDGE('',*,*,#2720,.T.);
#3686=ORIENTED_EDGE('',*,*,#2734,.F.);
#3687=ORIENTED_EDGE('',*,*,#2728,.T.);
#3688=ORIENTED_EDGE('',*,*,#2736,.T.);
#3689=ORIENTED_EDGE('',*,*,#2721,.T.);
#3690=ORIENTED_EDGE('',*,*,#2736,.F.);
#3691=ORIENTED_EDGE('',*,*,#2727,.T.);
#3692=ORIENTED_EDGE('',*,*,#2737,.T.);
#3693=ORIENTED_EDGE('',*,*,#2707,.F.);
#3694=ORIENTED_EDGE('',*,*,#2738,.F.);
#3695=ORIENTED_EDGE('',*,*,#2739,.F.);
#3696=ORIENTED_EDGE('',*,*,#2740,.F.);
#3697=ORIENTED_EDGE('',*,*,#2731,.T.);
#3698=ORIENTED_EDGE('',*,*,#2741,.T.);
#3699=ORIENTED_EDGE('',*,*,#2742,.F.);
#3700=ORIENTED_EDGE('',*,*,#2743,.T.);
#3701=ORIENTED_EDGE('',*,*,#2744,.T.);
#3702=ORIENTED_EDGE('',*,*,#2738,.T.);
#3703=ORIENTED_EDGE('',*,*,#2710,.F.);
#3704=ORIENTED_EDGE('',*,*,#2745,.T.);
#3705=ORIENTED_EDGE('',*,*,#2746,.T.);
#3706=ORIENTED_EDGE('',*,*,#2747,.T.);
#3707=ORIENTED_EDGE('',*,*,#2748,.F.);
#3708=ORIENTED_EDGE('',*,*,#2749,.T.);
#3709=ORIENTED_EDGE('',*,*,#2717,.T.);
#3710=ORIENTED_EDGE('',*,*,#2750,.T.);
#3711=ORIENTED_EDGE('',*,*,#2723,.T.);
#3712=ORIENTED_EDGE('',*,*,#2735,.T.);
#3713=ORIENTED_EDGE('',*,*,#2713,.T.);
#3714=ORIENTED_EDGE('',*,*,#2751,.F.);
#3715=ORIENTED_EDGE('',*,*,#2752,.F.);
#3716=ORIENTED_EDGE('',*,*,#2741,.F.);
#3717=ORIENTED_EDGE('',*,*,#2730,.T.);
#3718=ORIENTED_EDGE('',*,*,#2724,.T.);
#3719=ORIENTED_EDGE('',*,*,#2750,.F.);
#3720=ORIENTED_EDGE('',*,*,#2716,.T.);
#3721=ORIENTED_EDGE('',*,*,#2753,.T.);
#3722=ORIENTED_EDGE('',*,*,#2754,.T.);
#3723=ORIENTED_EDGE('',*,*,#2748,.T.);
#3724=ORIENTED_EDGE('',*,*,#2755,.T.);
#3725=ORIENTED_EDGE('',*,*,#2715,.T.);
#3726=ORIENTED_EDGE('',*,*,#2737,.F.);
#3727=ORIENTED_EDGE('',*,*,#2726,.T.);
#3728=ORIENTED_EDGE('',*,*,#2732,.T.);
#3729=ORIENTED_EDGE('',*,*,#2749,.F.);
#3730=ORIENTED_EDGE('',*,*,#2754,.F.);
#3731=ORIENTED_EDGE('',*,*,#2756,.F.);
#3732=ORIENTED_EDGE('',*,*,#2711,.T.);
#3733=ORIENTED_EDGE('',*,*,#2712,.T.);
#3734=ORIENTED_EDGE('',*,*,#2756,.T.);
#3735=ORIENTED_EDGE('',*,*,#2753,.F.);
#3736=ORIENTED_EDGE('',*,*,#2757,.T.);
#3737=ORIENTED_EDGE('',*,*,#2758,.T.);
#3738=ORIENTED_EDGE('',*,*,#2759,.T.);
#3739=ORIENTED_EDGE('',*,*,#2708,.F.);
#3740=ORIENTED_EDGE('',*,*,#2740,.T.);
#3741=ORIENTED_EDGE('',*,*,#2760,.T.);
#3742=ORIENTED_EDGE('',*,*,#2761,.T.);
#3743=ORIENTED_EDGE('',*,*,#2762,.F.);
#3744=ORIENTED_EDGE('',*,*,#2751,.T.);
#3745=ORIENTED_EDGE('',*,*,#2742,.T.);
#3746=ORIENTED_EDGE('',*,*,#2752,.T.);
#3747=ORIENTED_EDGE('',*,*,#2762,.T.);
#3748=ORIENTED_EDGE('',*,*,#2763,.T.);
#3749=ORIENTED_EDGE('',*,*,#2709,.F.);
#3750=ORIENTED_EDGE('',*,*,#2759,.F.);
#3751=ORIENTED_EDGE('',*,*,#2764,.F.);
#3752=ORIENTED_EDGE('',*,*,#2745,.F.);
#3753=ORIENTED_EDGE('',*,*,#2764,.T.);
#3754=ORIENTED_EDGE('',*,*,#2758,.F.);
#3755=ORIENTED_EDGE('',*,*,#2765,.F.);
#3756=ORIENTED_EDGE('',*,*,#2746,.F.);
#3757=ORIENTED_EDGE('',*,*,#2763,.F.);
#3758=ORIENTED_EDGE('',*,*,#2761,.F.);
#3759=ORIENTED_EDGE('',*,*,#2766,.F.);
#3760=ORIENTED_EDGE('',*,*,#2743,.F.);
#3761=ORIENTED_EDGE('',*,*,#2755,.F.);
#3762=ORIENTED_EDGE('',*,*,#2747,.F.);
#3763=ORIENTED_EDGE('',*,*,#2765,.T.);
#3764=ORIENTED_EDGE('',*,*,#2757,.F.);
#3765=ORIENTED_EDGE('',*,*,#2739,.T.);
#3766=ORIENTED_EDGE('',*,*,#2744,.F.);
#3767=ORIENTED_EDGE('',*,*,#2766,.T.);
#3768=ORIENTED_EDGE('',*,*,#2760,.F.);
#3769=ORIENTED_EDGE('',*,*,#2767,.T.);
#3770=ORIENTED_EDGE('',*,*,#2768,.F.);
#3771=ORIENTED_EDGE('',*,*,#2769,.T.);
#3772=ORIENTED_EDGE('',*,*,#2770,.T.);
#3773=ORIENTED_EDGE('',*,*,#2771,.T.);
#3774=ORIENTED_EDGE('',*,*,#2772,.F.);
#3775=ORIENTED_EDGE('',*,*,#2773,.T.);
#3776=ORIENTED_EDGE('',*,*,#2768,.T.);
#3777=ORIENTED_EDGE('',*,*,#2774,.T.);
#3778=ORIENTED_EDGE('',*,*,#2775,.F.);
#3779=ORIENTED_EDGE('',*,*,#2776,.T.);
#3780=ORIENTED_EDGE('',*,*,#2777,.F.);
#3781=ORIENTED_EDGE('',*,*,#2778,.F.);
#3782=ORIENTED_EDGE('',*,*,#2779,.F.);
#3783=ORIENTED_EDGE('',*,*,#2780,.T.);
#3784=ORIENTED_EDGE('',*,*,#2781,.F.);
#3785=ORIENTED_EDGE('',*,*,#2782,.F.);
#3786=ORIENTED_EDGE('',*,*,#2783,.F.);
#3787=ORIENTED_EDGE('',*,*,#2776,.F.);
#3788=ORIENTED_EDGE('',*,*,#2784,.F.);
#3789=ORIENTED_EDGE('',*,*,#2785,.T.);
#3790=ORIENTED_EDGE('',*,*,#2786,.F.);
#3791=ORIENTED_EDGE('',*,*,#2780,.F.);
#3792=ORIENTED_EDGE('',*,*,#2787,.F.);
#3793=ORIENTED_EDGE('',*,*,#2788,.F.);
#3794=ORIENTED_EDGE('',*,*,#2789,.F.);
#3795=ORIENTED_EDGE('',*,*,#2785,.F.);
#3796=ORIENTED_EDGE('',*,*,#2790,.F.);
#3797=ORIENTED_EDGE('',*,*,#2791,.T.);
#3798=ORIENTED_EDGE('',*,*,#2792,.T.);
#3799=ORIENTED_EDGE('',*,*,#2793,.T.);
#3800=ORIENTED_EDGE('',*,*,#2782,.T.);
#3801=ORIENTED_EDGE('',*,*,#2794,.T.);
#3802=ORIENTED_EDGE('',*,*,#2795,.T.);
#3803=ORIENTED_EDGE('',*,*,#2796,.T.);
#3804=ORIENTED_EDGE('',*,*,#2778,.T.);
#3805=ORIENTED_EDGE('',*,*,#2797,.T.);
#3806=ORIENTED_EDGE('',*,*,#2798,.F.);
#3807=ORIENTED_EDGE('',*,*,#2792,.F.);
#3808=ORIENTED_EDGE('',*,*,#2799,.F.);
#3809=ORIENTED_EDGE('',*,*,#2800,.T.);
#3810=ORIENTED_EDGE('',*,*,#2801,.T.);
#3811=ORIENTED_EDGE('',*,*,#2802,.F.);
#3812=ORIENTED_EDGE('',*,*,#2803,.T.);
#3813=ORIENTED_EDGE('',*,*,#2804,.T.);
#3814=ORIENTED_EDGE('',*,*,#2802,.T.);
#3815=ORIENTED_EDGE('',*,*,#2805,.T.);
#3816=ORIENTED_EDGE('',*,*,#2772,.T.);
#3817=ORIENTED_EDGE('',*,*,#2806,.T.);
#3818=ORIENTED_EDGE('',*,*,#2799,.T.);
#3819=ORIENTED_EDGE('',*,*,#2791,.F.);
#3820=ORIENTED_EDGE('',*,*,#2784,.T.);
#3821=ORIENTED_EDGE('',*,*,#2775,.T.);
#3822=ORIENTED_EDGE('',*,*,#2807,.T.);
#3823=ORIENTED_EDGE('',*,*,#2808,.F.);
#3824=ORIENTED_EDGE('',*,*,#2790,.T.);
#3825=ORIENTED_EDGE('',*,*,#2787,.T.);
#3826=ORIENTED_EDGE('',*,*,#2779,.T.);
#3827=ORIENTED_EDGE('',*,*,#2796,.F.);
#3828=ORIENTED_EDGE('',*,*,#2809,.T.);
#3829=ORIENTED_EDGE('',*,*,#2810,.F.);
#3830=ORIENTED_EDGE('',*,*,#2807,.F.);
#3831=ORIENTED_EDGE('',*,*,#2774,.F.);
#3832=ORIENTED_EDGE('',*,*,#2811,.F.);
#3833=ORIENTED_EDGE('',*,*,#2812,.T.);
#3834=ORIENTED_EDGE('',*,*,#2813,.T.);
#3835=ORIENTED_EDGE('',*,*,#2814,.F.);
#3836=ORIENTED_EDGE('',*,*,#2815,.T.);
#3837=ORIENTED_EDGE('',*,*,#2816,.T.);
#3838=ORIENTED_EDGE('',*,*,#2809,.F.);
#3839=ORIENTED_EDGE('',*,*,#2795,.F.);
#3840=ORIENTED_EDGE('',*,*,#2817,.F.);
#3841=ORIENTED_EDGE('',*,*,#2818,.T.);
#3842=ORIENTED_EDGE('',*,*,#2819,.F.);
#3843=ORIENTED_EDGE('',*,*,#2820,.T.);
#3844=ORIENTED_EDGE('',*,*,#2814,.T.);
#3845=ORIENTED_EDGE('',*,*,#2821,.T.);
#3846=ORIENTED_EDGE('',*,*,#2770,.F.);
#3847=ORIENTED_EDGE('',*,*,#2822,.T.);
#3848=ORIENTED_EDGE('',*,*,#2819,.T.);
#3849=ORIENTED_EDGE('',*,*,#2823,.T.);
#3850=ORIENTED_EDGE('',*,*,#2817,.T.);
#3851=ORIENTED_EDGE('',*,*,#2794,.F.);
#3852=ORIENTED_EDGE('',*,*,#2781,.T.);
#3853=ORIENTED_EDGE('',*,*,#2786,.T.);
#3854=ORIENTED_EDGE('',*,*,#2789,.T.);
#3855=ORIENTED_EDGE('',*,*,#2824,.F.);
#3856=ORIENTED_EDGE('',*,*,#2811,.T.);
#3857=ORIENTED_EDGE('',*,*,#2777,.T.);
#3858=ORIENTED_EDGE('',*,*,#2783,.T.);
#3859=ORIENTED_EDGE('',*,*,#2793,.F.);
#3860=ORIENTED_EDGE('',*,*,#2798,.T.);
#3861=ORIENTED_EDGE('',*,*,#2800,.F.);
#3862=ORIENTED_EDGE('',*,*,#2806,.F.);
#3863=ORIENTED_EDGE('',*,*,#2816,.F.);
#3864=ORIENTED_EDGE('',*,*,#2825,.F.);
#3865=ORIENTED_EDGE('',*,*,#2773,.F.);
#3866=ORIENTED_EDGE('',*,*,#2805,.F.);
#3867=ORIENTED_EDGE('',*,*,#2801,.F.);
#3868=ORIENTED_EDGE('',*,*,#2825,.T.);
#3869=ORIENTED_EDGE('',*,*,#2815,.F.);
#3870=ORIENTED_EDGE('',*,*,#2820,.F.);
#3871=ORIENTED_EDGE('',*,*,#2822,.F.);
#3872=ORIENTED_EDGE('',*,*,#2769,.F.);
#3873=ORIENTED_EDGE('',*,*,#2803,.F.);
#3874=ORIENTED_EDGE('',*,*,#2804,.F.);
#3875=ORIENTED_EDGE('',*,*,#2771,.F.);
#3876=ORIENTED_EDGE('',*,*,#2767,.F.);
#3877=ORIENTED_EDGE('',*,*,#2821,.F.);
#3878=ORIENTED_EDGE('',*,*,#2818,.F.);
#3879=ORIENTED_EDGE('',*,*,#2813,.F.);
#3880=ORIENTED_EDGE('',*,*,#2826,.F.);
#3881=ORIENTED_EDGE('',*,*,#2797,.F.);
#3882=ORIENTED_EDGE('',*,*,#2826,.T.);
#3883=ORIENTED_EDGE('',*,*,#2812,.F.);
#3884=ORIENTED_EDGE('',*,*,#2823,.F.);
#3885=ORIENTED_EDGE('',*,*,#2824,.T.);
#3886=ORIENTED_EDGE('',*,*,#2788,.T.);
#3887=ORIENTED_EDGE('',*,*,#2808,.T.);
#3888=ORIENTED_EDGE('',*,*,#2810,.T.);
#3889=ORIENTED_EDGE('',*,*,#2827,.T.);
#3890=ORIENTED_EDGE('',*,*,#2828,.T.);
#3891=ORIENTED_EDGE('',*,*,#2829,.T.);
#3892=ORIENTED_EDGE('',*,*,#2830,.T.);
#3893=ORIENTED_EDGE('',*,*,#2831,.F.);
#3894=ORIENTED_EDGE('',*,*,#2832,.F.);
#3895=ORIENTED_EDGE('',*,*,#2833,.F.);
#3896=ORIENTED_EDGE('',*,*,#2834,.T.);
#3897=ORIENTED_EDGE('',*,*,#2835,.F.);
#3898=ORIENTED_EDGE('',*,*,#2836,.F.);
#3899=ORIENTED_EDGE('',*,*,#2837,.F.);
#3900=ORIENTED_EDGE('',*,*,#2838,.F.);
#3901=ORIENTED_EDGE('',*,*,#2839,.F.);
#3902=ORIENTED_EDGE('',*,*,#2840,.F.);
#3903=ORIENTED_EDGE('',*,*,#2841,.F.);
#3904=ORIENTED_EDGE('',*,*,#2834,.F.);
#3905=ORIENTED_EDGE('',*,*,#2842,.F.);
#3906=ORIENTED_EDGE('',*,*,#2843,.T.);
#3907=ORIENTED_EDGE('',*,*,#2844,.F.);
#3908=ORIENTED_EDGE('',*,*,#2845,.F.);
#3909=ORIENTED_EDGE('',*,*,#2846,.F.);
#3910=ORIENTED_EDGE('',*,*,#2847,.F.);
#3911=ORIENTED_EDGE('',*,*,#2848,.F.);
#3912=ORIENTED_EDGE('',*,*,#2849,.F.);
#3913=ORIENTED_EDGE('',*,*,#2850,.F.);
#3914=ORIENTED_EDGE('',*,*,#2851,.F.);
#3915=ORIENTED_EDGE('',*,*,#2852,.F.);
#3916=ORIENTED_EDGE('',*,*,#2843,.F.);
#3917=ORIENTED_EDGE('',*,*,#2845,.T.);
#3918=ORIENTED_EDGE('',*,*,#2853,.T.);
#3919=ORIENTED_EDGE('',*,*,#2854,.F.);
#3920=ORIENTED_EDGE('',*,*,#2855,.T.);
#3921=ORIENTED_EDGE('',*,*,#2856,.T.);
#3922=ORIENTED_EDGE('',*,*,#2857,.T.);
#3923=ORIENTED_EDGE('',*,*,#2827,.F.);
#3924=ORIENTED_EDGE('',*,*,#2858,.T.);
#3925=ORIENTED_EDGE('',*,*,#2859,.T.);
#3926=ORIENTED_EDGE('',*,*,#2860,.T.);
#3927=ORIENTED_EDGE('',*,*,#2861,.F.);
#3928=ORIENTED_EDGE('',*,*,#2862,.T.);
#3929=ORIENTED_EDGE('',*,*,#2835,.T.);
#3930=ORIENTED_EDGE('',*,*,#2841,.T.);
#3931=ORIENTED_EDGE('',*,*,#2863,.F.);
#3932=ORIENTED_EDGE('',*,*,#2864,.F.);
#3933=ORIENTED_EDGE('',*,*,#2853,.F.);
#3934=ORIENTED_EDGE('',*,*,#2844,.T.);
#3935=ORIENTED_EDGE('',*,*,#2852,.T.);
#3936=ORIENTED_EDGE('',*,*,#2865,.F.);
#3937=ORIENTED_EDGE('',*,*,#2836,.T.);
#3938=ORIENTED_EDGE('',*,*,#2865,.T.);
#3939=ORIENTED_EDGE('',*,*,#2851,.T.);
#3940=ORIENTED_EDGE('',*,*,#2866,.F.);
#3941=ORIENTED_EDGE('',*,*,#2837,.T.);
#3942=ORIENTED_EDGE('',*,*,#2866,.T.);
#3943=ORIENTED_EDGE('',*,*,#2850,.T.);
#3944=ORIENTED_EDGE('',*,*,#2867,.F.);
#3945=ORIENTED_EDGE('',*,*,#2838,.T.);
#3946=ORIENTED_EDGE('',*,*,#2867,.T.);
#3947=ORIENTED_EDGE('',*,*,#2849,.T.);
#3948=ORIENTED_EDGE('',*,*,#2868,.F.);
#3949=ORIENTED_EDGE('',*,*,#2830,.F.);
#3950=ORIENTED_EDGE('',*,*,#2869,.F.);
#3951=ORIENTED_EDGE('',*,*,#2870,.F.);
#3952=ORIENTED_EDGE('',*,*,#2858,.F.);
#3953=ORIENTED_EDGE('',*,*,#2840,.T.);
#3954=ORIENTED_EDGE('',*,*,#2871,.T.);
#3955=ORIENTED_EDGE('',*,*,#2872,.F.);
#3956=ORIENTED_EDGE('',*,*,#2873,.T.);
#3957=ORIENTED_EDGE('',*,*,#2874,.T.);
#3958=ORIENTED_EDGE('',*,*,#2869,.T.);
#3959=ORIENTED_EDGE('',*,*,#2829,.F.);
#3960=ORIENTED_EDGE('',*,*,#2875,.T.);
#3961=ORIENTED_EDGE('',*,*,#2876,.T.);
#3962=ORIENTED_EDGE('',*,*,#2877,.T.);
#3963=ORIENTED_EDGE('',*,*,#2878,.F.);
#3964=ORIENTED_EDGE('',*,*,#2863,.T.);
#3965=ORIENTED_EDGE('',*,*,#2832,.T.);
#3966=ORIENTED_EDGE('',*,*,#2879,.T.);
#3967=ORIENTED_EDGE('',*,*,#2847,.T.);
#3968=ORIENTED_EDGE('',*,*,#2880,.T.);
#3969=ORIENTED_EDGE('',*,*,#2833,.T.);
#3970=ORIENTED_EDGE('',*,*,#2880,.F.);
#3971=ORIENTED_EDGE('',*,*,#2846,.T.);
#3972=ORIENTED_EDGE('',*,*,#2842,.T.);
#3973=ORIENTED_EDGE('',*,*,#2862,.F.);
#3974=ORIENTED_EDGE('',*,*,#2881,.F.);
#3975=ORIENTED_EDGE('',*,*,#2871,.F.);
#3976=ORIENTED_EDGE('',*,*,#2839,.T.);
#3977=ORIENTED_EDGE('',*,*,#2854,.T.);
#3978=ORIENTED_EDGE('',*,*,#2864,.T.);
#3979=ORIENTED_EDGE('',*,*,#2878,.T.);
#3980=ORIENTED_EDGE('',*,*,#2882,.T.);
#3981=ORIENTED_EDGE('',*,*,#2872,.T.);
#3982=ORIENTED_EDGE('',*,*,#2881,.T.);
#3983=ORIENTED_EDGE('',*,*,#2861,.T.);
#3984=ORIENTED_EDGE('',*,*,#2883,.T.);
#3985=ORIENTED_EDGE('',*,*,#2828,.F.);
#3986=ORIENTED_EDGE('',*,*,#2857,.F.);
#3987=ORIENTED_EDGE('',*,*,#2884,.F.);
#3988=ORIENTED_EDGE('',*,*,#2875,.F.);
#3989=ORIENTED_EDGE('',*,*,#2884,.T.);
#3990=ORIENTED_EDGE('',*,*,#2856,.F.);
#3991=ORIENTED_EDGE('',*,*,#2885,.F.);
#3992=ORIENTED_EDGE('',*,*,#2876,.F.);
#3993=ORIENTED_EDGE('',*,*,#2883,.F.);
#3994=ORIENTED_EDGE('',*,*,#2860,.F.);
#3995=ORIENTED_EDGE('',*,*,#2886,.F.);
#3996=ORIENTED_EDGE('',*,*,#2873,.F.);
#3997=ORIENTED_EDGE('',*,*,#2882,.F.);
#3998=ORIENTED_EDGE('',*,*,#2877,.F.);
#3999=ORIENTED_EDGE('',*,*,#2885,.T.);
#4000=ORIENTED_EDGE('',*,*,#2855,.F.);
#4001=ORIENTED_EDGE('',*,*,#2870,.T.);
#4002=ORIENTED_EDGE('',*,*,#2874,.F.);
#4003=ORIENTED_EDGE('',*,*,#2886,.T.);
#4004=ORIENTED_EDGE('',*,*,#2859,.F.);
#4005=ORIENTED_EDGE('',*,*,#2831,.T.);
#4006=ORIENTED_EDGE('',*,*,#2868,.T.);
#4007=ORIENTED_EDGE('',*,*,#2848,.T.);
#4008=ORIENTED_EDGE('',*,*,#2879,.F.);
#4009=ORIENTED_EDGE('',*,*,#2887,.T.);
#4010=ORIENTED_EDGE('',*,*,#2888,.F.);
#4011=ORIENTED_EDGE('',*,*,#2889,.T.);
#4012=ORIENTED_EDGE('',*,*,#2890,.F.);
#4013=ORIENTED_EDGE('',*,*,#2891,.F.);
#4014=ORIENTED_EDGE('',*,*,#2892,.F.);
#4015=ORIENTED_EDGE('',*,*,#2893,.T.);
#4016=ORIENTED_EDGE('',*,*,#2894,.F.);
#4017=ORIENTED_EDGE('',*,*,#2895,.F.);
#4018=ORIENTED_EDGE('',*,*,#2896,.F.);
#4019=ORIENTED_EDGE('',*,*,#2889,.F.);
#4020=ORIENTED_EDGE('',*,*,#2897,.F.);
#4021=ORIENTED_EDGE('',*,*,#2898,.T.);
#4022=ORIENTED_EDGE('',*,*,#2899,.F.);
#4023=ORIENTED_EDGE('',*,*,#2893,.F.);
#4024=ORIENTED_EDGE('',*,*,#2900,.F.);
#4025=ORIENTED_EDGE('',*,*,#2901,.F.);
#4026=ORIENTED_EDGE('',*,*,#2902,.F.);
#4027=ORIENTED_EDGE('',*,*,#2898,.F.);
#4028=ORIENTED_EDGE('',*,*,#2903,.F.);
#4029=ORIENTED_EDGE('',*,*,#2904,.T.);
#4030=ORIENTED_EDGE('',*,*,#2905,.T.);
#4031=ORIENTED_EDGE('',*,*,#2906,.T.);
#4032=ORIENTED_EDGE('',*,*,#2895,.T.);
#4033=ORIENTED_EDGE('',*,*,#2907,.T.);
#4034=ORIENTED_EDGE('',*,*,#2908,.T.);
#4035=ORIENTED_EDGE('',*,*,#2909,.F.);
#4036=ORIENTED_EDGE('',*,*,#2894,.T.);
#4037=ORIENTED_EDGE('',*,*,#2899,.T.);
#4038=ORIENTED_EDGE('',*,*,#2902,.T.);
#4039=ORIENTED_EDGE('',*,*,#2910,.F.);
#4040=ORIENTED_EDGE('',*,*,#2911,.T.);
#4041=ORIENTED_EDGE('',*,*,#2890,.T.);
#4042=ORIENTED_EDGE('',*,*,#2896,.T.);
#4043=ORIENTED_EDGE('',*,*,#2906,.F.);
#4044=ORIENTED_EDGE('',*,*,#2912,.T.);
#4045=ORIENTED_EDGE('',*,*,#2913,.T.);
#4046=ORIENTED_EDGE('',*,*,#2914,.F.);
#4047=ORIENTED_EDGE('',*,*,#2915,.T.);
#4048=ORIENTED_EDGE('',*,*,#2916,.T.);
#4049=ORIENTED_EDGE('',*,*,#2917,.F.);
#4050=ORIENTED_EDGE('',*,*,#2918,.F.);
#4051=ORIENTED_EDGE('',*,*,#2908,.F.);
#4052=ORIENTED_EDGE('',*,*,#2919,.T.);
#4053=ORIENTED_EDGE('',*,*,#2909,.T.);
#4054=ORIENTED_EDGE('',*,*,#2918,.T.);
#4055=ORIENTED_EDGE('',*,*,#2920,.T.);
#4056=ORIENTED_EDGE('',*,*,#2891,.T.);
#4057=ORIENTED_EDGE('',*,*,#2921,.T.);
#4058=ORIENTED_EDGE('',*,*,#2912,.F.);
#4059=ORIENTED_EDGE('',*,*,#2905,.F.);
#4060=ORIENTED_EDGE('',*,*,#2922,.F.);
#4061=ORIENTED_EDGE('',*,*,#2923,.T.);
#4062=ORIENTED_EDGE('',*,*,#2924,.T.);
#4063=ORIENTED_EDGE('',*,*,#2925,.F.);
#4064=ORIENTED_EDGE('',*,*,#2926,.T.);
#4065=ORIENTED_EDGE('',*,*,#2927,.T.);
#4066=ORIENTED_EDGE('',*,*,#2925,.T.);
#4067=ORIENTED_EDGE('',*,*,#2928,.T.);
#4068=ORIENTED_EDGE('',*,*,#2929,.T.);
#4069=ORIENTED_EDGE('',*,*,#2930,.F.);
#4070=ORIENTED_EDGE('',*,*,#2931,.F.);
#4071=ORIENTED_EDGE('',*,*,#2887,.F.);
#4072=ORIENTED_EDGE('',*,*,#2911,.F.);
#4073=ORIENTED_EDGE('',*,*,#2932,.T.);
#4074=ORIENTED_EDGE('',*,*,#2933,.F.);
#4075=ORIENTED_EDGE('',*,*,#2934,.T.);
#4076=ORIENTED_EDGE('',*,*,#2935,.T.);
#4077=ORIENTED_EDGE('',*,*,#2936,.T.);
#4078=ORIENTED_EDGE('',*,*,#2929,.F.);
#4079=ORIENTED_EDGE('',*,*,#2937,.T.);
#4080=ORIENTED_EDGE('',*,*,#2933,.T.);
#4081=ORIENTED_EDGE('',*,*,#2938,.T.);
#4082=ORIENTED_EDGE('',*,*,#2935,.F.);
#4083=ORIENTED_EDGE('',*,*,#2939,.T.);
#4084=ORIENTED_EDGE('',*,*,#2940,.T.);
#4085=ORIENTED_EDGE('',*,*,#2941,.T.);
#4086=ORIENTED_EDGE('',*,*,#2940,.F.);
#4087=ORIENTED_EDGE('',*,*,#2942,.T.);
#4088=ORIENTED_EDGE('',*,*,#2914,.T.);
#4089=ORIENTED_EDGE('',*,*,#2943,.T.);
#4090=ORIENTED_EDGE('',*,*,#2922,.T.);
#4091=ORIENTED_EDGE('',*,*,#2904,.F.);
#4092=ORIENTED_EDGE('',*,*,#2897,.T.);
#4093=ORIENTED_EDGE('',*,*,#2888,.T.);
#4094=ORIENTED_EDGE('',*,*,#2931,.T.);
#4095=ORIENTED_EDGE('',*,*,#2944,.F.);
#4096=ORIENTED_EDGE('',*,*,#2903,.T.);
#4097=ORIENTED_EDGE('',*,*,#2900,.T.);
#4098=ORIENTED_EDGE('',*,*,#2892,.T.);
#4099=ORIENTED_EDGE('',*,*,#2920,.F.);
#4100=ORIENTED_EDGE('',*,*,#2917,.T.);
#4101=ORIENTED_EDGE('',*,*,#2915,.F.);
#4102=ORIENTED_EDGE('',*,*,#2942,.F.);
#4103=ORIENTED_EDGE('',*,*,#2939,.F.);
#4104=ORIENTED_EDGE('',*,*,#2934,.F.);
#4105=ORIENTED_EDGE('',*,*,#2937,.F.);
#4106=ORIENTED_EDGE('',*,*,#2928,.F.);
#4107=ORIENTED_EDGE('',*,*,#2924,.F.);
#4108=ORIENTED_EDGE('',*,*,#2945,.T.);
#4109=ORIENTED_EDGE('',*,*,#2916,.F.);
#4110=ORIENTED_EDGE('',*,*,#2945,.F.);
#4111=ORIENTED_EDGE('',*,*,#2923,.F.);
#4112=ORIENTED_EDGE('',*,*,#2943,.F.);
#4113=ORIENTED_EDGE('',*,*,#2913,.F.);
#4114=ORIENTED_EDGE('',*,*,#2946,.F.);
#4115=ORIENTED_EDGE('',*,*,#2926,.F.);
#4116=ORIENTED_EDGE('',*,*,#2927,.F.);
#4117=ORIENTED_EDGE('',*,*,#2936,.F.);
#4118=ORIENTED_EDGE('',*,*,#2932,.F.);
#4119=ORIENTED_EDGE('',*,*,#2938,.F.);
#4120=ORIENTED_EDGE('',*,*,#2941,.F.);
#4121=ORIENTED_EDGE('',*,*,#2919,.F.);
#4122=ORIENTED_EDGE('',*,*,#2907,.F.);
#4123=ORIENTED_EDGE('',*,*,#2921,.F.);
#4124=ORIENTED_EDGE('',*,*,#2946,.T.);
#4125=ORIENTED_EDGE('',*,*,#2944,.T.);
#4126=ORIENTED_EDGE('',*,*,#2930,.T.);
#4127=ORIENTED_EDGE('',*,*,#2910,.T.);
#4128=ORIENTED_EDGE('',*,*,#2901,.T.);
#4129=ORIENTED_EDGE('',*,*,#2947,.T.);
#4130=ORIENTED_EDGE('',*,*,#2948,.T.);
#4131=ORIENTED_EDGE('',*,*,#2949,.T.);
#4132=ORIENTED_EDGE('',*,*,#2950,.T.);
#4133=ORIENTED_EDGE('',*,*,#2951,.F.);
#4134=ORIENTED_EDGE('',*,*,#2952,.F.);
#4135=ORIENTED_EDGE('',*,*,#2953,.F.);
#4136=ORIENTED_EDGE('',*,*,#2954,.F.);
#4137=ORIENTED_EDGE('',*,*,#2955,.F.);
#4138=ORIENTED_EDGE('',*,*,#2956,.F.);
#4139=ORIENTED_EDGE('',*,*,#2957,.F.);
#4140=ORIENTED_EDGE('',*,*,#2958,.F.);
#4141=ORIENTED_EDGE('',*,*,#2959,.F.);
#4142=ORIENTED_EDGE('',*,*,#2960,.F.);
#4143=ORIENTED_EDGE('',*,*,#2961,.F.);
#4144=ORIENTED_EDGE('',*,*,#2952,.T.);
#4145=ORIENTED_EDGE('',*,*,#2962,.F.);
#4146=ORIENTED_EDGE('',*,*,#2963,.T.);
#4147=ORIENTED_EDGE('',*,*,#2964,.F.);
#4148=ORIENTED_EDGE('',*,*,#2965,.F.);
#4149=ORIENTED_EDGE('',*,*,#2966,.F.);
#4150=ORIENTED_EDGE('',*,*,#2967,.F.);
#4151=ORIENTED_EDGE('',*,*,#2968,.F.);
#4152=ORIENTED_EDGE('',*,*,#2969,.F.);
#4153=ORIENTED_EDGE('',*,*,#2970,.F.);
#4154=ORIENTED_EDGE('',*,*,#2971,.F.);
#4155=ORIENTED_EDGE('',*,*,#2972,.F.);
#4156=ORIENTED_EDGE('',*,*,#2963,.F.);
#4157=ORIENTED_EDGE('',*,*,#2954,.T.);
#4158=ORIENTED_EDGE('',*,*,#2973,.T.);
#4159=ORIENTED_EDGE('',*,*,#2974,.F.);
#4160=ORIENTED_EDGE('',*,*,#2975,.T.);
#4161=ORIENTED_EDGE('',*,*,#2976,.T.);
#4162=ORIENTED_EDGE('',*,*,#2977,.T.);
#4163=ORIENTED_EDGE('',*,*,#2949,.F.);
#4164=ORIENTED_EDGE('',*,*,#2978,.T.);
#4165=ORIENTED_EDGE('',*,*,#2979,.T.);
#4166=ORIENTED_EDGE('',*,*,#2980,.T.);
#4167=ORIENTED_EDGE('',*,*,#2981,.F.);
#4168=ORIENTED_EDGE('',*,*,#2982,.T.);
#4169=ORIENTED_EDGE('',*,*,#2965,.T.);
#4170=ORIENTED_EDGE('',*,*,#2983,.T.);
#4171=ORIENTED_EDGE('',*,*,#2984,.F.);
#4172=ORIENTED_EDGE('',*,*,#2985,.T.);
#4173=ORIENTED_EDGE('',*,*,#2986,.T.);
#4174=ORIENTED_EDGE('',*,*,#2987,.T.);
#4175=ORIENTED_EDGE('',*,*,#2947,.F.);
#4176=ORIENTED_EDGE('',*,*,#2988,.T.);
#4177=ORIENTED_EDGE('',*,*,#2989,.T.);
#4178=ORIENTED_EDGE('',*,*,#2990,.T.);
#4179=ORIENTED_EDGE('',*,*,#2991,.F.);
#4180=ORIENTED_EDGE('',*,*,#2992,.T.);
#4181=ORIENTED_EDGE('',*,*,#2953,.T.);
#4182=ORIENTED_EDGE('',*,*,#2961,.T.);
#4183=ORIENTED_EDGE('',*,*,#2993,.F.);
#4184=ORIENTED_EDGE('',*,*,#2966,.T.);
#4185=ORIENTED_EDGE('',*,*,#2962,.T.);
#4186=ORIENTED_EDGE('',*,*,#2992,.F.);
#4187=ORIENTED_EDGE('',*,*,#2994,.F.);
#4188=ORIENTED_EDGE('',*,*,#2973,.F.);
#4189=ORIENTED_EDGE('',*,*,#2960,.T.);
#4190=ORIENTED_EDGE('',*,*,#2995,.T.);
#4191=ORIENTED_EDGE('',*,*,#2967,.T.);
#4192=ORIENTED_EDGE('',*,*,#2993,.T.);
#4193=ORIENTED_EDGE('',*,*,#2959,.T.);
#4194=ORIENTED_EDGE('',*,*,#2996,.T.);
#4195=ORIENTED_EDGE('',*,*,#2968,.T.);
#4196=ORIENTED_EDGE('',*,*,#2995,.F.);
#4197=ORIENTED_EDGE('',*,*,#2984,.T.);
#4198=ORIENTED_EDGE('',*,*,#2997,.T.);
#4199=ORIENTED_EDGE('',*,*,#2981,.T.);
#4200=ORIENTED_EDGE('',*,*,#2998,.T.);
#4201=ORIENTED_EDGE('',*,*,#2951,.T.);
#4202=ORIENTED_EDGE('',*,*,#2982,.F.);
#4203=ORIENTED_EDGE('',*,*,#2997,.F.);
#4204=ORIENTED_EDGE('',*,*,#2983,.F.);
#4205=ORIENTED_EDGE('',*,*,#2964,.T.);
#4206=ORIENTED_EDGE('',*,*,#2972,.T.);
#4207=ORIENTED_EDGE('',*,*,#2999,.F.);
#4208=ORIENTED_EDGE('',*,*,#2955,.T.);
#4209=ORIENTED_EDGE('',*,*,#2956,.T.);
#4210=ORIENTED_EDGE('',*,*,#2999,.T.);
#4211=ORIENTED_EDGE('',*,*,#2971,.T.);
#4212=ORIENTED_EDGE('',*,*,#3000,.F.);
#4213=ORIENTED_EDGE('',*,*,#2974,.T.);
#4214=ORIENTED_EDGE('',*,*,#2994,.T.);
#4215=ORIENTED_EDGE('',*,*,#2991,.T.);
#4216=ORIENTED_EDGE('',*,*,#3001,.T.);
#4217=ORIENTED_EDGE('',*,*,#2948,.F.);
#4218=ORIENTED_EDGE('',*,*,#2987,.F.);
#4219=ORIENTED_EDGE('',*,*,#3002,.F.);
#4220=ORIENTED_EDGE('',*,*,#2978,.F.);
#4221=ORIENTED_EDGE('',*,*,#2950,.F.);
#4222=ORIENTED_EDGE('',*,*,#2977,.F.);
#4223=ORIENTED_EDGE('',*,*,#3003,.F.);
#4224=ORIENTED_EDGE('',*,*,#2988,.F.);
#4225=ORIENTED_EDGE('',*,*,#3002,.T.);
#4226=ORIENTED_EDGE('',*,*,#2986,.F.);
#4227=ORIENTED_EDGE('',*,*,#3004,.F.);
#4228=ORIENTED_EDGE('',*,*,#2979,.F.);
#4229=ORIENTED_EDGE('',*,*,#3001,.F.);
#4230=ORIENTED_EDGE('',*,*,#2990,.F.);
#4231=ORIENTED_EDGE('',*,*,#3005,.F.);
#4232=ORIENTED_EDGE('',*,*,#2975,.F.);
#4233=ORIENTED_EDGE('',*,*,#2998,.F.);
#4234=ORIENTED_EDGE('',*,*,#2980,.F.);
#4235=ORIENTED_EDGE('',*,*,#3004,.T.);
#4236=ORIENTED_EDGE('',*,*,#2985,.F.);
#4237=ORIENTED_EDGE('',*,*,#3003,.T.);
#4238=ORIENTED_EDGE('',*,*,#2976,.F.);
#4239=ORIENTED_EDGE('',*,*,#3005,.T.);
#4240=ORIENTED_EDGE('',*,*,#2989,.F.);
#4241=ORIENTED_EDGE('',*,*,#2957,.T.);
#4242=ORIENTED_EDGE('',*,*,#3000,.T.);
#4243=ORIENTED_EDGE('',*,*,#2970,.T.);
#4244=ORIENTED_EDGE('',*,*,#3006,.F.);
#4245=ORIENTED_EDGE('',*,*,#2958,.T.);
#4246=ORIENTED_EDGE('',*,*,#3006,.T.);
#4247=ORIENTED_EDGE('',*,*,#2969,.T.);
#4248=ORIENTED_EDGE('',*,*,#2996,.F.);
#4249=ORIENTED_EDGE('',*,*,#3007,.T.);
#4250=ORIENTED_EDGE('',*,*,#3008,.T.);
#4251=ORIENTED_EDGE('',*,*,#3009,.F.);
#4252=ORIENTED_EDGE('',*,*,#3010,.F.);
#4253=ORIENTED_EDGE('',*,*,#3011,.T.);
#4254=ORIENTED_EDGE('',*,*,#3010,.T.);
#4255=ORIENTED_EDGE('',*,*,#3012,.F.);
#4256=ORIENTED_EDGE('',*,*,#3013,.F.);
#4257=ORIENTED_EDGE('',*,*,#3014,.T.);
#4258=ORIENTED_EDGE('',*,*,#3013,.T.);
#4259=ORIENTED_EDGE('',*,*,#3015,.F.);
#4260=ORIENTED_EDGE('',*,*,#3016,.F.);
#4261=ORIENTED_EDGE('',*,*,#3017,.T.);
#4262=ORIENTED_EDGE('',*,*,#3016,.T.);
#4263=ORIENTED_EDGE('',*,*,#3018,.F.);
#4264=ORIENTED_EDGE('',*,*,#3019,.F.);
#4265=ORIENTED_EDGE('',*,*,#3020,.T.);
#4266=ORIENTED_EDGE('',*,*,#3019,.T.);
#4267=ORIENTED_EDGE('',*,*,#3021,.F.);
#4268=ORIENTED_EDGE('',*,*,#3022,.F.);
#4269=ORIENTED_EDGE('',*,*,#3023,.T.);
#4270=ORIENTED_EDGE('',*,*,#3022,.T.);
#4271=ORIENTED_EDGE('',*,*,#3024,.F.);
#4272=ORIENTED_EDGE('',*,*,#3008,.F.);
#4273=ORIENTED_EDGE('',*,*,#3024,.T.);
#4274=ORIENTED_EDGE('',*,*,#3021,.T.);
#4275=ORIENTED_EDGE('',*,*,#3018,.T.);
#4276=ORIENTED_EDGE('',*,*,#3015,.T.);
#4277=ORIENTED_EDGE('',*,*,#3012,.T.);
#4278=ORIENTED_EDGE('',*,*,#3009,.T.);
#4279=ORIENTED_EDGE('',*,*,#3023,.F.);
#4280=ORIENTED_EDGE('',*,*,#3007,.F.);
#4281=ORIENTED_EDGE('',*,*,#3011,.F.);
#4282=ORIENTED_EDGE('',*,*,#3014,.F.);
#4283=ORIENTED_EDGE('',*,*,#3017,.F.);
#4284=ORIENTED_EDGE('',*,*,#3020,.F.);
#4285=ORIENTED_EDGE('',*,*,#3025,.F.);
#4286=ORIENTED_EDGE('',*,*,#3026,.T.);
#4287=ORIENTED_EDGE('',*,*,#3027,.F.);
#4288=ORIENTED_EDGE('',*,*,#3028,.F.);
#4289=ORIENTED_EDGE('',*,*,#3029,.F.);
#4290=ORIENTED_EDGE('',*,*,#3028,.T.);
#4291=ORIENTED_EDGE('',*,*,#3030,.F.);
#4292=ORIENTED_EDGE('',*,*,#3031,.F.);
#4293=ORIENTED_EDGE('',*,*,#3032,.F.);
#4294=ORIENTED_EDGE('',*,*,#3031,.T.);
#4295=ORIENTED_EDGE('',*,*,#3033,.F.);
#4296=ORIENTED_EDGE('',*,*,#3034,.F.);
#4297=ORIENTED_EDGE('',*,*,#3035,.F.);
#4298=ORIENTED_EDGE('',*,*,#3034,.T.);
#4299=ORIENTED_EDGE('',*,*,#3036,.F.);
#4300=ORIENTED_EDGE('',*,*,#3037,.F.);
#4301=ORIENTED_EDGE('',*,*,#3038,.F.);
#4302=ORIENTED_EDGE('',*,*,#3037,.T.);
#4303=ORIENTED_EDGE('',*,*,#3039,.F.);
#4304=ORIENTED_EDGE('',*,*,#3040,.F.);
#4305=ORIENTED_EDGE('',*,*,#3041,.F.);
#4306=ORIENTED_EDGE('',*,*,#3040,.T.);
#4307=ORIENTED_EDGE('',*,*,#3042,.F.);
#4308=ORIENTED_EDGE('',*,*,#3026,.F.);
#4309=ORIENTED_EDGE('',*,*,#3041,.T.);
#4310=ORIENTED_EDGE('',*,*,#3025,.T.);
#4311=ORIENTED_EDGE('',*,*,#3029,.T.);
#4312=ORIENTED_EDGE('',*,*,#3032,.T.);
#4313=ORIENTED_EDGE('',*,*,#3035,.T.);
#4314=ORIENTED_EDGE('',*,*,#3038,.T.);
#4315=ORIENTED_EDGE('',*,*,#3042,.T.);
#4316=ORIENTED_EDGE('',*,*,#3039,.T.);
#4317=ORIENTED_EDGE('',*,*,#3036,.T.);
#4318=ORIENTED_EDGE('',*,*,#3033,.T.);
#4319=ORIENTED_EDGE('',*,*,#3030,.T.);
#4320=ORIENTED_EDGE('',*,*,#3027,.T.);
#4321=ORIENTED_EDGE('',*,*,#3043,.F.);
#4322=ORIENTED_EDGE('',*,*,#3044,.F.);
#4323=ORIENTED_EDGE('',*,*,#3044,.T.);
#4324=ORIENTED_EDGE('',*,*,#3043,.T.);
#4325=ORIENTED_EDGE('',*,*,#3045,.T.);
#4326=ORIENTED_EDGE('',*,*,#3046,.T.);
#4327=ORIENTED_EDGE('',*,*,#3047,.F.);
#4328=ORIENTED_EDGE('',*,*,#3048,.F.);
#4329=ORIENTED_EDGE('',*,*,#3049,.T.);
#4330=ORIENTED_EDGE('',*,*,#3048,.T.);
#4331=ORIENTED_EDGE('',*,*,#3050,.F.);
#4332=ORIENTED_EDGE('',*,*,#3051,.F.);
#4333=ORIENTED_EDGE('',*,*,#3052,.T.);
#4334=ORIENTED_EDGE('',*,*,#3051,.T.);
#4335=ORIENTED_EDGE('',*,*,#3053,.F.);
#4336=ORIENTED_EDGE('',*,*,#3054,.F.);
#4337=ORIENTED_EDGE('',*,*,#3055,.T.);
#4338=ORIENTED_EDGE('',*,*,#3054,.T.);
#4339=ORIENTED_EDGE('',*,*,#3056,.F.);
#4340=ORIENTED_EDGE('',*,*,#3057,.F.);
#4341=ORIENTED_EDGE('',*,*,#3058,.T.);
#4342=ORIENTED_EDGE('',*,*,#3057,.T.);
#4343=ORIENTED_EDGE('',*,*,#3059,.F.);
#4344=ORIENTED_EDGE('',*,*,#3060,.F.);
#4345=ORIENTED_EDGE('',*,*,#3061,.T.);
#4346=ORIENTED_EDGE('',*,*,#3060,.T.);
#4347=ORIENTED_EDGE('',*,*,#3062,.F.);
#4348=ORIENTED_EDGE('',*,*,#3063,.F.);
#4349=ORIENTED_EDGE('',*,*,#3064,.T.);
#4350=ORIENTED_EDGE('',*,*,#3063,.T.);
#4351=ORIENTED_EDGE('',*,*,#3065,.F.);
#4352=ORIENTED_EDGE('',*,*,#3066,.F.);
#4353=ORIENTED_EDGE('',*,*,#3067,.T.);
#4354=ORIENTED_EDGE('',*,*,#3066,.T.);
#4355=ORIENTED_EDGE('',*,*,#3068,.F.);
#4356=ORIENTED_EDGE('',*,*,#3046,.F.);
#4357=ORIENTED_EDGE('',*,*,#3068,.T.);
#4358=ORIENTED_EDGE('',*,*,#3065,.T.);
#4359=ORIENTED_EDGE('',*,*,#3062,.T.);
#4360=ORIENTED_EDGE('',*,*,#3059,.T.);
#4361=ORIENTED_EDGE('',*,*,#3056,.T.);
#4362=ORIENTED_EDGE('',*,*,#3053,.T.);
#4363=ORIENTED_EDGE('',*,*,#3050,.T.);
#4364=ORIENTED_EDGE('',*,*,#3047,.T.);
#4365=ORIENTED_EDGE('',*,*,#3067,.F.);
#4366=ORIENTED_EDGE('',*,*,#3045,.F.);
#4367=ORIENTED_EDGE('',*,*,#3049,.F.);
#4368=ORIENTED_EDGE('',*,*,#3052,.F.);
#4369=ORIENTED_EDGE('',*,*,#3055,.F.);
#4370=ORIENTED_EDGE('',*,*,#3058,.F.);
#4371=ORIENTED_EDGE('',*,*,#3061,.F.);
#4372=ORIENTED_EDGE('',*,*,#3064,.F.);
#4373=SPHERICAL_SURFACE('',#4646,0.2);
#4374=SPHERICAL_SURFACE('',#4652,0.2);
#4375=SPHERICAL_SURFACE('',#4667,0.2);
#4376=SPHERICAL_SURFACE('',#4672,0.2);
#4377=SPHERICAL_SURFACE('',#4677,0.2);
#4378=SPHERICAL_SURFACE('',#4679,0.2);
#4379=ADVANCED_FACE('',(#1389),#4373,.T.);
#4380=ADVANCED_FACE('',(#1390),#1339,.T.);
#4381=ADVANCED_FACE('',(#1391),#4374,.T.);
#4382=ADVANCED_FACE('',(#1392),#113,.T.);
#4383=ADVANCED_FACE('',(#1393),#1340,.T.);
#4384=ADVANCED_FACE('',(#1394),#1341,.T.);
#4385=ADVANCED_FACE('',(#1395),#1342,.T.);
#4386=ADVANCED_FACE('',(#1396),#1343,.T.);
#4387=ADVANCED_FACE('',(#1397),#4375,.T.);
#4388=ADVANCED_FACE('',(#1398),#1344,.T.);
#4389=ADVANCED_FACE('',(#1399),#4376,.T.);
#4390=ADVANCED_FACE('',(#1400),#1345,.T.);
#4391=ADVANCED_FACE('',(#1401),#4377,.T.);
#4392=ADVANCED_FACE('',(#1402),#4378,.T.);
#4393=ADVANCED_FACE('',(#1403),#1346,.T.);
#4394=ADVANCED_FACE('',(#1404),#114,.T.);
#4395=ADVANCED_FACE('',(#1405),#1347,.T.);
#4396=ADVANCED_FACE('',(#1406),#115,.T.);
#4397=ADVANCED_FACE('',(#1407,#91),#116,.T.);
#4398=ADVANCED_FACE('',(#1408),#117,.T.);
#4399=ADVANCED_FACE('',(#1409),#118,.T.);
#4400=ADVANCED_FACE('',(#1410),#1348,.T.);
#4401=ADVANCED_FACE('',(#1411),#1349,.T.);
#4402=ADVANCED_FACE('',(#1412),#1350,.T.);
#4403=ADVANCED_FACE('',(#1413),#1351,.T.);
#4404=ADVANCED_FACE('',(#1414),#119,.T.);
#4405=ADVANCED_FACE('',(#1415),#120,.T.);
#4406=ADVANCED_FACE('',(#1416),#121,.T.);
#4407=ADVANCED_FACE('',(#1417),#1352,.T.);
#4408=ADVANCED_FACE('',(#1418),#122,.T.);
#4409=ADVANCED_FACE('',(#1419),#1353,.T.);
#4410=ADVANCED_FACE('',(#1420),#1354,.T.);
#4411=ADVANCED_FACE('',(#1421),#1355,.T.);
#4412=ADVANCED_FACE('',(#1422),#123,.F.);
#4413=ADVANCED_FACE('',(#1423),#124,.F.);
#4414=ADVANCED_FACE('',(#1424),#125,.F.);
#4415=ADVANCED_FACE('',(#1425),#126,.F.);
#4416=ADVANCED_FACE('',(#1426),#127,.T.);
#4417=ADVANCED_FACE('',(#1427),#128,.F.);
#4418=ADVANCED_FACE('',(#1428),#90,.T.);
#4419=ADVANCED_FACE('',(#1429),#129,.T.);
#4420=ADVANCED_FACE('',(#1430),#130,.F.);
#4421=ADVANCED_FACE('',(#1431),#131,.F.);
#4422=ADVANCED_FACE('',(#1432),#132,.F.);
#4423=ADVANCED_FACE('',(#1433),#133,.F.);
#4424=ADVANCED_FACE('',(#1434),#134,.T.);
#4425=ADVANCED_FACE('',(#1435),#53,.T.);
#4426=ADVANCED_FACE('',(#1436),#135,.T.);
#4427=ADVANCED_FACE('',(#1437),#54,.T.);
#4428=ADVANCED_FACE('',(#1438),#136,.T.);
#4429=ADVANCED_FACE('',(#1439),#55,.T.);
#4430=ADVANCED_FACE('',(#1440),#137,.T.);
#4431=ADVANCED_FACE('',(#1441),#56,.T.);
#4432=ADVANCED_FACE('',(#1442),#138,.T.);
#4433=ADVANCED_FACE('',(#1443),#1356,.T.);
#4434=ADVANCED_FACE('',(#1444),#139,.T.);
#4435=ADVANCED_FACE('',(#1445),#1357,.T.);
#4436=ADVANCED_FACE('',(#1446),#140,.T.);
#4437=ADVANCED_FACE('',(#1447),#1358,.T.);
#4438=ADVANCED_FACE('',(#1448),#141,.T.);
#4439=ADVANCED_FACE('',(#1449),#1359,.T.);
#4440=ADVANCED_FACE('',(#1450),#142,.T.);
#4441=ADVANCED_FACE('',(#1451),#143,.F.);
#4442=ADVANCED_FACE('',(#1452,#92),#144,.T.);
#4443=ADVANCED_FACE('',(#1453),#145,.F.);
#4444=ADVANCED_FACE('',(#1454),#146,.T.);
#4445=ADVANCED_FACE('',(#1455),#147,.T.);
#4446=ADVANCED_FACE('',(#1456),#148,.T.);
#4447=ADVANCED_FACE('',(#1457,#93),#149,.F.);
#4448=ADVANCED_FACE('',(#1458),#150,.T.);
#4449=ADVANCED_FACE('',(#1459),#151,.T.);
#4450=ADVANCED_FACE('',(#1460),#152,.F.);
#4451=ADVANCED_FACE('',(#1461),#153,.F.);
#4452=ADVANCED_FACE('',(#1462),#154,.F.);
#4453=ADVANCED_FACE('',(#1463),#155,.F.);
#4454=ADVANCED_FACE('',(#1464),#1360,.T.);
#4455=ADVANCED_FACE('',(#1465),#156,.T.);
#4456=ADVANCED_FACE('',(#1466),#157,.T.);
#4457=ADVANCED_FACE('',(#1467),#158,.T.);
#4458=ADVANCED_FACE('',(#1468),#159,.T.);
#4459=ADVANCED_FACE('',(#1469),#160,.T.);
#4460=ADVANCED_FACE('',(#1470),#1361,.F.);
#4461=ADVANCED_FACE('',(#1471),#161,.T.);
#4462=ADVANCED_FACE('',(#1472),#1362,.F.);
#4463=ADVANCED_FACE('',(#1473),#162,.T.);
#4464=ADVANCED_FACE('',(#1474),#1363,.T.);
#4465=ADVANCED_FACE('',(#1475),#163,.T.);
#4466=ADVANCED_FACE('',(#1476),#164,.T.);
#4467=ADVANCED_FACE('',(#1477),#165,.T.);
#4468=ADVANCED_FACE('',(#1478),#166,.T.);
#4469=ADVANCED_FACE('',(#1479),#167,.T.);
#4470=ADVANCED_FACE('',(#1480),#168,.T.);
#4471=ADVANCED_FACE('',(#1481),#169,.T.);
#4472=ADVANCED_FACE('',(#1482),#170,.T.);
#4473=ADVANCED_FACE('',(#1483),#171,.T.);
#4474=ADVANCED_FACE('',(#1484),#172,.T.);
#4475=ADVANCED_FACE('',(#1485),#173,.T.);
#4476=ADVANCED_FACE('',(#1486),#1364,.T.);
#4477=ADVANCED_FACE('',(#1487),#174,.T.);
#4478=ADVANCED_FACE('',(#1488),#175,.T.);
#4479=ADVANCED_FACE('',(#1489),#1365,.F.);
#4480=ADVANCED_FACE('',(#1490),#176,.T.);
#4481=ADVANCED_FACE('',(#1491),#1366,.F.);
#4482=ADVANCED_FACE('',(#1492),#177,.T.);
#4483=ADVANCED_FACE('',(#1493),#178,.T.);
#4484=ADVANCED_FACE('',(#1494),#179,.T.);
#4485=ADVANCED_FACE('',(#1495),#180,.T.);
#4486=ADVANCED_FACE('',(#1496),#1367,.T.);
#4487=ADVANCED_FACE('',(#1497),#181,.T.);
#4488=ADVANCED_FACE('',(#1498),#182,.F.);
#4489=ADVANCED_FACE('',(#1499),#183,.F.);
#4490=ADVANCED_FACE('',(#1500),#184,.F.);
#4491=ADVANCED_FACE('',(#1501),#185,.F.);
#4492=ADVANCED_FACE('',(#1502),#186,.T.);
#4493=ADVANCED_FACE('',(#1503),#187,.T.);
#4494=ADVANCED_FACE('',(#1504),#188,.F.);
#4495=ADVANCED_FACE('',(#1505),#189,.F.);
#4496=ADVANCED_FACE('',(#1506),#190,.F.);
#4497=ADVANCED_FACE('',(#1507),#191,.F.);
#4498=ADVANCED_FACE('',(#1508),#192,.T.);
#4499=ADVANCED_FACE('',(#1509),#193,.T.);
#4500=ADVANCED_FACE('',(#1510),#194,.T.);
#4501=ADVANCED_FACE('',(#1511),#1368,.T.);
#4502=ADVANCED_FACE('',(#1512),#195,.T.);
#4503=ADVANCED_FACE('',(#1513),#196,.T.);
#4504=ADVANCED_FACE('',(#1514),#1369,.F.);
#4505=ADVANCED_FACE('',(#1515),#197,.T.);
#4506=ADVANCED_FACE('',(#1516),#1370,.F.);
#4507=ADVANCED_FACE('',(#1517),#198,.T.);
#4508=ADVANCED_FACE('',(#1518),#199,.T.);
#4509=ADVANCED_FACE('',(#1519),#1371,.T.);
#4510=ADVANCED_FACE('',(#1520),#200,.T.);
#4511=ADVANCED_FACE('',(#1521),#201,.T.);
#4512=ADVANCED_FACE('',(#1522),#202,.T.);
#4513=ADVANCED_FACE('',(#1523),#203,.T.);
#4514=ADVANCED_FACE('',(#1524),#204,.T.);
#4515=ADVANCED_FACE('',(#1525),#205,.T.);
#4516=ADVANCED_FACE('',(#1526),#206,.T.);
#4517=ADVANCED_FACE('',(#1527),#207,.T.);
#4518=ADVANCED_FACE('',(#1528),#208,.T.);
#4519=ADVANCED_FACE('',(#1529),#209,.T.);
#4520=ADVANCED_FACE('',(#1530),#210,.T.);
#4521=ADVANCED_FACE('',(#1531),#211,.T.);
#4522=ADVANCED_FACE('',(#1532),#1372,.T.);
#4523=ADVANCED_FACE('',(#1533),#1373,.F.);
#4524=ADVANCED_FACE('',(#1534),#212,.T.);
#4525=ADVANCED_FACE('',(#1535),#1374,.F.);
#4526=ADVANCED_FACE('',(#1536),#213,.T.);
#4527=ADVANCED_FACE('',(#1537),#214,.T.);
#4528=ADVANCED_FACE('',(#1538),#215,.T.);
#4529=ADVANCED_FACE('',(#1539),#1375,.T.);
#4530=ADVANCED_FACE('',(#1540),#216,.T.);
#4531=ADVANCED_FACE('',(#1541),#217,.T.);
#4532=ADVANCED_FACE('',(#1542),#218,.F.);
#4533=ADVANCED_FACE('',(#1543),#219,.F.);
#4534=ADVANCED_FACE('',(#1544),#220,.F.);
#4535=ADVANCED_FACE('',(#1545),#221,.F.);
#4536=ADVANCED_FACE('',(#1546),#222,.T.);
#4537=ADVANCED_FACE('',(#1547),#223,.T.);
#4538=ADVANCED_FACE('',(#1548),#224,.F.);
#4539=ADVANCED_FACE('',(#1549),#225,.F.);
#4540=ADVANCED_FACE('',(#1550),#226,.F.);
#4541=ADVANCED_FACE('',(#1551),#227,.F.);
#4542=ADVANCED_FACE('',(#1552),#228,.T.);
#4543=ADVANCED_FACE('',(#1553),#229,.T.);
#4544=ADVANCED_FACE('',(#1554),#1376,.T.);
#4545=ADVANCED_FACE('',(#1555),#230,.T.);
#4546=ADVANCED_FACE('',(#1556),#231,.T.);
#4547=ADVANCED_FACE('',(#1557),#232,.T.);
#4548=ADVANCED_FACE('',(#1558),#233,.T.);
#4549=ADVANCED_FACE('',(#1559),#1377,.F.);
#4550=ADVANCED_FACE('',(#1560),#234,.T.);
#4551=ADVANCED_FACE('',(#1561),#1378,.F.);
#4552=ADVANCED_FACE('',(#1562),#1379,.T.);
#4553=ADVANCED_FACE('',(#1563),#235,.T.);
#4554=ADVANCED_FACE('',(#1564),#236,.T.);
#4555=ADVANCED_FACE('',(#1565),#237,.T.);
#4556=ADVANCED_FACE('',(#1566),#238,.T.);
#4557=ADVANCED_FACE('',(#1567),#239,.T.);
#4558=ADVANCED_FACE('',(#1568),#240,.T.);
#4559=ADVANCED_FACE('',(#1569),#241,.T.);
#4560=ADVANCED_FACE('',(#1570),#242,.T.);
#4561=ADVANCED_FACE('',(#1571),#243,.T.);
#4562=ADVANCED_FACE('',(#1572),#244,.T.);
#4563=ADVANCED_FACE('',(#1573),#245,.T.);
#4564=ADVANCED_FACE('',(#1574),#1380,.T.);
#4565=ADVANCED_FACE('',(#1575),#246,.T.);
#4566=ADVANCED_FACE('',(#1576),#247,.T.);
#4567=ADVANCED_FACE('',(#1577),#1381,.F.);
#4568=ADVANCED_FACE('',(#1578),#248,.T.);
#4569=ADVANCED_FACE('',(#1579),#1382,.F.);
#4570=ADVANCED_FACE('',(#1580),#249,.T.);
#4571=ADVANCED_FACE('',(#1581),#250,.T.);
#4572=ADVANCED_FACE('',(#1582),#251,.T.);
#4573=ADVANCED_FACE('',(#1583),#252,.T.);
#4574=ADVANCED_FACE('',(#1584),#1383,.T.);
#4575=ADVANCED_FACE('',(#1585),#253,.T.);
#4576=ADVANCED_FACE('',(#1586),#254,.F.);
#4577=ADVANCED_FACE('',(#1587),#255,.F.);
#4578=ADVANCED_FACE('',(#1588),#256,.F.);
#4579=ADVANCED_FACE('',(#1589),#257,.F.);
#4580=ADVANCED_FACE('',(#1590),#258,.T.);
#4581=ADVANCED_FACE('',(#1591),#259,.T.);
#4582=ADVANCED_FACE('',(#1592),#260,.F.);
#4583=ADVANCED_FACE('',(#1593),#261,.F.);
#4584=ADVANCED_FACE('',(#1594),#262,.F.);
#4585=ADVANCED_FACE('',(#1595),#263,.F.);
#4586=ADVANCED_FACE('',(#1596),#264,.T.);
#4587=ADVANCED_FACE('',(#1597),#265,.T.);
#4588=ADVANCED_FACE('',(#1598),#266,.T.);
#4589=ADVANCED_FACE('',(#1599),#1384,.F.);
#4590=ADVANCED_FACE('',(#1600),#267,.T.);
#4591=ADVANCED_FACE('',(#1601),#1385,.F.);
#4592=ADVANCED_FACE('',(#1602),#268,.T.);
#4593=ADVANCED_FACE('',(#1603),#1386,.T.);
#4594=ADVANCED_FACE('',(#1604),#1387,.T.);
#4595=ADVANCED_FACE('',(#1605),#269,.T.);
#4596=ADVANCED_FACE('',(#1606),#270,.T.);
#4597=ADVANCED_FACE('',(#1607),#271,.T.);
#4598=ADVANCED_FACE('',(#1608),#272,.T.);
#4599=ADVANCED_FACE('',(#1609),#273,.T.);
#4600=ADVANCED_FACE('',(#1610),#274,.T.);
#4601=ADVANCED_FACE('',(#1611),#275,.T.);
#4602=ADVANCED_FACE('',(#1612),#276,.T.);
#4603=ADVANCED_FACE('',(#1613),#43,.T.);
#4604=ADVANCED_FACE('',(#1614),#44,.T.);
#4605=ADVANCED_FACE('',(#1615),#45,.T.);
#4606=ADVANCED_FACE('',(#1616),#277,.T.);
#4607=ADVANCED_FACE('',(#1617),#46,.T.);
#4608=ADVANCED_FACE('',(#1618),#278,.T.);
#4609=ADVANCED_FACE('',(#1619),#279,.T.);
#4610=ADVANCED_FACE('',(#1620),#280,.F.);
#4611=ADVANCED_FACE('',(#1621),#281,.T.);
#4612=ADVANCED_FACE('',(#1622),#47,.T.);
#4613=ADVANCED_FACE('',(#1623),#282,.T.);
#4614=ADVANCED_FACE('',(#1624),#283,.T.);
#4615=ADVANCED_FACE('',(#1625),#48,.T.);
#4616=ADVANCED_FACE('',(#1626),#49,.T.);
#4617=ADVANCED_FACE('',(#1627),#284,.F.);
#4618=ADVANCED_FACE('',(#1628),#285,.T.);
#4619=ADVANCED_FACE('',(#1629,#94),#1388,.T.);
#4620=ADVANCED_FACE('',(#1630),#286,.F.);
#4621=ADVANCED_FACE('',(#1631),#287,.T.);
#4622=ADVANCED_FACE('',(#1632),#50,.T.);
#4623=ADVANCED_FACE('',(#1633),#288,.T.);
#4624=ADVANCED_FACE('',(#1634),#289,.T.);
#4625=ADVANCED_FACE('',(#1635),#290,.T.);
#4626=ADVANCED_FACE('',(#1636),#291,.T.);
#4627=ADVANCED_FACE('',(#1637),#51,.T.);
#4628=ADVANCED_FACE('',(#1638),#292,.T.);
#4629=ADVANCED_FACE('',(#1639),#52,.T.);
#4630=ADVANCED_FACE('',(#1640),#293,.T.);
#4631=ADVANCED_FACE('',(#1641),#294,.F.);
#4632=CLOSED_SHELL('',(#4379,#4380,#4381,#4382,#4383,#4384,#4385,#4386,
#4387,#4388,#4389,#4390,#4391,#4392,#4393,#4394,#4395,#4396,#4397,#4398,
#4399,#4400,#4401,#4402,#4403,#4404,#4405,#4406,#4407,#4408,#4409,#4410,
#4411,#4412,#4413,#4414,#4415,#4416,#4417,#4418,#4419));
#4633=CLOSED_SHELL('',(#4420,#4421,#4422,#4423,#4424,#4425,#4426,#4427,
#4428,#4429,#4430,#4431,#4432,#4433,#4434,#4435,#4436,#4437,#4438,#4439,
#4440,#4441,#4442,#4443,#4444,#4445,#4446,#4447,#4448));
#4634=CLOSED_SHELL('',(#4449,#4450,#4451,#4452,#4453,#4454,#4455,#4456,
#4457,#4458,#4459,#4460,#4461,#4462,#4463,#4464,#4465,#4466,#4467,#4468,
#4469,#4470));
#4635=CLOSED_SHELL('',(#4471,#4472,#4473,#4474,#4475,#4476,#4477,#4478,
#4479,#4480,#4481,#4482,#4483,#4484,#4485,#4486,#4487,#4488,#4489,#4490,
#4491,#4492));
#4636=CLOSED_SHELL('',(#4493,#4494,#4495,#4496,#4497,#4498,#4499,#4500,
#4501,#4502,#4503,#4504,#4505,#4506,#4507,#4508,#4509,#4510,#4511,#4512,
#4513,#4514));
#4637=CLOSED_SHELL('',(#4515,#4516,#4517,#4518,#4519,#4520,#4521,#4522,
#4523,#4524,#4525,#4526,#4527,#4528,#4529,#4530,#4531,#4532,#4533,#4534,
#4535,#4536));
#4638=CLOSED_SHELL('',(#4537,#4538,#4539,#4540,#4541,#4542,#4543,#4544,
#4545,#4546,#4547,#4548,#4549,#4550,#4551,#4552,#4553,#4554,#4555,#4556,
#4557,#4558));
#4639=CLOSED_SHELL('',(#4559,#4560,#4561,#4562,#4563,#4564,#4565,#4566,
#4567,#4568,#4569,#4570,#4571,#4572,#4573,#4574,#4575,#4576,#4577,#4578,
#4579,#4580));
#4640=CLOSED_SHELL('',(#4581,#4582,#4583,#4584,#4585,#4586,#4587,#4588,
#4589,#4590,#4591,#4592,#4593,#4594,#4595,#4596,#4597,#4598,#4599,#4600,
#4601,#4602));
#4641=CLOSED_SHELL('',(#4603,#4604,#4605,#4606,#4607,#4608,#4609,#4610));
#4642=CLOSED_SHELL('',(#4611,#4612,#4613,#4614,#4615,#4616,#4617,#4618));
#4643=CLOSED_SHELL('',(#4619,#4620,#4621));
#4644=CLOSED_SHELL('',(#4622,#4623,#4624,#4625,#4626,#4627,#4628,#4629,
#4630,#4631));
#4645=AXIS2_PLACEMENT_3D('placement',#6241,#5003,#5004);
#4646=AXIS2_PLACEMENT_3D('',#6242,#5005,#5006);
#4647=AXIS2_PLACEMENT_3D('',#6245,#5007,#5008);
#4648=AXIS2_PLACEMENT_3D('',#6247,#5009,#5010);
#4649=AXIS2_PLACEMENT_3D('',#6248,#5011,#5012);
#4650=AXIS2_PLACEMENT_3D('',#6249,#5013,#5014);
#4651=AXIS2_PLACEMENT_3D('',#6253,#5016,#5017);
#4652=AXIS2_PLACEMENT_3D('',#6255,#5019,#5020);
#4653=AXIS2_PLACEMENT_3D('',#6257,#5021,#5022);
#4654=AXIS2_PLACEMENT_3D('',#6258,#5023,#5024);
#4655=AXIS2_PLACEMENT_3D('',#6259,#5025,#5026);
#4656=AXIS2_PLACEMENT_3D('',#6265,#5030,#5031);
#4657=AXIS2_PLACEMENT_3D('',#6269,#5033,#5034);
#4658=AXIS2_PLACEMENT_3D('',#6270,#5035,#5036);
#4659=AXIS2_PLACEMENT_3D('',#6271,#5037,#5038);
#4660=AXIS2_PLACEMENT_3D('',#6275,#5040,#5041);
#4661=AXIS2_PLACEMENT_3D('',#6277,#5043,#5044);
#4662=AXIS2_PLACEMENT_3D('',#6279,#5045,#5046);
#4663=AXIS2_PLACEMENT_3D('',#6283,#5048,#5049);
#4664=AXIS2_PLACEMENT_3D('',#6285,#5051,#5052);
#4665=AXIS2_PLACEMENT_3D('',#6287,#5053,#5054);
#4666=AXIS2_PLACEMENT_3D('',#6291,#5056,#5057);
#4667=AXIS2_PLACEMENT_3D('',#6293,#5059,#5060);
#4668=AXIS2_PLACEMENT_3D('',#6294,#5061,#5062);
#4669=AXIS2_PLACEMENT_3D('',#6295,#5063,#5064);
#4670=AXIS2_PLACEMENT_3D('',#6297,#5065,#5066);
#4671=AXIS2_PLACEMENT_3D('',#6301,#5068,#5069);
#4672=AXIS2_PLACEMENT_3D('',#6303,#5071,#5072);
#4673=AXIS2_PLACEMENT_3D('',#6304,#5073,#5074);
#4674=AXIS2_PLACEMENT_3D('',#6305,#5075,#5076);
#4675=AXIS2_PLACEMENT_3D('',#6307,#5077,#5078);
#4676=AXIS2_PLACEMENT_3D('',#6309,#5080,#5081);
#4677=AXIS2_PLACEMENT_3D('',#6311,#5083,#5084);
#4678=AXIS2_PLACEMENT_3D('',#6312,#5085,#5086);
#4679=AXIS2_PLACEMENT_3D('',#6313,#5087,#5088);
#4680=AXIS2_PLACEMENT_3D('',#6314,#5089,#5090);
#4681=AXIS2_PLACEMENT_3D('',#6318,#5092,#5093);
#4682=AXIS2_PLACEMENT_3D('',#6320,#5095,#5096);
#4683=AXIS2_PLACEMENT_3D('',#6329,#5102,#5103);
#4684=AXIS2_PLACEMENT_3D('',#6331,#5105,#5106);
#4685=AXIS2_PLACEMENT_3D('',#6332,#5107,#5108);
#4686=AXIS2_PLACEMENT_3D('',#6335,#5109,#5110);
#4687=AXIS2_PLACEMENT_3D('',#6336,#5111,#5112);
#4688=AXIS2_PLACEMENT_3D('',#6337,#5113,#5114);
#4689=AXIS2_PLACEMENT_3D('',#6341,#5116,#5117);
#4690=AXIS2_PLACEMENT_3D('',#6347,#5121,#5122);
#4691=AXIS2_PLACEMENT_3D('',#6353,#5126,#5127);
#4692=AXIS2_PLACEMENT_3D('',#6357,#5129,#5130);
#4693=AXIS2_PLACEMENT_3D('',#6359,#5131,#5132);
#4694=AXIS2_PLACEMENT_3D('',#6360,#5133,#5134);
#4695=AXIS2_PLACEMENT_3D('',#6361,#5135,#5136);
#4696=AXIS2_PLACEMENT_3D('',#6364,#5138,#5139);
#4697=AXIS2_PLACEMENT_3D('',#6365,#5140,#5141);
#4698=AXIS2_PLACEMENT_3D('',#6369,#5143,#5144);
#4699=AXIS2_PLACEMENT_3D('',#6370,#5145,#5146);
#4700=AXIS2_PLACEMENT_3D('',#6371,#5147,#5148);
#4701=AXIS2_PLACEMENT_3D('',#6373,#5150,#5151);
#4702=AXIS2_PLACEMENT_3D('',#6381,#5156,#5157);
#4703=AXIS2_PLACEMENT_3D('',#6386,#5160,#5161);
#4704=AXIS2_PLACEMENT_3D('',#6387,#5162,#5163);
#4705=AXIS2_PLACEMENT_3D('',#6388,#5164,#5165);
#4706=AXIS2_PLACEMENT_3D('',#6389,#5166,#5167);
#4707=AXIS2_PLACEMENT_3D('',#6391,#5168,#5169);
#4708=AXIS2_PLACEMENT_3D('',#6392,#5170,#5171);
#4709=AXIS2_PLACEMENT_3D('',#6393,#5172,#5173);
#4710=AXIS2_PLACEMENT_3D('',#6400,#5177,#5178);
#4711=AXIS2_PLACEMENT_3D('',#6401,#5179,#5180);
#4712=AXIS2_PLACEMENT_3D('',#6402,#5181,#5182);
#4713=AXIS2_PLACEMENT_3D('',#6403,#5183,#5184);
#4714=AXIS2_PLACEMENT_3D('',#6404,#5185,#5186);
#4715=AXIS2_PLACEMENT_3D('',#6405,#5187,#5188);
#4716=AXIS2_PLACEMENT_3D('',#6406,#5189,#5190);
#4717=AXIS2_PLACEMENT_3D('',#6407,#5191,#5192);
#4718=AXIS2_PLACEMENT_3D('',#6416,#5197,#5198);
#4719=AXIS2_PLACEMENT_3D('',#6422,#5202,#5203);
#4720=AXIS2_PLACEMENT_3D('',#6426,#5206,#5207);
#4721=AXIS2_PLACEMENT_3D('',#6430,#5210,#5211);
#4722=AXIS2_PLACEMENT_3D('',#6433,#5214,#5215);
#4723=AXIS2_PLACEMENT_3D('',#6465,#5216,#5217);
#4724=AXIS2_PLACEMENT_3D('',#6466,#5218,#5219);
#4725=AXIS2_PLACEMENT_3D('placement',#6467,#5220,#5221);
#4726=AXIS2_PLACEMENT_3D('',#6468,#5222,#5223);
#4727=AXIS2_PLACEMENT_3D('',#6477,#5228,#5229);
#4728=AXIS2_PLACEMENT_3D('',#6483,#5233,#5234);
#4729=AXIS2_PLACEMENT_3D('',#6489,#5238,#5239);
#4730=AXIS2_PLACEMENT_3D('',#6492,#5242,#5243);
#4731=AXIS2_PLACEMENT_3D('',#6501,#5248,#5249);
#4732=AXIS2_PLACEMENT_3D('',#6505,#5251,#5252);
#4733=AXIS2_PLACEMENT_3D('',#6506,#5253,#5254);
#4734=AXIS2_PLACEMENT_3D('',#6507,#5255,#5256);
#4735=AXIS2_PLACEMENT_3D('',#6513,#5260,#5261);
#4736=AXIS2_PLACEMENT_3D('',#6517,#5263,#5264);
#4737=AXIS2_PLACEMENT_3D('',#6518,#5265,#5266);
#4738=AXIS2_PLACEMENT_3D('',#6519,#5267,#5268);
#4739=AXIS2_PLACEMENT_3D('',#6525,#5272,#5273);
#4740=AXIS2_PLACEMENT_3D('',#6529,#5275,#5276);
#4741=AXIS2_PLACEMENT_3D('',#6530,#5277,#5278);
#4742=AXIS2_PLACEMENT_3D('',#6531,#5279,#5280);
#4743=AXIS2_PLACEMENT_3D('',#6537,#5284,#5285);
#4744=AXIS2_PLACEMENT_3D('',#6541,#5287,#5288);
#4745=AXIS2_PLACEMENT_3D('',#6542,#5289,#5290);
#4746=AXIS2_PLACEMENT_3D('',#6543,#5291,#5292);
#4747=AXIS2_PLACEMENT_3D('',#6549,#5296,#5297);
#4748=AXIS2_PLACEMENT_3D('',#6553,#5299,#5300);
#4749=AXIS2_PLACEMENT_3D('',#6555,#5302,#5303);
#4750=AXIS2_PLACEMENT_3D('',#6559,#5306,#5307);
#4751=AXIS2_PLACEMENT_3D('',#6562,#5309,#5310);
#4752=AXIS2_PLACEMENT_3D('',#6563,#5311,#5312);
#4753=AXIS2_PLACEMENT_3D('',#6567,#5315,#5316);
#4754=AXIS2_PLACEMENT_3D('',#6570,#5318,#5319);
#4755=AXIS2_PLACEMENT_3D('',#6571,#5320,#5321);
#4756=AXIS2_PLACEMENT_3D('',#6575,#5324,#5325);
#4757=AXIS2_PLACEMENT_3D('',#6578,#5327,#5328);
#4758=AXIS2_PLACEMENT_3D('',#6579,#5329,#5330);
#4759=AXIS2_PLACEMENT_3D('',#6583,#5333,#5334);
#4760=AXIS2_PLACEMENT_3D('',#6589,#5338,#5339);
#4761=AXIS2_PLACEMENT_3D('',#6597,#5344,#5345);
#4762=AXIS2_PLACEMENT_3D('',#6603,#5349,#5350);
#4763=AXIS2_PLACEMENT_3D('',#6609,#5354,#5355);
#4764=AXIS2_PLACEMENT_3D('',#6611,#5357,#5358);
#4765=AXIS2_PLACEMENT_3D('',#6613,#5360,#5361);
#4766=AXIS2_PLACEMENT_3D('',#6615,#5363,#5364);
#4767=AXIS2_PLACEMENT_3D('',#6616,#5365,#5366);
#4768=AXIS2_PLACEMENT_3D('',#6625,#5371,#5372);
#4769=AXIS2_PLACEMENT_3D('',#6630,#5374,#5375);
#4770=AXIS2_PLACEMENT_3D('',#6638,#5379,#5380);
#4771=AXIS2_PLACEMENT_3D('',#6642,#5383,#5384);
#4772=AXIS2_PLACEMENT_3D('',#6648,#5388,#5389);
#4773=AXIS2_PLACEMENT_3D('',#6657,#5394,#5395);
#4774=AXIS2_PLACEMENT_3D('',#6663,#5398,#5399);
#4775=AXIS2_PLACEMENT_3D('',#6670,#5403,#5404);
#4776=AXIS2_PLACEMENT_3D('',#6671,#5405,#5406);
#4777=AXIS2_PLACEMENT_3D('',#6674,#5409,#5410);
#4778=AXIS2_PLACEMENT_3D('',#6680,#5414,#5415);
#4779=AXIS2_PLACEMENT_3D('',#6682,#5417,#5418);
#4780=AXIS2_PLACEMENT_3D('',#6684,#5420,#5421);
#4781=AXIS2_PLACEMENT_3D('',#6690,#5425,#5426);
#4782=AXIS2_PLACEMENT_3D('',#6694,#5428,#5429);
#4783=AXIS2_PLACEMENT_3D('',#6704,#5435,#5436);
#4784=AXIS2_PLACEMENT_3D('',#6705,#5437,#5438);
#4785=AXIS2_PLACEMENT_3D('',#6708,#5441,#5442);
#4786=AXIS2_PLACEMENT_3D('',#6712,#5445,#5446);
#4787=AXIS2_PLACEMENT_3D('',#6714,#5447,#5448);
#4788=AXIS2_PLACEMENT_3D('',#6716,#5450,#5451);
#4789=AXIS2_PLACEMENT_3D('',#6726,#5457,#5458);
#4790=AXIS2_PLACEMENT_3D('',#6727,#5459,#5460);
#4791=AXIS2_PLACEMENT_3D('',#6729,#5462,#5463);
#4792=AXIS2_PLACEMENT_3D('',#6731,#5465,#5466);
#4793=AXIS2_PLACEMENT_3D('',#6733,#5468,#5469);
#4794=AXIS2_PLACEMENT_3D('',#6735,#5471,#5472);
#4795=AXIS2_PLACEMENT_3D('',#6736,#5473,#5474);
#4796=AXIS2_PLACEMENT_3D('',#6737,#5475,#5476);
#4797=AXIS2_PLACEMENT_3D('',#6738,#5477,#5478);
#4798=AXIS2_PLACEMENT_3D('',#6747,#5483,#5484);
#4799=AXIS2_PLACEMENT_3D('',#6756,#5489,#5490);
#4800=AXIS2_PLACEMENT_3D('',#6762,#5494,#5495);
#4801=AXIS2_PLACEMENT_3D('',#6768,#5499,#5500);
#4802=AXIS2_PLACEMENT_3D('',#6774,#5504,#5505);
#4803=AXIS2_PLACEMENT_3D('',#6776,#5506,#5507);
#4804=AXIS2_PLACEMENT_3D('',#6779,#5509,#5510);
#4805=AXIS2_PLACEMENT_3D('',#6780,#5511,#5512);
#4806=AXIS2_PLACEMENT_3D('',#6786,#5515,#5516);
#4807=AXIS2_PLACEMENT_3D('',#6791,#5520,#5521);
#4808=AXIS2_PLACEMENT_3D('',#6805,#5529,#5530);
#4809=AXIS2_PLACEMENT_3D('',#6806,#5531,#5532);
#4810=AXIS2_PLACEMENT_3D('',#6807,#5533,#5534);
#4811=AXIS2_PLACEMENT_3D('',#6819,#5541,#5542);
#4812=AXIS2_PLACEMENT_3D('',#6821,#5543,#5544);
#4813=AXIS2_PLACEMENT_3D('',#6823,#5545,#5546);
#4814=AXIS2_PLACEMENT_3D('',#6825,#5548,#5549);
#4815=AXIS2_PLACEMENT_3D('',#6829,#5552,#5553);
#4816=AXIS2_PLACEMENT_3D('',#6838,#5558,#5559);
#4817=AXIS2_PLACEMENT_3D('',#6841,#5562,#5563);
#4818=AXIS2_PLACEMENT_3D('',#6847,#5567,#5568);
#4819=AXIS2_PLACEMENT_3D('',#6848,#5569,#5570);
#4820=AXIS2_PLACEMENT_3D('',#6849,#5571,#5572);
#4821=AXIS2_PLACEMENT_3D('',#6850,#5573,#5574);
#4822=AXIS2_PLACEMENT_3D('',#6853,#5577,#5578);
#4823=AXIS2_PLACEMENT_3D('',#6855,#5580,#5581);
#4824=AXIS2_PLACEMENT_3D('',#6856,#5582,#5583);
#4825=AXIS2_PLACEMENT_3D('',#6858,#5585,#5586);
#4826=AXIS2_PLACEMENT_3D('',#6859,#5587,#5588);
#4827=AXIS2_PLACEMENT_3D('',#6860,#5589,#5590);
#4828=AXIS2_PLACEMENT_3D('',#6869,#5595,#5596);
#4829=AXIS2_PLACEMENT_3D('',#6878,#5601,#5602);
#4830=AXIS2_PLACEMENT_3D('',#6884,#5605,#5606);
#4831=AXIS2_PLACEMENT_3D('',#6891,#5610,#5611);
#4832=AXIS2_PLACEMENT_3D('',#6892,#5612,#5613);
#4833=AXIS2_PLACEMENT_3D('',#6897,#5615,#5616);
#4834=AXIS2_PLACEMENT_3D('',#6905,#5620,#5621);
#4835=AXIS2_PLACEMENT_3D('',#6909,#5624,#5625);
#4836=AXIS2_PLACEMENT_3D('',#6915,#5629,#5630);
#4837=AXIS2_PLACEMENT_3D('',#6918,#5633,#5634);
#4838=AXIS2_PLACEMENT_3D('',#6920,#5636,#5637);
#4839=AXIS2_PLACEMENT_3D('',#6922,#5639,#5640);
#4840=AXIS2_PLACEMENT_3D('',#6924,#5642,#5643);
#4841=AXIS2_PLACEMENT_3D('',#6930,#5647,#5648);
#4842=AXIS2_PLACEMENT_3D('',#6934,#5650,#5651);
#4843=AXIS2_PLACEMENT_3D('',#6945,#5657,#5658);
#4844=AXIS2_PLACEMENT_3D('',#6947,#5660,#5661);
#4845=AXIS2_PLACEMENT_3D('',#6949,#5663,#5664);
#4846=AXIS2_PLACEMENT_3D('',#6953,#5667,#5668);
#4847=AXIS2_PLACEMENT_3D('',#6956,#5669,#5670);
#4848=AXIS2_PLACEMENT_3D('',#6959,#5673,#5674);
#4849=AXIS2_PLACEMENT_3D('',#6961,#5676,#5677);
#4850=AXIS2_PLACEMENT_3D('',#6971,#5683,#5684);
#4851=AXIS2_PLACEMENT_3D('',#6972,#5685,#5686);
#4852=AXIS2_PLACEMENT_3D('',#6974,#5688,#5689);
#4853=AXIS2_PLACEMENT_3D('',#6976,#5691,#5692);
#4854=AXIS2_PLACEMENT_3D('',#6978,#5694,#5695);
#4855=AXIS2_PLACEMENT_3D('',#6980,#5697,#5698);
#4856=AXIS2_PLACEMENT_3D('',#6981,#5699,#5700);
#4857=AXIS2_PLACEMENT_3D('',#6982,#5701,#5702);
#4858=AXIS2_PLACEMENT_3D('',#6991,#5707,#5708);
#4859=AXIS2_PLACEMENT_3D('',#6997,#5712,#5713);
#4860=AXIS2_PLACEMENT_3D('',#7006,#5718,#5719);
#4861=AXIS2_PLACEMENT_3D('',#7015,#5724,#5725);
#4862=AXIS2_PLACEMENT_3D('',#7021,#5729,#5730);
#4863=AXIS2_PLACEMENT_3D('',#7027,#5734,#5735);
#4864=AXIS2_PLACEMENT_3D('',#7033,#5739,#5740);
#4865=AXIS2_PLACEMENT_3D('',#7035,#5741,#5742);
#4866=AXIS2_PLACEMENT_3D('',#7038,#5744,#5745);
#4867=AXIS2_PLACEMENT_3D('',#7039,#5746,#5747);
#4868=AXIS2_PLACEMENT_3D('',#7041,#5748,#5749);
#4869=AXIS2_PLACEMENT_3D('',#7044,#5751,#5752);
#4870=AXIS2_PLACEMENT_3D('',#7045,#5753,#5754);
#4871=AXIS2_PLACEMENT_3D('',#7059,#5762,#5763);
#4872=AXIS2_PLACEMENT_3D('',#7060,#5764,#5765);
#4873=AXIS2_PLACEMENT_3D('',#7061,#5766,#5767);
#4874=AXIS2_PLACEMENT_3D('',#7062,#5768,#5769);
#4875=AXIS2_PLACEMENT_3D('',#7069,#5774,#5775);
#4876=AXIS2_PLACEMENT_3D('',#7073,#5778,#5779);
#4877=AXIS2_PLACEMENT_3D('',#7085,#5786,#5787);
#4878=AXIS2_PLACEMENT_3D('',#7087,#5788,#5789);
#4879=AXIS2_PLACEMENT_3D('',#7090,#5791,#5792);
#4880=AXIS2_PLACEMENT_3D('',#7091,#5793,#5794);
#4881=AXIS2_PLACEMENT_3D('',#7094,#5797,#5798);
#4882=AXIS2_PLACEMENT_3D('',#7097,#5801,#5802);
#4883=AXIS2_PLACEMENT_3D('',#7099,#5804,#5805);
#4884=AXIS2_PLACEMENT_3D('',#7100,#5806,#5807);
#4885=AXIS2_PLACEMENT_3D('',#7102,#5809,#5810);
#4886=AXIS2_PLACEMENT_3D('',#7103,#5811,#5812);
#4887=AXIS2_PLACEMENT_3D('',#7104,#5813,#5814);
#4888=AXIS2_PLACEMENT_3D('',#7113,#5819,#5820);
#4889=AXIS2_PLACEMENT_3D('',#7118,#5822,#5823);
#4890=AXIS2_PLACEMENT_3D('',#7126,#5827,#5828);
#4891=AXIS2_PLACEMENT_3D('',#7130,#5831,#5832);
#4892=AXIS2_PLACEMENT_3D('',#7136,#5836,#5837);
#4893=AXIS2_PLACEMENT_3D('',#7145,#5842,#5843);
#4894=AXIS2_PLACEMENT_3D('',#7149,#5845,#5846);
#4895=AXIS2_PLACEMENT_3D('',#7157,#5850,#5851);
#4896=AXIS2_PLACEMENT_3D('',#7159,#5853,#5854);
#4897=AXIS2_PLACEMENT_3D('',#7163,#5856,#5857);
#4898=AXIS2_PLACEMENT_3D('',#7176,#5864,#5865);
#4899=AXIS2_PLACEMENT_3D('',#7178,#5867,#5868);
#4900=AXIS2_PLACEMENT_3D('',#7183,#5872,#5873);
#4901=AXIS2_PLACEMENT_3D('',#7185,#5875,#5876);
#4902=AXIS2_PLACEMENT_3D('',#7187,#5878,#5879);
#4903=AXIS2_PLACEMENT_3D('',#7189,#5881,#5882);
#4904=AXIS2_PLACEMENT_3D('',#7193,#5885,#5886);
#4905=AXIS2_PLACEMENT_3D('',#7197,#5888,#5889);
#4906=AXIS2_PLACEMENT_3D('',#7207,#5895,#5896);
#4907=AXIS2_PLACEMENT_3D('',#7208,#5897,#5898);
#4908=AXIS2_PLACEMENT_3D('',#7211,#5901,#5902);
#4909=AXIS2_PLACEMENT_3D('',#7213,#5904,#5905);
#4910=AXIS2_PLACEMENT_3D('',#7215,#5907,#5908);
#4911=AXIS2_PLACEMENT_3D('',#7217,#5910,#5911);
#4912=AXIS2_PLACEMENT_3D('',#7219,#5913,#5914);
#4913=AXIS2_PLACEMENT_3D('',#7221,#5916,#5917);
#4914=AXIS2_PLACEMENT_3D('',#7223,#5919,#5920);
#4915=AXIS2_PLACEMENT_3D('',#7224,#5921,#5922);
#4916=AXIS2_PLACEMENT_3D('',#7225,#5923,#5924);
#4917=AXIS2_PLACEMENT_3D('',#7226,#5925,#5926);
#4918=AXIS2_PLACEMENT_3D('',#7235,#5931,#5932);
#4919=AXIS2_PLACEMENT_3D('',#7244,#5937,#5938);
#4920=AXIS2_PLACEMENT_3D('',#7250,#5942,#5943);
#4921=AXIS2_PLACEMENT_3D('',#7256,#5947,#5948);
#4922=AXIS2_PLACEMENT_3D('',#7262,#5952,#5953);
#4923=AXIS2_PLACEMENT_3D('',#7264,#5954,#5955);
#4924=AXIS2_PLACEMENT_3D('',#7267,#5957,#5958);
#4925=AXIS2_PLACEMENT_3D('',#7268,#5959,#5960);
#4926=AXIS2_PLACEMENT_3D('',#7274,#5963,#5964);
#4927=AXIS2_PLACEMENT_3D('',#7279,#5968,#5969);
#4928=AXIS2_PLACEMENT_3D('',#7293,#5977,#5978);
#4929=AXIS2_PLACEMENT_3D('',#7294,#5979,#5980);
#4930=AXIS2_PLACEMENT_3D('',#7295,#5981,#5982);
#4931=AXIS2_PLACEMENT_3D('',#7307,#5989,#5990);
#4932=AXIS2_PLACEMENT_3D('',#7309,#5991,#5992);
#4933=AXIS2_PLACEMENT_3D('',#7311,#5993,#5994);
#4934=AXIS2_PLACEMENT_3D('',#7313,#5996,#5997);
#4935=AXIS2_PLACEMENT_3D('',#7317,#6000,#6001);
#4936=AXIS2_PLACEMENT_3D('',#7326,#6006,#6007);
#4937=AXIS2_PLACEMENT_3D('',#7329,#6010,#6011);
#4938=AXIS2_PLACEMENT_3D('',#7335,#6015,#6016);
#4939=AXIS2_PLACEMENT_3D('',#7336,#6017,#6018);
#4940=AXIS2_PLACEMENT_3D('',#7337,#6019,#6020);
#4941=AXIS2_PLACEMENT_3D('',#7338,#6021,#6022);
#4942=AXIS2_PLACEMENT_3D('',#7341,#6025,#6026);
#4943=AXIS2_PLACEMENT_3D('',#7343,#6028,#6029);
#4944=AXIS2_PLACEMENT_3D('',#7344,#6030,#6031);
#4945=AXIS2_PLACEMENT_3D('',#7346,#6033,#6034);
#4946=AXIS2_PLACEMENT_3D('',#7347,#6035,#6036);
#4947=AXIS2_PLACEMENT_3D('',#7348,#6037,#6038);
#4948=AXIS2_PLACEMENT_3D('',#7357,#6043,#6044);
#4949=AXIS2_PLACEMENT_3D('',#7366,#6049,#6050);
#4950=AXIS2_PLACEMENT_3D('',#7370,#6052,#6053);
#4951=AXIS2_PLACEMENT_3D('',#7378,#6057,#6058);
#4952=AXIS2_PLACEMENT_3D('',#7380,#6060,#6061);
#4953=AXIS2_PLACEMENT_3D('',#7389,#6066,#6067);
#4954=AXIS2_PLACEMENT_3D('',#7393,#6069,#6070);
#4955=AXIS2_PLACEMENT_3D('',#7401,#6074,#6075);
#4956=AXIS2_PLACEMENT_3D('',#7403,#6077,#6078);
#4957=AXIS2_PLACEMENT_3D('',#7407,#6080,#6081);
#4958=AXIS2_PLACEMENT_3D('',#7420,#6088,#6089);
#4959=AXIS2_PLACEMENT_3D('',#7422,#6091,#6092);
#4960=AXIS2_PLACEMENT_3D('',#7426,#6094,#6095);
#4961=AXIS2_PLACEMENT_3D('',#7439,#6102,#6103);
#4962=AXIS2_PLACEMENT_3D('',#7441,#6105,#6106);
#4963=AXIS2_PLACEMENT_3D('',#7444,#6109,#6110);
#4964=AXIS2_PLACEMENT_3D('',#7446,#6112,#6113);
#4965=AXIS2_PLACEMENT_3D('',#7448,#6115,#6116);
#4966=AXIS2_PLACEMENT_3D('',#7451,#6119,#6120);
#4967=AXIS2_PLACEMENT_3D('',#7453,#6122,#6123);
#4968=AXIS2_PLACEMENT_3D('',#7455,#6125,#6126);
#4969=AXIS2_PLACEMENT_3D('',#7457,#6128,#6129);
#4970=AXIS2_PLACEMENT_3D('',#7459,#6131,#6132);
#4971=AXIS2_PLACEMENT_3D('',#7461,#6134,#6135);
#4972=AXIS2_PLACEMENT_3D('',#7463,#6137,#6138);
#4973=AXIS2_PLACEMENT_3D('',#7465,#6140,#6141);
#4974=AXIS2_PLACEMENT_3D('',#7466,#6142,#6143);
#4975=AXIS2_PLACEMENT_3D('',#7467,#6144,#6145);
#4976=AXIS2_PLACEMENT_3D('',#7469,#6147,#6148);
#4977=AXIS2_PLACEMENT_3D('placement',#7470,#6149,#6150);
#4978=AXIS2_PLACEMENT_3D('',#7531,#6155,#6156);
#4979=AXIS2_PLACEMENT_3D('',#7556,#6161,#6162);
#4980=AXIS2_PLACEMENT_3D('',#7559,#6165,#6166);
#4981=AXIS2_PLACEMENT_3D('',#7560,#6167,#6168);
#4982=AXIS2_PLACEMENT_3D('',#7561,#6169,#6170);
#4983=AXIS2_PLACEMENT_3D('',#7589,#6176,#6177);
#4984=AXIS2_PLACEMENT_3D('',#7595,#6181,#6182);
#4985=AXIS2_PLACEMENT_3D('',#7636,#6187,#6188);
#4986=AXIS2_PLACEMENT_3D('',#7637,#6189,#6190);
#4987=AXIS2_PLACEMENT_3D('',#7638,#6191,#6192);
#4988=AXIS2_PLACEMENT_3D('',#7640,#6193,#6194);
#4989=AXIS2_PLACEMENT_3D('',#7642,#6195,#6196);
#4990=AXIS2_PLACEMENT_3D('',#7643,#6197,#6198);
#4991=AXIS2_PLACEMENT_3D('',#7644,#6199,#6200);
#4992=AXIS2_PLACEMENT_3D('',#7667,#6203,#6204);
#4993=AXIS2_PLACEMENT_3D('',#7673,#6208,#6209);
#4994=AXIS2_PLACEMENT_3D('',#7679,#6213,#6214);
#4995=AXIS2_PLACEMENT_3D('',#7685,#6218,#6219);
#4996=AXIS2_PLACEMENT_3D('',#7710,#6224,#6225);
#4997=AXIS2_PLACEMENT_3D('',#7732,#6229,#6230);
#4998=AXIS2_PLACEMENT_3D('',#7733,#6231,#6232);
#4999=AXIS2_PLACEMENT_3D('placement',#7734,#6233,#6234);
#5000=AXIS2_PLACEMENT_3D('',#7735,#6235,#6236);
#5001=AXIS2_PLACEMENT_3D('',#7736,#6237,#6238);
#5002=AXIS2_PLACEMENT_3D('',#7737,#6239,#6240);
#5003=DIRECTION('axis',(0.,0.,1.));
#5004=DIRECTION('refdir',(1.,0.,0.));
#5005=DIRECTION('center_axis',(0.,0.,1.));
#5006=DIRECTION('ref_axis',(1.,0.,0.));
#5007=DIRECTION('center_axis',(1.,3.58065848335248E-16,-4.09271137430456E-15));
#5008=DIRECTION('ref_axis',(0.,0.996194698091746,0.0871557427476574));
#5009=DIRECTION('center_axis',(0.0590035075828441,0.735992834077104,-0.674413177718284));
#5010=DIRECTION('ref_axis',(0.682819280895966,0.463068133797676,0.565089137303004));
#5011=DIRECTION('center_axis',(-0.0868265938642476,-0.0868265938642476,
0.992432509138967));
#5012=DIRECTION('ref_axis',(0.701755757082143,0.701755757082145,0.122791346617479));
#5013=DIRECTION('center_axis',(-1.,0.,0.));
#5014=DIRECTION('ref_axis',(0.,0.896872741532688,0.442288690219002));
#5015=DIRECTION('',(-1.,0.,0.));
#5016=DIRECTION('center_axis',(1.,-7.16131696670498E-16,8.18542274860909E-15));
#5017=DIRECTION('ref_axis',(0.,0.996194698091746,0.0871557427476574));
#5018=DIRECTION('',(1.,0.,0.));
#5019=DIRECTION('center_axis',(0.,0.,1.));
#5020=DIRECTION('ref_axis',(1.,0.,0.));
#5021=DIRECTION('center_axis',(0.0868265938642476,-0.0868265938642476,0.992432509138967));
#5022=DIRECTION('ref_axis',(-0.701755757082144,0.701755757082144,0.122791346617479));
#5023=DIRECTION('center_axis',(-0.0590035075828441,0.735992834077104,-0.674413177718284));
#5024=DIRECTION('ref_axis',(-0.682819280895966,0.463068133797676,0.565089137303004));
#5025=DIRECTION('center_axis',(0.,0.996194698091746,0.0871557427476581));
#5026=DIRECTION('ref_axis',(0.,-0.0871557427476581,0.996194698091746));
#5027=DIRECTION('',(-0.0868265938642476,-0.0868265938642476,0.992432509138967));
#5028=DIRECTION('',(-1.,0.,0.));
#5029=DIRECTION('',(-0.0868265938642476,0.0868265938642476,-0.992432509138967));
#5030=DIRECTION('center_axis',(-0.0868265938642476,-0.0868265938642476,
0.992432509138967));
#5031=DIRECTION('ref_axis',(0.701755757082142,0.701755757082146,0.122791346617478));
#5032=DIRECTION('',(0.0868265938642476,0.0868265938642476,-0.992432509138967));
#5033=DIRECTION('center_axis',(-1.,0.,0.));
#5034=DIRECTION('ref_axis',(0.,-0.0871557427476581,0.996194698091745));
#5035=DIRECTION('center_axis',(0.,-1.,0.));
#5036=DIRECTION('ref_axis',(-0.0871557427476581,5.34541306324534E-18,0.996194698091745));
#5037=DIRECTION('center_axis',(-0.0590035075828441,-0.735992834077104,0.674413177718284));
#5038=DIRECTION('ref_axis',(0.682819280895966,0.463068133797674,0.565089137303006));
#5039=DIRECTION('',(-0.0590035075828441,-0.735992834077104,0.674413177718284));
#5040=DIRECTION('center_axis',(-0.0590035075828441,-0.735992834077104,0.674413177718284));
#5041=DIRECTION('ref_axis',(0.682819280895966,0.463068133797676,0.565089137303004));
#5042=DIRECTION('',(0.0590035075828441,0.735992834077104,-0.674413177718284));
#5043=DIRECTION('center_axis',(0.,-1.,0.));
#5044=DIRECTION('ref_axis',(0.675590207615658,0.,0.737277336810126));
#5045=DIRECTION('center_axis',(-2.78615974054027E-15,-1.,0.));
#5046=DIRECTION('ref_axis',(0.996194698091746,-2.77555756156289E-15,0.0871557427476577));
#5047=DIRECTION('',(0.,-1.,0.));
#5048=DIRECTION('center_axis',(0.,1.,0.));
#5049=DIRECTION('ref_axis',(0.,0.,1.));
#5050=DIRECTION('',(0.,1.,0.));
#5051=DIRECTION('center_axis',(-1.,0.,0.));
#5052=DIRECTION('ref_axis',(0.,-0.67559020761566,0.737277336810124));
#5053=DIRECTION('center_axis',(-1.,2.78615974054027E-15,0.));
#5054=DIRECTION('ref_axis',(-2.77555756156289E-15,-0.996194698091746,0.0871557427476577));
#5055=DIRECTION('',(-1.,0.,0.));
#5056=DIRECTION('center_axis',(1.,0.,0.));
#5057=DIRECTION('ref_axis',(0.,0.,1.));
#5058=DIRECTION('',(1.,0.,0.));
#5059=DIRECTION('center_axis',(-0.3513734479048,-0.839628904299784,-0.414198024104216));
#5060=DIRECTION('ref_axis',(0.543160476345937,-0.543160476345937,0.640276029436766));
#5061=DIRECTION('center_axis',(-0.0868265938642476,0.0868265938642474,0.992432509138967));
#5062=DIRECTION('ref_axis',(0.701755757082144,-0.701755757082144,0.122791346617479));
#5063=DIRECTION('center_axis',(0.,1.,0.));
#5064=DIRECTION('ref_axis',(-0.675590207615658,0.,0.737277336810126));
#5065=DIRECTION('center_axis',(2.78615974054028E-15,1.,0.));
#5066=DIRECTION('ref_axis',(-0.996194698091746,2.7755575615629E-15,0.0871557427476579));
#5067=DIRECTION('',(0.,1.,0.));
#5068=DIRECTION('center_axis',(0.,-1.,0.));
#5069=DIRECTION('ref_axis',(0.,0.,1.));
#5070=DIRECTION('',(0.,-1.,0.));
#5071=DIRECTION('center_axis',(0.3513734479048,-0.839628904299784,-0.414198024104216));
#5072=DIRECTION('ref_axis',(-0.543160476345937,-0.543160476345937,0.640276029436766));
#5073=DIRECTION('center_axis',(0.0868265938642476,0.0868265938642474,0.992432509138967));
#5074=DIRECTION('ref_axis',(-0.701755757082144,-0.701755757082144,0.122791346617479));
#5075=DIRECTION('center_axis',(1.,0.,0.));
#5076=DIRECTION('ref_axis',(0.,0.362438038283703,0.932007869282798));
#5077=DIRECTION('center_axis',(1.,-4.10834486686623E-15,0.));
#5078=DIRECTION('ref_axis',(2.77555756156289E-15,0.675590207615661,0.737277336810123));
#5079=DIRECTION('',(1.,0.,0.));
#5080=DIRECTION('center_axis',(-1.,0.,0.));
#5081=DIRECTION('ref_axis',(0.,0.,1.));
#5082=DIRECTION('',(-1.,0.,0.));
#5083=DIRECTION('center_axis',(-0.148129809619957,-0.951032004854783,0.271285247007364));
#5084=DIRECTION('ref_axis',(-0.455773676404517,0.309092422653632,0.834704876081852));
#5085=DIRECTION('center_axis',(0.0590035075828441,-0.735992834077104,0.674413177718284));
#5086=DIRECTION('ref_axis',(-0.682819280895967,0.463068133797673,0.565089137303005));
#5087=DIRECTION('center_axis',(0.148129809619957,-0.951032004854783,0.271285247007364));
#5088=DIRECTION('ref_axis',(0.455773676404516,0.309092422653634,0.834704876081851));
#5089=DIRECTION('center_axis',(0.0868265938642476,0.0868265938642474,0.992432509138967));
#5090=DIRECTION('ref_axis',(-0.701755757082144,-0.701755757082144,0.122791346617479));
#5091=DIRECTION('',(-0.0868265938642476,-0.0868265938642474,-0.992432509138967));
#5092=DIRECTION('center_axis',(0.0870734166449115,0.043454343300655,0.995253706429718));
#5093=DIRECTION('ref_axis',(0.00378729556947682,-0.999055413902707,0.0432889864048652));
#5094=DIRECTION('',(0.0868265938642476,0.0868265938642474,0.992432509138967));
#5095=DIRECTION('center_axis',(-0.996194698091746,0.,0.0871557427476581));
#5096=DIRECTION('ref_axis',(0.0871557427476581,0.,0.996194698091746));
#5097=DIRECTION('',(0.0590035075828441,-0.735992834077104,0.674413177718284));
#5098=DIRECTION('',(0.0868265938642476,-0.0868265938642476,0.992432509138967));
#5099=DIRECTION('',(0.,-1.,0.));
#5100=DIRECTION('',(-0.0868265938642475,0.0868265938642478,-0.992432509138967));
#5101=DIRECTION('',(-0.0871557427476581,0.,-0.996194698091745));
#5102=DIRECTION('center_axis',(-0.0590035075828441,0.735992834077104,-0.674413177718284));
#5103=DIRECTION('ref_axis',(-0.682819280895965,0.463068133797677,0.565089137303005));
#5104=DIRECTION('',(-0.0590035075828441,0.735992834077104,-0.674413177718284));
#5105=DIRECTION('center_axis',(0.,0.675590207615661,0.737277336810124));
#5106=DIRECTION('ref_axis',(1.,0.,0.));
#5107=DIRECTION('center_axis',(0.,0.,1.));
#5108=DIRECTION('ref_axis',(1.,0.,0.));
#5109=DIRECTION('center_axis',(0.,0.,-1.));
#5110=DIRECTION('ref_axis',(-1.,0.,0.));
#5111=DIRECTION('center_axis',(0.,0.,-1.));
#5112=DIRECTION('ref_axis',(-1.,0.,0.));
#5113=DIRECTION('center_axis',(1.,0.,0.));
#5114=DIRECTION('ref_axis',(0.,1.,0.));
#5115=DIRECTION('',(0.,1.,0.));
#5116=DIRECTION('center_axis',(-1.,0.,0.));
#5117=DIRECTION('ref_axis',(5.3049616987408E-18,-0.0871557427476584,0.996194698091745));
#5118=DIRECTION('',(0.,-0.0871557427476584,0.996194698091745));
#5119=DIRECTION('',(0.,1.,0.));
#5120=DIRECTION('',(0.,0.,1.));
#5121=DIRECTION('center_axis',(0.996194698091746,0.,0.0871557427476581));
#5122=DIRECTION('ref_axis',(0.0871557427476581,0.,-0.996194698091746));
#5123=DIRECTION('',(-0.0868265938642476,0.0868265938642474,0.992432509138967));
#5124=DIRECTION('',(-0.0871557427476581,0.,0.996194698091746));
#5125=DIRECTION('',(-0.0868265938642476,-0.0868265938642478,0.992432509138967));
#5126=DIRECTION('center_axis',(0.0868265938642476,0.0868265938642478,-0.992432509138967));
#5127=DIRECTION('ref_axis',(0.707106781186548,-0.707106781186548,0.));
#5128=DIRECTION('',(0.0868265938642476,0.0868265938642478,-0.992432509138967));
#5129=DIRECTION('center_axis',(-0.043454343300652,-0.087073416644776,0.99525370642973));
#5130=DIRECTION('ref_axis',(-0.999055413902707,0.00378729556635431,-0.0432889864051353));
#5131=DIRECTION('center_axis',(0.0870734166447753,0.0434543433006513,-0.99525370642973));
#5132=DIRECTION('ref_axis',(0.00378729556634339,-0.999055413902707,-0.0432889864051356));
#5133=DIRECTION('center_axis',(0.,1.,0.));
#5134=DIRECTION('ref_axis',(0.0871557427476581,5.34541306324537E-18,-0.996194698091746));
#5135=DIRECTION('center_axis',(0.,-0.0871557427476584,0.996194698091746));
#5136=DIRECTION('ref_axis',(0.707106781186548,-0.704416026402758,-0.06162841671622));
#5137=DIRECTION('',(0.,0.0871557427476584,-0.996194698091745));
#5138=DIRECTION('center_axis',(0.,0.,1.));
#5139=DIRECTION('ref_axis',(2.59218349413507E-16,-1.,0.));
#5140=DIRECTION('center_axis',(0.0871557427476581,0.,-0.996194698091746));
#5141=DIRECTION('ref_axis',(0.704416026402757,-0.70710678118655,0.0616284167162192));
#5142=DIRECTION('',(0.0871557427476581,0.,-0.996194698091745));
#5143=DIRECTION('center_axis',(0.087073416644701,-0.0434543433006622,-0.995253706429736));
#5144=DIRECTION('ref_axis',(-0.00378729556732321,-0.999055413902706,0.0432889864050608));
#5145=DIRECTION('center_axis',(0.,0.996194698091746,-0.087155742747658));
#5146=DIRECTION('ref_axis',(0.0874861202210114,-0.0868215648478106,-0.992375027218063));
#5147=DIRECTION('center_axis',(0.0868265938642476,-0.0868265938642474,-0.992432509138967));
#5148=DIRECTION('ref_axis',(0.701755757082144,-0.701755757082144,0.122791346617479));
#5149=DIRECTION('',(0.0868265938642476,-0.0868265938642474,-0.992432509138967));
#5150=DIRECTION('center_axis',(0.,-0.996194698091746,-0.0871557427476584));
#5151=DIRECTION('ref_axis',(0.,0.0871557427476584,-0.996194698091746));
#5152=DIRECTION('',(-1.,0.,0.));
#5153=DIRECTION('',(0.0868265938642476,-0.0868265938642478,0.992432509138967));
#5154=DIRECTION('',(0.,-0.0871557427476584,0.996194698091746));
#5155=DIRECTION('',(1.,0.,0.));
#5156=DIRECTION('center_axis',(0.,-1.,0.));
#5157=DIRECTION('ref_axis',(1.,0.,0.));
#5158=DIRECTION('',(1.,0.,0.));
#5159=DIRECTION('',(0.0871557427476581,0.,0.996194698091745));
#5160=DIRECTION('center_axis',(0.,1.,0.));
#5161=DIRECTION('ref_axis',(-0.0871557427476582,0.,-0.996194698091746));
#5162=DIRECTION('center_axis',(0.,-0.996194698091746,0.087155742747658));
#5163=DIRECTION('ref_axis',(0.,-0.087155742747658,-0.996194698091746));
#5164=DIRECTION('center_axis',(0.,0.996194698091746,-0.087155742747658));
#5165=DIRECTION('ref_axis',(-0.0874861202210114,-0.0868215648478106,-0.992375027218064));
#5166=DIRECTION('center_axis',(-0.0868265938642476,0.0868265938642476,-0.992432509138967));
#5167=DIRECTION('ref_axis',(-0.701755757082144,0.701755757082144,0.122791346617479));
#5168=DIRECTION('center_axis',(0.,-1.,0.));
#5169=DIRECTION('ref_axis',(0.0871557427476582,0.,0.996194698091745));
#5170=DIRECTION('center_axis',(1.,0.,0.));
#5171=DIRECTION('ref_axis',(0.,-0.0871557427476582,0.996194698091745));
#5172=DIRECTION('center_axis',(-1.,0.,0.));
#5173=DIRECTION('ref_axis',(0.,-1.,0.));
#5174=DIRECTION('',(0.,0.,1.));
#5175=DIRECTION('',(0.,-1.,0.));
#5176=DIRECTION('',(0.,0.0871557427476584,-0.996194698091745));
#5177=DIRECTION('center_axis',(1.,0.,0.));
#5178=DIRECTION('ref_axis',(-5.34541306324534E-18,-0.0871557427476584,0.996194698091745));
#5179=DIRECTION('center_axis',(0.,0.0871557427476584,-0.996194698091746));
#5180=DIRECTION('ref_axis',(-0.707106781186548,-0.704416026402758,-0.0616284167162195));
#5181=DIRECTION('center_axis',(0.,0.,1.));
#5182=DIRECTION('ref_axis',(8.55420553064572E-15,-1.,0.));
#5183=DIRECTION('center_axis',(-0.0434543433006341,0.0870734166447523,-0.995253706429732));
#5184=DIRECTION('ref_axis',(-0.999055413902708,-0.00378729556615077,0.0432889864051352));
#5185=DIRECTION('center_axis',(0.0871557427476581,0.,0.996194698091746));
#5186=DIRECTION('ref_axis',(-0.704416026402758,-0.707106781186548,0.061628416716219));
#5187=DIRECTION('center_axis',(0.0870734166447452,-0.0434543433006313,0.995253706429733));
#5188=DIRECTION('ref_axis',(-0.00378729556630817,-0.999055413902708,-0.0432889864051186));
#5189=DIRECTION('center_axis',(0.0868265938642476,-0.0868265938642478,0.992432509138967));
#5190=DIRECTION('ref_axis',(-0.707106781186546,-0.707106781186549,0.));
#5191=DIRECTION('center_axis',(0.,0.,1.));
#5192=DIRECTION('ref_axis',(1.,0.,0.));
#5193=DIRECTION('',(-1.,0.,0.));
#5194=DIRECTION('',(0.,1.,0.));
#5195=DIRECTION('',(1.,0.,0.));
#5196=DIRECTION('',(0.,-1.,0.));
#5197=DIRECTION('center_axis',(0.,-1.,0.));
#5198=DIRECTION('ref_axis',(1.,0.,0.));
#5199=DIRECTION('',(1.,0.,0.));
#5200=DIRECTION('',(0.,0.,1.));
#5201=DIRECTION('',(0.,0.,1.));
#5202=DIRECTION('center_axis',(-1.,0.,0.));
#5203=DIRECTION('ref_axis',(0.,-1.,0.));
#5204=DIRECTION('',(0.,-1.,0.));
#5205=DIRECTION('',(0.,0.,-1.));
#5206=DIRECTION('center_axis',(1.,0.,0.));
#5207=DIRECTION('ref_axis',(0.,1.,0.));
#5208=DIRECTION('',(0.,1.,0.));
#5209=DIRECTION('',(0.,0.,1.));
#5210=DIRECTION('center_axis',(0.,1.,0.));
#5211=DIRECTION('ref_axis',(-1.,0.,0.));
#5212=DIRECTION('',(1.,0.,0.));
#5213=DIRECTION('',(1.,0.,0.));
#5214=DIRECTION('center_axis',(0.,0.,1.));
#5215=DIRECTION('ref_axis',(1.,0.,0.));
#5216=DIRECTION('center_axis',(0.,0.,-1.));
#5217=DIRECTION('ref_axis',(1.,0.,0.));
#5218=DIRECTION('center_axis',(0.,0.,1.));
#5219=DIRECTION('ref_axis',(1.,0.,0.));
#5220=DIRECTION('axis',(0.,0.,1.));
#5221=DIRECTION('refdir',(1.,0.,0.));
#5222=DIRECTION('center_axis',(-1.,0.,0.));
#5223=DIRECTION('ref_axis',(0.,1.,0.));
#5224=DIRECTION('',(0.,1.,0.));
#5225=DIRECTION('',(0.,0.,-1.));
#5226=DIRECTION('',(0.,-1.,0.));
#5227=DIRECTION('',(0.,0.,1.));
#5228=DIRECTION('center_axis',(0.,1.,0.));
#5229=DIRECTION('ref_axis',(1.,0.,0.));
#5230=DIRECTION('',(1.,0.,0.));
#5231=DIRECTION('',(-1.,0.,0.));
#5232=DIRECTION('',(0.,0.,1.));
#5233=DIRECTION('center_axis',(1.,0.,0.));
#5234=DIRECTION('ref_axis',(0.,-1.,0.));
#5235=DIRECTION('',(0.,-1.,0.));
#5236=DIRECTION('',(0.,1.,0.));
#5237=DIRECTION('',(0.,0.,1.));
#5238=DIRECTION('center_axis',(0.,-1.,0.));
#5239=DIRECTION('ref_axis',(-1.,0.,0.));
#5240=DIRECTION('',(-1.,0.,0.));
#5241=DIRECTION('',(1.,0.,0.));
#5242=DIRECTION('center_axis',(0.707106781186549,0.,0.707106781186547));
#5243=DIRECTION('ref_axis',(0.707106781186547,0.,-0.707106781186549));
#5244=DIRECTION('',(0.707106781186547,0.,-0.707106781186549));
#5245=DIRECTION('',(0.,1.,0.));
#5246=DIRECTION('',(-0.707106781186547,0.,0.707106781186549));
#5247=DIRECTION('',(0.,-1.,0.));
#5248=DIRECTION('center_axis',(0.,0.,-1.));
#5249=DIRECTION('ref_axis',(0.819152044288992,0.573576436351045,0.));
#5250=DIRECTION('',(-0.241844762647974,-0.664463024388672,0.707106781186551));
#5251=DIRECTION('center_axis',(0.,0.,-1.));
#5252=DIRECTION('ref_axis',(0.819152044288992,0.573576436351045,0.));
#5253=DIRECTION('center_axis',(0.,0.,1.));
#5254=DIRECTION('ref_axis',(0.819152044288992,0.573576436351045,0.));
#5255=DIRECTION('center_axis',(0.241844762647976,0.664463024388678,0.707106781186544));
#5256=DIRECTION('ref_axis',(0.946188648339464,0.,-0.323615577118187));
#5257=DIRECTION('',(-0.241844762647978,-0.664463024388671,0.70710678118655));
#5258=DIRECTION('',(0.939692620785909,-0.342020143325669,0.));
#5259=DIRECTION('',(-0.939692620785908,0.342020143325669,0.));
#5260=DIRECTION('center_axis',(0.,0.,-1.));
#5261=DIRECTION('ref_axis',(0.173648177666931,0.984807753012208,0.));
#5262=DIRECTION('',(0.,-0.707106781186543,0.707106781186552));
#5263=DIRECTION('center_axis',(0.,0.,-1.));
#5264=DIRECTION('ref_axis',(0.173648177666931,0.984807753012208,0.));
#5265=DIRECTION('center_axis',(0.,0.,1.));
#5266=DIRECTION('ref_axis',(0.173648177666931,0.984807753012208,0.));
#5267=DIRECTION('center_axis',(0.,0.707106781186549,0.707106781186547));
#5268=DIRECTION('ref_axis',(1.,0.,0.));
#5269=DIRECTION('',(0.,-0.707106781186547,0.707106781186549));
#5270=DIRECTION('',(1.,0.,0.));
#5271=DIRECTION('',(-1.,0.,0.));
#5272=DIRECTION('center_axis',(0.,0.,-1.));
#5273=DIRECTION('ref_axis',(-0.173648177666931,0.984807753012208,0.));
#5274=DIRECTION('',(0.241844762647976,-0.664463024388676,0.707106781186546));
#5275=DIRECTION('center_axis',(0.,0.,-1.));
#5276=DIRECTION('ref_axis',(-0.173648177666931,0.984807753012208,0.));
#5277=DIRECTION('center_axis',(0.,0.,1.));
#5278=DIRECTION('ref_axis',(-0.173648177666931,0.984807753012208,0.));
#5279=DIRECTION('center_axis',(-0.241844762647976,0.664463024388678,0.707106781186544));
#5280=DIRECTION('ref_axis',(0.946188648339464,0.,0.323615577118187));
#5281=DIRECTION('',(0.241844762647973,-0.664463024388676,0.707106781186547));
#5282=DIRECTION('',(0.939692620785908,0.342020143325669,0.));
#5283=DIRECTION('',(-0.939692620785909,-0.342020143325669,0.));
#5284=DIRECTION('center_axis',(0.,0.,-1.));
#5285=DIRECTION('ref_axis',(-0.819152044288991,0.573576436351047,0.));
#5286=DIRECTION('',(0.707106781186543,0.,0.707106781186552));
#5287=DIRECTION('center_axis',(0.,0.,-1.));
#5288=DIRECTION('ref_axis',(-0.819152044288991,0.573576436351047,0.));
#5289=DIRECTION('center_axis',(0.,0.,1.));
#5290=DIRECTION('ref_axis',(-0.819152044288991,0.573576436351047,0.));
#5291=DIRECTION('center_axis',(-0.707106781186549,0.,0.707106781186547));
#5292=DIRECTION('ref_axis',(0.707106781186547,0.,0.707106781186549));
#5293=DIRECTION('',(0.707106781186547,0.,0.707106781186549));
#5294=DIRECTION('',(0.,1.,0.));
#5295=DIRECTION('',(0.,-1.,0.));
#5296=DIRECTION('center_axis',(0.,0.,1.));
#5297=DIRECTION('ref_axis',(-0.819152044288991,0.573576436351047,0.));
#5298=DIRECTION('',(0.,0.,1.));
#5299=DIRECTION('center_axis',(0.,0.,1.));
#5300=DIRECTION('ref_axis',(-0.819152044288991,0.573576436351047,0.));
#5301=DIRECTION('',(0.,0.,1.));
#5302=DIRECTION('center_axis',(-0.342020143325669,0.939692620785908,0.));
#5303=DIRECTION('ref_axis',(0.,0.,1.));
#5304=DIRECTION('',(0.,0.,1.));
#5305=DIRECTION('',(-0.939692620785909,-0.342020143325669,0.));
#5306=DIRECTION('center_axis',(0.,0.,-1.));
#5307=DIRECTION('ref_axis',(-0.173648177666931,0.984807753012208,0.));
#5308=DIRECTION('',(0.,0.,1.));
#5309=DIRECTION('center_axis',(0.,0.,1.));
#5310=DIRECTION('ref_axis',(-0.173648177666931,0.984807753012208,0.));
#5311=DIRECTION('center_axis',(0.,1.,0.));
#5312=DIRECTION('ref_axis',(0.,0.,1.));
#5313=DIRECTION('',(0.,0.,1.));
#5314=DIRECTION('',(-1.,0.,0.));
#5315=DIRECTION('center_axis',(0.,0.,1.));
#5316=DIRECTION('ref_axis',(0.173648177666931,0.984807753012208,0.));
#5317=DIRECTION('',(0.,0.,1.));
#5318=DIRECTION('center_axis',(0.,0.,1.));
#5319=DIRECTION('ref_axis',(0.173648177666931,0.984807753012208,0.));
#5320=DIRECTION('center_axis',(0.342020143325669,0.939692620785908,0.));
#5321=DIRECTION('ref_axis',(0.,0.,1.));
#5322=DIRECTION('',(0.,0.,1.));
#5323=DIRECTION('',(-0.939692620785908,0.342020143325669,0.));
#5324=DIRECTION('center_axis',(0.,0.,-1.));
#5325=DIRECTION('ref_axis',(0.819152044288992,0.573576436351045,0.));
#5326=DIRECTION('',(0.,0.,-1.));
#5327=DIRECTION('center_axis',(0.,0.,1.));
#5328=DIRECTION('ref_axis',(0.819152044288992,0.573576436351045,0.));
#5329=DIRECTION('center_axis',(1.,0.,0.));
#5330=DIRECTION('ref_axis',(0.,1.,0.));
#5331=DIRECTION('',(0.,0.,1.));
#5332=DIRECTION('',(0.,1.,0.));
#5333=DIRECTION('center_axis',(0.,1.,0.));
#5334=DIRECTION('ref_axis',(0.,0.,-1.));
#5335=DIRECTION('',(1.,0.,0.));
#5336=DIRECTION('',(0.,0.,-1.));
#5337=DIRECTION('',(1.,0.,0.));
#5338=DIRECTION('center_axis',(0.,0.,1.));
#5339=DIRECTION('ref_axis',(1.,0.,0.));
#5340=DIRECTION('',(1.,0.,0.));
#5341=DIRECTION('',(0.,-1.,0.));
#5342=DIRECTION('',(1.,0.,0.));
#5343=DIRECTION('',(0.,1.,0.));
#5344=DIRECTION('center_axis',(0.,1.,0.));
#5345=DIRECTION('ref_axis',(0.,0.,-1.));
#5346=DIRECTION('',(0.,0.,-1.));
#5347=DIRECTION('',(1.,0.,0.));
#5348=DIRECTION('',(0.,0.,1.));
#5349=DIRECTION('center_axis',(0.,-1.,0.));
#5350=DIRECTION('ref_axis',(0.,0.,-1.));
#5351=DIRECTION('',(1.,0.,0.));
#5352=DIRECTION('',(0.,0.,1.));
#5353=DIRECTION('',(0.,0.,1.));
#5354=DIRECTION('center_axis',(-1.,0.,0.));
#5355=DIRECTION('ref_axis',(0.,0.,1.));
#5356=DIRECTION('',(0.,-1.,0.));
#5357=DIRECTION('center_axis',(1.,0.,0.));
#5358=DIRECTION('ref_axis',(0.,0.,-1.));
#5359=DIRECTION('',(0.,1.,0.));
#5360=DIRECTION('center_axis',(0.,0.,1.));
#5361=DIRECTION('ref_axis',(1.,0.,0.));
#5362=DIRECTION('',(0.,-1.,0.));
#5363=DIRECTION('center_axis',(-1.,0.,0.));
#5364=DIRECTION('ref_axis',(0.,-1.,0.));
#5365=DIRECTION('center_axis',(0.,1.,0.));
#5366=DIRECTION('ref_axis',(0.,0.,1.));
#5367=DIRECTION('',(1.,0.,0.));
#5368=DIRECTION('',(0.,0.,-1.));
#5369=DIRECTION('',(-1.,0.,0.));
#5370=DIRECTION('',(0.,0.,1.));
#5371=DIRECTION('center_axis',(1.,0.,0.));
#5372=DIRECTION('ref_axis',(0.,0.0692691190814656,-0.99759800979236));
#5373=DIRECTION('',(0.,-0.99759800979236,-0.0692691190814651));
#5374=DIRECTION('center_axis',(-1.,0.,0.));
#5375=DIRECTION('ref_axis',(0.,0.731187089286646,-0.682176986170394));
#5376=DIRECTION('',(0.,-2.51160869751659E-12,-1.));
#5377=DIRECTION('',(0.,0.99759800979236,0.0692691190814656));
#5378=DIRECTION('',(0.,2.51160869751659E-12,1.));
#5379=DIRECTION('center_axis',(1.,0.,0.));
#5380=DIRECTION('ref_axis',(0.,0.521008725469943,-0.853551350525665));
#5381=DIRECTION('',(0.,0.997564050259824,0.0697564737441253));
#5382=DIRECTION('',(0.,0.0692691190814656,-0.99759800979236));
#5383=DIRECTION('center_axis',(0.,-0.0692691190814656,0.99759800979236));
#5384=DIRECTION('ref_axis',(1.,0.,0.));
#5385=DIRECTION('',(1.,0.,0.));
#5386=DIRECTION('',(0.,-0.99759800979236,-0.0692691190814656));
#5387=DIRECTION('',(-1.,0.,0.));
#5388=DIRECTION('center_axis',(0.,-0.0692691190814656,0.99759800979236));
#5389=DIRECTION('ref_axis',(1.,0.,0.));
#5390=DIRECTION('',(-1.,0.,0.));
#5391=DIRECTION('',(0.,0.99759800979236,0.0692691190814656));
#5392=DIRECTION('',(1.,0.,0.));
#5393=DIRECTION('',(0.,0.99759800979236,0.0692691190814656));
#5394=DIRECTION('center_axis',(-1.,0.,0.));
#5395=DIRECTION('ref_axis',(0.,-0.0692691190814656,0.99759800979236));
#5396=DIRECTION('',(0.,-2.51160869751659E-12,-1.));
#5397=DIRECTION('',(0.,2.51160869751659E-12,1.));
#5398=DIRECTION('center_axis',(1.,0.,0.));
#5399=DIRECTION('ref_axis',(0.,0.731187089286646,-0.682176986170394));
#5400=DIRECTION('',(0.,0.99759800979236,0.0692691190814651));
#5401=DIRECTION('',(0.,-0.0692691190814656,0.99759800979236));
#5402=DIRECTION('',(0.,-0.997564050259824,-0.0697564737441253));
#5403=DIRECTION('center_axis',(-1.,0.,0.));
#5404=DIRECTION('ref_axis',(0.,0.521008725469943,-0.853551350525665));
#5405=DIRECTION('center_axis',(1.,0.,0.));
#5406=DIRECTION('ref_axis',(0.,0.521008725469943,-0.853551350525665));
#5407=DIRECTION('',(1.,0.,0.));
#5408=DIRECTION('',(1.,0.,0.));
#5409=DIRECTION('center_axis',(0.,1.,-2.51160869751659E-12));
#5410=DIRECTION('ref_axis',(0.,2.51159093522801E-12,1.));
#5411=DIRECTION('',(0.,-2.51160869751659E-12,-1.));
#5412=DIRECTION('',(-1.,0.,0.));
#5413=DIRECTION('',(0.,2.51160869751659E-12,1.));
#5414=DIRECTION('center_axis',(0.,0.0697564737441253,-0.997564050259824));
#5415=DIRECTION('ref_axis',(0.,0.997564050259824,0.0697564737441253));
#5416=DIRECTION('',(1.,0.,0.));
#5417=DIRECTION('center_axis',(0.,-0.99759800979236,-0.0692691190814656));
#5418=DIRECTION('ref_axis',(0.,0.0692691190814656,-0.99759800979236));
#5419=DIRECTION('',(1.,0.,0.));
#5420=DIRECTION('center_axis',(0.,0.,1.));
#5421=DIRECTION('ref_axis',(0.,-1.,0.));
#5422=DIRECTION('',(0.,1.,0.));
#5423=DIRECTION('',(-1.,0.,0.));
#5424=DIRECTION('',(0.,-1.,0.));
#5425=DIRECTION('center_axis',(-1.,0.,0.));
#5426=DIRECTION('ref_axis',(0.,0.,1.));
#5427=DIRECTION('',(0.,2.51160869751659E-12,1.));
#5428=DIRECTION('center_axis',(1.,0.,0.));
#5429=DIRECTION('ref_axis',(0.,-0.707106781185662,0.707106781187433));
#5430=DIRECTION('',(0.,1.,0.));
#5431=DIRECTION('',(0.,0.,-1.));
#5432=DIRECTION('',(0.,-1.,0.));
#5433=DIRECTION('',(0.,0.,-1.));
#5434=DIRECTION('',(0.,-1.,0.));
#5435=DIRECTION('center_axis',(-1.,0.,0.));
#5436=DIRECTION('ref_axis',(0.,-0.707106781185659,0.707106781187436));
#5437=DIRECTION('center_axis',(-1.,0.,0.));
#5438=DIRECTION('ref_axis',(0.,0.731187089286646,-0.682176986170394));
#5439=DIRECTION('',(1.,0.,0.));
#5440=DIRECTION('',(-1.,0.,0.));
#5441=DIRECTION('center_axis',(0.,-1.,2.51160869751659E-12));
#5442=DIRECTION('ref_axis',(0.,-2.51159093522801E-12,-1.));
#5443=DIRECTION('',(0.,0.,-1.));
#5444=DIRECTION('',(1.,0.,0.));
#5445=DIRECTION('center_axis',(-1.,0.,0.));
#5446=DIRECTION('ref_axis',(0.,-0.707106781185659,0.707106781187436));
#5447=DIRECTION('center_axis',(1.,0.,0.));
#5448=DIRECTION('ref_axis',(0.,-0.707106781185659,0.707106781187436));
#5449=DIRECTION('',(1.,0.,0.));
#5450=DIRECTION('center_axis',(1.,0.,0.));
#5451=DIRECTION('ref_axis',(0.,0.,-1.));
#5452=DIRECTION('',(0.,1.,0.));
#5453=DIRECTION('',(0.,0.,1.));
#5454=DIRECTION('',(0.,1.,0.));
#5455=DIRECTION('',(0.,0.,1.));
#5456=DIRECTION('',(0.,-1.,0.));
#5457=DIRECTION('center_axis',(-1.,0.,0.));
#5458=DIRECTION('ref_axis',(0.,-0.707106781185662,0.707106781187433));
#5459=DIRECTION('center_axis',(-1.,0.,0.));
#5460=DIRECTION('ref_axis',(0.,-0.707106781185662,0.707106781187433));
#5461=DIRECTION('',(-1.,0.,0.));
#5462=DIRECTION('center_axis',(0.,0.,-1.));
#5463=DIRECTION('ref_axis',(0.,1.,0.));
#5464=DIRECTION('',(1.,0.,0.));
#5465=DIRECTION('center_axis',(0.,1.,0.));
#5466=DIRECTION('ref_axis',(0.,0.,1.));
#5467=DIRECTION('',(1.,0.,0.));
#5468=DIRECTION('center_axis',(0.,0.,1.));
#5469=DIRECTION('ref_axis',(0.,-1.,0.));
#5470=DIRECTION('',(1.,0.,0.));
#5471=DIRECTION('center_axis',(0.,0.,-1.));
#5472=DIRECTION('ref_axis',(0.,1.,0.));
#5473=DIRECTION('center_axis',(0.,1.,0.));
#5474=DIRECTION('ref_axis',(0.,0.,1.));
#5475=DIRECTION('center_axis',(0.,-0.0692691190814651,0.99759800979236));
#5476=DIRECTION('ref_axis',(0.,-0.99759800979236,-0.0692691190814651));
#5477=DIRECTION('center_axis',(0.,1.,0.));
#5478=DIRECTION('ref_axis',(0.,0.,1.));
#5479=DIRECTION('',(-1.,0.,0.));
#5480=DIRECTION('',(0.,0.,-1.));
#5481=DIRECTION('',(1.,0.,0.));
#5482=DIRECTION('',(0.,0.,1.));
#5483=DIRECTION('center_axis',(0.,0.,-1.));
#5484=DIRECTION('ref_axis',(0.,1.,0.));
#5485=DIRECTION('',(1.,0.,0.));
#5486=DIRECTION('',(0.,-1.,0.));
#5487=DIRECTION('',(1.,0.,0.));
#5488=DIRECTION('',(0.,1.,0.));
#5489=DIRECTION('center_axis',(0.,0.,1.));
#5490=DIRECTION('ref_axis',(0.,-1.,0.));
#5491=DIRECTION('',(-1.,0.,0.));
#5492=DIRECTION('',(0.,-1.,0.));
#5493=DIRECTION('',(0.,1.,0.));
#5494=DIRECTION('center_axis',(0.,1.,0.));
#5495=DIRECTION('ref_axis',(0.,0.,1.));
#5496=DIRECTION('',(1.,0.,0.));
#5497=DIRECTION('',(0.,0.,1.));
#5498=DIRECTION('',(0.,0.,-1.));
#5499=DIRECTION('center_axis',(0.,0.,-1.));
#5500=DIRECTION('ref_axis',(0.,1.,0.));
#5501=DIRECTION('',(-1.,0.,0.));
#5502=DIRECTION('',(0.,1.,0.));
#5503=DIRECTION('',(0.,-1.,0.));
#5504=DIRECTION('center_axis',(-1.,0.,0.));
#5505=DIRECTION('ref_axis',(0.,-0.707106781185662,0.707106781187433));
#5506=DIRECTION('center_axis',(1.,0.,0.));
#5507=DIRECTION('ref_axis',(0.,-0.707106781185662,0.707106781187433));
#5508=DIRECTION('',(1.,0.,0.));
#5509=DIRECTION('center_axis',(-1.,0.,0.));
#5510=DIRECTION('ref_axis',(0.,-0.707106781185662,0.707106781187433));
#5511=DIRECTION('center_axis',(1.,0.,0.));
#5512=DIRECTION('ref_axis',(0.,0.,-1.));
#5513=DIRECTION('',(0.,0.99759800979236,0.0692691190814656));
#5514=DIRECTION('',(0.,2.51160869751659E-12,1.));
#5515=DIRECTION('center_axis',(1.,0.,0.));
#5516=DIRECTION('ref_axis',(0.,-0.707106781185659,0.707106781187436));
#5517=DIRECTION('',(0.,0.,-1.));
#5518=DIRECTION('',(0.,-1.,0.));
#5519=DIRECTION('',(0.,0.,-1.));
#5520=DIRECTION('center_axis',(0.,1.,-2.51160869751659E-12));
#5521=DIRECTION('ref_axis',(0.,2.51159093522801E-12,1.));
#5522=DIRECTION('',(0.,-2.51160869751659E-12,-1.));
#5523=DIRECTION('',(1.,0.,0.));
#5524=DIRECTION('',(0.,2.51160869751659E-12,1.));
#5525=DIRECTION('',(-1.,0.,0.));
#5526=DIRECTION('',(0.,-2.51160869751659E-12,-1.));
#5527=DIRECTION('',(-1.,0.,0.));
#5528=DIRECTION('',(-1.,0.,0.));
#5529=DIRECTION('center_axis',(-1.,0.,0.));
#5530=DIRECTION('ref_axis',(0.,-0.707106781185659,0.707106781187436));
#5531=DIRECTION('center_axis',(-1.,0.,0.));
#5532=DIRECTION('ref_axis',(0.,-0.707106781185659,0.707106781187436));
#5533=DIRECTION('center_axis',(0.,-1.,2.51160869751659E-12));
#5534=DIRECTION('ref_axis',(0.,-2.51159093522801E-12,-1.));
#5535=DIRECTION('',(1.,0.,0.));
#5536=DIRECTION('',(0.,2.51160869751659E-12,1.));
#5537=DIRECTION('',(1.,0.,0.));
#5538=DIRECTION('',(0.,-2.51160869751659E-12,-1.));
#5539=DIRECTION('',(-1.,0.,0.));
#5540=DIRECTION('',(0.,2.51160869751659E-12,1.));
#5541=DIRECTION('center_axis',(-1.,0.,0.));
#5542=DIRECTION('ref_axis',(0.,0.731187089286646,-0.682176986170394));
#5543=DIRECTION('center_axis',(1.,0.,0.));
#5544=DIRECTION('ref_axis',(0.,0.731187089286646,-0.682176986170394));
#5545=DIRECTION('center_axis',(-1.,0.,0.));
#5546=DIRECTION('ref_axis',(0.,0.731187089286646,-0.682176986170394));
#5547=DIRECTION('',(1.,0.,0.));
#5548=DIRECTION('center_axis',(0.,0.,1.));
#5549=DIRECTION('ref_axis',(0.,-1.,0.));
#5550=DIRECTION('',(1.,0.,0.));
#5551=DIRECTION('',(0.,1.,0.));
#5552=DIRECTION('center_axis',(0.,-0.99759800979236,-0.0692691190814656));
#5553=DIRECTION('ref_axis',(0.,0.0692691190814656,-0.99759800979236));
#5554=DIRECTION('',(0.,-0.0692691190814656,0.99759800979236));
#5555=DIRECTION('',(1.,0.,0.));
#5556=DIRECTION('',(0.,0.0692691190814656,-0.99759800979236));
#5557=DIRECTION('',(1.,0.,0.));
#5558=DIRECTION('center_axis',(0.,-0.0692691190814651,0.99759800979236));
#5559=DIRECTION('ref_axis',(0.,-0.99759800979236,-0.0692691190814651));
#5560=DIRECTION('',(0.,0.99759800979236,0.0692691190814651));
#5561=DIRECTION('',(0.,-0.99759800979236,-0.0692691190814651));
#5562=DIRECTION('center_axis',(0.,0.0697564737441253,-0.997564050259824));
#5563=DIRECTION('ref_axis',(0.,0.997564050259824,0.0697564737441253));
#5564=DIRECTION('',(0.,-0.997564050259824,-0.0697564737441253));
#5565=DIRECTION('',(0.,0.997564050259824,0.0697564737441253));
#5566=DIRECTION('',(1.,0.,0.));
#5567=DIRECTION('center_axis',(1.,0.,0.));
#5568=DIRECTION('ref_axis',(0.,0.521008725469943,-0.853551350525665));
#5569=DIRECTION('center_axis',(-1.,0.,0.));
#5570=DIRECTION('ref_axis',(0.,0.521008725469943,-0.853551350525665));
#5571=DIRECTION('center_axis',(1.,0.,0.));
#5572=DIRECTION('ref_axis',(0.,0.521008725469943,-0.853551350525665));
#5573=DIRECTION('center_axis',(-1.,0.,0.));
#5574=DIRECTION('ref_axis',(0.,0.,1.));
#5575=DIRECTION('',(0.,-0.99759800979236,-0.0692691190814656));
#5576=DIRECTION('',(0.,0.,1.));
#5577=DIRECTION('center_axis',(1.,0.,0.));
#5578=DIRECTION('ref_axis',(0.,0.0692691190814656,-0.99759800979236));
#5579=DIRECTION('',(0.,0.99759800979236,0.0692691190814656));
#5580=DIRECTION('center_axis',(0.,-0.0692691190814656,0.99759800979236));
#5581=DIRECTION('ref_axis',(1.,0.,0.));
#5582=DIRECTION('center_axis',(-1.,0.,0.));
#5583=DIRECTION('ref_axis',(0.,-0.0692691190814656,0.99759800979236));
#5584=DIRECTION('',(0.,0.99759800979236,0.0692691190814656));
#5585=DIRECTION('center_axis',(0.,-0.0692691190814656,0.99759800979236));
#5586=DIRECTION('ref_axis',(1.,0.,0.));
#5587=DIRECTION('center_axis',(0.,1.,0.));
#5588=DIRECTION('ref_axis',(0.,0.,1.));
#5589=DIRECTION('center_axis',(0.,1.,0.));
#5590=DIRECTION('ref_axis',(0.,0.,1.));
#5591=DIRECTION('',(1.,0.,0.));
#5592=DIRECTION('',(0.,0.,-1.));
#5593=DIRECTION('',(-1.,0.,0.));
#5594=DIRECTION('',(0.,0.,1.));
#5595=DIRECTION('center_axis',(0.,-0.0692691190814656,0.99759800979236));
#5596=DIRECTION('ref_axis',(1.,0.,0.));
#5597=DIRECTION('',(-1.,0.,0.));
#5598=DIRECTION('',(0.,0.99759800979236,0.0692691190814656));
#5599=DIRECTION('',(1.,0.,0.));
#5600=DIRECTION('',(0.,0.99759800979236,0.0692691190814656));
#5601=DIRECTION('center_axis',(-1.,0.,0.));
#5602=DIRECTION('ref_axis',(0.,-0.0692691190814656,0.99759800979236));
#5603=DIRECTION('',(0.,-2.51160869751659E-12,-1.));
#5604=DIRECTION('',(0.,2.51160869751659E-12,1.));
#5605=DIRECTION('center_axis',(1.,0.,0.));
#5606=DIRECTION('ref_axis',(0.,0.731187089286646,-0.682176986170394));
#5607=DIRECTION('',(0.,0.99759800979236,0.0692691190814651));
#5608=DIRECTION('',(0.,-0.0692691190814656,0.99759800979236));
#5609=DIRECTION('',(0.,-0.997564050259824,-0.0697564737441253));
#5610=DIRECTION('center_axis',(-1.,0.,0.));
#5611=DIRECTION('ref_axis',(0.,0.521008725469943,-0.853551350525665));
#5612=DIRECTION('center_axis',(1.,0.,0.));
#5613=DIRECTION('ref_axis',(0.,0.0692691190814656,-0.99759800979236));
#5614=DIRECTION('',(0.,-0.99759800979236,-0.0692691190814651));
#5615=DIRECTION('center_axis',(-1.,0.,0.));
#5616=DIRECTION('ref_axis',(0.,0.731187089286646,-0.682176986170394));
#5617=DIRECTION('',(0.,-2.51160869751659E-12,-1.));
#5618=DIRECTION('',(0.,0.99759800979236,0.0692691190814656));
#5619=DIRECTION('',(0.,2.51160869751659E-12,1.));
#5620=DIRECTION('center_axis',(1.,0.,0.));
#5621=DIRECTION('ref_axis',(0.,0.521008725469943,-0.853551350525665));
#5622=DIRECTION('',(0.,0.997564050259824,0.0697564737441253));
#5623=DIRECTION('',(0.,0.0692691190814656,-0.99759800979236));
#5624=DIRECTION('center_axis',(0.,-0.0692691190814656,0.99759800979236));
#5625=DIRECTION('ref_axis',(1.,0.,0.));
#5626=DIRECTION('',(1.,0.,0.));
#5627=DIRECTION('',(0.,-0.99759800979236,-0.0692691190814656));
#5628=DIRECTION('',(-1.,0.,0.));
#5629=DIRECTION('center_axis',(0.,-0.99759800979236,-0.0692691190814656));
#5630=DIRECTION('ref_axis',(0.,0.0692691190814656,-0.99759800979236));
#5631=DIRECTION('',(1.,0.,0.));
#5632=DIRECTION('',(1.,0.,0.));
#5633=DIRECTION('center_axis',(0.,-0.0692691190814651,0.99759800979236));
#5634=DIRECTION('ref_axis',(0.,-0.99759800979236,-0.0692691190814651));
#5635=DIRECTION('',(1.,0.,0.));
#5636=DIRECTION('center_axis',(0.,0.0697564737441253,-0.997564050259824));
#5637=DIRECTION('ref_axis',(0.,0.997564050259824,0.0697564737441253));
#5638=DIRECTION('',(1.,0.,0.));
#5639=DIRECTION('center_axis',(1.,0.,0.));
#5640=DIRECTION('ref_axis',(0.,0.521008725469943,-0.853551350525665));
#5641=DIRECTION('',(1.,0.,0.));
#5642=DIRECTION('center_axis',(0.,0.,1.));
#5643=DIRECTION('ref_axis',(0.,-1.,0.));
#5644=DIRECTION('',(0.,1.,0.));
#5645=DIRECTION('',(-1.,0.,0.));
#5646=DIRECTION('',(0.,-1.,0.));
#5647=DIRECTION('center_axis',(-1.,0.,0.));
#5648=DIRECTION('ref_axis',(0.,0.,1.));
#5649=DIRECTION('',(0.,2.51160869751659E-12,1.));
#5650=DIRECTION('center_axis',(1.,0.,0.));
#5651=DIRECTION('ref_axis',(0.,-0.707106781185662,0.707106781187433));
#5652=DIRECTION('',(0.,1.,0.));
#5653=DIRECTION('',(0.,0.,-1.));
#5654=DIRECTION('',(0.,-1.,0.));
#5655=DIRECTION('',(0.,0.,-1.));
#5656=DIRECTION('',(0.,-1.,0.));
#5657=DIRECTION('center_axis',(-1.,0.,0.));
#5658=DIRECTION('ref_axis',(0.,-0.707106781185659,0.707106781187436));
#5659=DIRECTION('',(0.,-2.51160869751659E-12,-1.));
#5660=DIRECTION('center_axis',(-1.,0.,0.));
#5661=DIRECTION('ref_axis',(0.,0.731187089286646,-0.682176986170394));
#5662=DIRECTION('',(-1.,0.,0.));
#5663=DIRECTION('center_axis',(0.,-1.,2.51160869751659E-12));
#5664=DIRECTION('ref_axis',(0.,-2.51159093522801E-12,-1.));
#5665=DIRECTION('',(0.,0.,-1.));
#5666=DIRECTION('',(1.,0.,0.));
#5667=DIRECTION('center_axis',(-1.,0.,0.));
#5668=DIRECTION('ref_axis',(0.,-0.707106781185659,0.707106781187436));
#5669=DIRECTION('center_axis',(1.,0.,0.));
#5670=DIRECTION('ref_axis',(0.,-0.707106781185659,0.707106781187436));
#5671=DIRECTION('',(-1.,0.,0.));
#5672=DIRECTION('',(1.,0.,0.));
#5673=DIRECTION('center_axis',(0.,1.,-2.51160869751659E-12));
#5674=DIRECTION('ref_axis',(0.,2.51159093522801E-12,1.));
#5675=DIRECTION('',(0.,2.51160869751659E-12,1.));
#5676=DIRECTION('center_axis',(1.,0.,0.));
#5677=DIRECTION('ref_axis',(0.,0.,-1.));
#5678=DIRECTION('',(0.,1.,0.));
#5679=DIRECTION('',(0.,0.,1.));
#5680=DIRECTION('',(0.,1.,0.));
#5681=DIRECTION('',(0.,0.,1.));
#5682=DIRECTION('',(0.,-1.,0.));
#5683=DIRECTION('center_axis',(-1.,0.,0.));
#5684=DIRECTION('ref_axis',(0.,-0.707106781185662,0.707106781187433));
#5685=DIRECTION('center_axis',(-1.,0.,0.));
#5686=DIRECTION('ref_axis',(0.,-0.707106781185662,0.707106781187433));
#5687=DIRECTION('',(-1.,0.,0.));
#5688=DIRECTION('center_axis',(0.,0.,-1.));
#5689=DIRECTION('ref_axis',(0.,1.,0.));
#5690=DIRECTION('',(1.,0.,0.));
#5691=DIRECTION('center_axis',(0.,1.,0.));
#5692=DIRECTION('ref_axis',(0.,0.,1.));
#5693=DIRECTION('',(1.,0.,0.));
#5694=DIRECTION('center_axis',(0.,0.,1.));
#5695=DIRECTION('ref_axis',(0.,-1.,0.));
#5696=DIRECTION('',(1.,0.,0.));
#5697=DIRECTION('center_axis',(0.,0.,-1.));
#5698=DIRECTION('ref_axis',(0.,1.,0.));
#5699=DIRECTION('center_axis',(0.,1.,0.));
#5700=DIRECTION('ref_axis',(0.,0.,1.));
#5701=DIRECTION('center_axis',(0.,-0.99759800979236,-0.0692691190814656));
#5702=DIRECTION('ref_axis',(0.,0.0692691190814656,-0.99759800979236));
#5703=DIRECTION('',(0.,-0.0692691190814656,0.99759800979236));
#5704=DIRECTION('',(1.,0.,0.));
#5705=DIRECTION('',(0.,0.0692691190814656,-0.99759800979236));
#5706=DIRECTION('',(1.,0.,0.));
#5707=DIRECTION('center_axis',(0.,-0.0692691190814651,0.99759800979236));
#5708=DIRECTION('ref_axis',(0.,-0.99759800979236,-0.0692691190814651));
#5709=DIRECTION('',(0.,0.99759800979236,0.0692691190814651));
#5710=DIRECTION('',(1.,0.,0.));
#5711=DIRECTION('',(0.,-0.99759800979236,-0.0692691190814651));
#5712=DIRECTION('center_axis',(0.,1.,0.));
#5713=DIRECTION('ref_axis',(0.,0.,1.));
#5714=DIRECTION('',(-1.,0.,0.));
#5715=DIRECTION('',(0.,0.,-1.));
#5716=DIRECTION('',(1.,0.,0.));
#5717=DIRECTION('',(0.,0.,1.));
#5718=DIRECTION('center_axis',(0.,0.,-1.));
#5719=DIRECTION('ref_axis',(0.,1.,0.));
#5720=DIRECTION('',(1.,0.,0.));
#5721=DIRECTION('',(0.,-1.,0.));
#5722=DIRECTION('',(1.,0.,0.));
#5723=DIRECTION('',(0.,1.,0.));
#5724=DIRECTION('center_axis',(0.,0.,1.));
#5725=DIRECTION('ref_axis',(0.,-1.,0.));
#5726=DIRECTION('',(-1.,0.,0.));
#5727=DIRECTION('',(0.,-1.,0.));
#5728=DIRECTION('',(0.,1.,0.));
#5729=DIRECTION('center_axis',(0.,1.,0.));
#5730=DIRECTION('ref_axis',(0.,0.,1.));
#5731=DIRECTION('',(1.,0.,0.));
#5732=DIRECTION('',(0.,0.,1.));
#5733=DIRECTION('',(0.,0.,-1.));
#5734=DIRECTION('center_axis',(0.,0.,-1.));
#5735=DIRECTION('ref_axis',(0.,1.,0.));
#5736=DIRECTION('',(-1.,0.,0.));
#5737=DIRECTION('',(0.,1.,0.));
#5738=DIRECTION('',(0.,-1.,0.));
#5739=DIRECTION('center_axis',(-1.,0.,0.));
#5740=DIRECTION('ref_axis',(0.,-0.707106781185662,0.707106781187433));
#5741=DIRECTION('center_axis',(1.,0.,0.));
#5742=DIRECTION('ref_axis',(0.,-0.707106781185662,0.707106781187433));
#5743=DIRECTION('',(1.,0.,0.));
#5744=DIRECTION('center_axis',(-1.,0.,0.));
#5745=DIRECTION('ref_axis',(0.,-0.707106781185662,0.707106781187433));
#5746=DIRECTION('center_axis',(-1.,0.,0.));
#5747=DIRECTION('ref_axis',(0.,-0.707106781185659,0.707106781187436));
#5748=DIRECTION('center_axis',(1.,0.,0.));
#5749=DIRECTION('ref_axis',(0.,-0.707106781185659,0.707106781187436));
#5750=DIRECTION('',(-1.,0.,0.));
#5751=DIRECTION('center_axis',(-1.,0.,0.));
#5752=DIRECTION('ref_axis',(0.,-0.707106781185659,0.707106781187436));
#5753=DIRECTION('center_axis',(0.,-1.,2.51160869751659E-12));
#5754=DIRECTION('ref_axis',(0.,-2.51159093522801E-12,-1.));
#5755=DIRECTION('',(1.,0.,0.));
#5756=DIRECTION('',(0.,0.,-1.));
#5757=DIRECTION('',(0.,2.51160869751659E-12,1.));
#5758=DIRECTION('',(1.,0.,0.));
#5759=DIRECTION('',(0.,-2.51160869751659E-12,-1.));
#5760=DIRECTION('',(-1.,0.,0.));
#5761=DIRECTION('',(0.,2.51160869751659E-12,1.));
#5762=DIRECTION('center_axis',(-1.,0.,0.));
#5763=DIRECTION('ref_axis',(0.,0.731187089286646,-0.682176986170394));
#5764=DIRECTION('center_axis',(1.,0.,0.));
#5765=DIRECTION('ref_axis',(0.,0.731187089286646,-0.682176986170394));
#5766=DIRECTION('center_axis',(-1.,0.,0.));
#5767=DIRECTION('ref_axis',(0.,0.731187089286646,-0.682176986170394));
#5768=DIRECTION('center_axis',(-1.,0.,0.));
#5769=DIRECTION('ref_axis',(0.,0.,1.));
#5770=DIRECTION('',(0.,-0.99759800979236,-0.0692691190814656));
#5771=DIRECTION('',(0.,1.,0.));
#5772=DIRECTION('',(0.,0.,1.));
#5773=DIRECTION('',(0.,-2.51160869751659E-12,-1.));
#5774=DIRECTION('center_axis',(0.,0.,1.));
#5775=DIRECTION('ref_axis',(0.,-1.,0.));
#5776=DIRECTION('',(1.,0.,0.));
#5777=DIRECTION('',(0.,-1.,0.));
#5778=DIRECTION('center_axis',(0.,1.,-2.51160869751659E-12));
#5779=DIRECTION('ref_axis',(0.,2.51159093522801E-12,1.));
#5780=DIRECTION('',(-1.,0.,0.));
#5781=DIRECTION('',(0.,-2.51160869751659E-12,-1.));
#5782=DIRECTION('',(1.,0.,0.));
#5783=DIRECTION('',(0.,2.51160869751659E-12,1.));
#5784=DIRECTION('',(-1.,0.,0.));
#5785=DIRECTION('',(0.,2.51160869751659E-12,1.));
#5786=DIRECTION('center_axis',(1.,0.,0.));
#5787=DIRECTION('ref_axis',(0.,0.521008725469943,-0.853551350525665));
#5788=DIRECTION('center_axis',(-1.,0.,0.));
#5789=DIRECTION('ref_axis',(0.,0.521008725469943,-0.853551350525665));
#5790=DIRECTION('',(1.,0.,0.));
#5791=DIRECTION('center_axis',(1.,0.,0.));
#5792=DIRECTION('ref_axis',(0.,0.521008725469943,-0.853551350525665));
#5793=DIRECTION('center_axis',(0.,0.0697564737441253,-0.997564050259824));
#5794=DIRECTION('ref_axis',(0.,0.997564050259824,0.0697564737441253));
#5795=DIRECTION('',(0.,-0.997564050259824,-0.0697564737441253));
#5796=DIRECTION('',(0.,0.997564050259824,0.0697564737441253));
#5797=DIRECTION('center_axis',(1.,0.,0.));
#5798=DIRECTION('ref_axis',(0.,0.,-1.));
#5799=DIRECTION('',(0.,0.99759800979236,0.0692691190814656));
#5800=DIRECTION('',(0.,0.,-1.));
#5801=DIRECTION('center_axis',(0.,-0.0692691190814656,0.99759800979236));
#5802=DIRECTION('ref_axis',(1.,0.,0.));
#5803=DIRECTION('',(0.,0.99759800979236,0.0692691190814656));
#5804=DIRECTION('center_axis',(1.,0.,0.));
#5805=DIRECTION('ref_axis',(0.,0.0692691190814656,-0.99759800979236));
#5806=DIRECTION('center_axis',(-1.,0.,0.));
#5807=DIRECTION('ref_axis',(0.,-0.0692691190814656,0.99759800979236));
#5808=DIRECTION('',(0.,0.99759800979236,0.0692691190814656));
#5809=DIRECTION('center_axis',(0.,-0.0692691190814656,0.99759800979236));
#5810=DIRECTION('ref_axis',(1.,0.,0.));
#5811=DIRECTION('center_axis',(0.,1.,0.));
#5812=DIRECTION('ref_axis',(0.,0.,1.));
#5813=DIRECTION('center_axis',(0.,1.,0.));
#5814=DIRECTION('ref_axis',(0.,0.,1.));
#5815=DIRECTION('',(0.,0.,-1.));
#5816=DIRECTION('',(-1.,0.,0.));
#5817=DIRECTION('',(0.,0.,1.));
#5818=DIRECTION('',(1.,0.,0.));
#5819=DIRECTION('center_axis',(1.,0.,0.));
#5820=DIRECTION('ref_axis',(0.,0.0692691190814656,-0.99759800979236));
#5821=DIRECTION('',(0.,-0.99759800979236,-0.0692691190814651));
#5822=DIRECTION('center_axis',(-1.,0.,0.));
#5823=DIRECTION('ref_axis',(0.,0.731187089286646,-0.682176986170394));
#5824=DIRECTION('',(0.,-2.51160869751659E-12,-1.));
#5825=DIRECTION('',(0.,0.99759800979236,0.0692691190814656));
#5826=DIRECTION('',(0.,2.51160869751659E-12,1.));
#5827=DIRECTION('center_axis',(1.,0.,0.));
#5828=DIRECTION('ref_axis',(0.,0.521008725469943,-0.853551350525665));
#5829=DIRECTION('',(0.,0.997564050259824,0.0697564737441253));
#5830=DIRECTION('',(0.,0.0692691190814656,-0.99759800979236));
#5831=DIRECTION('center_axis',(0.,-0.0692691190814656,0.99759800979236));
#5832=DIRECTION('ref_axis',(1.,0.,0.));
#5833=DIRECTION('',(1.,0.,0.));
#5834=DIRECTION('',(0.,-0.99759800979236,-0.0692691190814656));
#5835=DIRECTION('',(-1.,0.,0.));
#5836=DIRECTION('center_axis',(0.,-0.0692691190814656,0.99759800979236));
#5837=DIRECTION('ref_axis',(1.,0.,0.));
#5838=DIRECTION('',(1.,0.,0.));
#5839=DIRECTION('',(0.,0.99759800979236,0.0692691190814656));
#5840=DIRECTION('',(-1.,0.,0.));
#5841=DIRECTION('',(0.,0.99759800979236,0.0692691190814656));
#5842=DIRECTION('center_axis',(-1.,0.,0.));
#5843=DIRECTION('ref_axis',(0.,-0.0692691190814656,0.99759800979236));
#5844=DIRECTION('',(0.,2.51160869751659E-12,1.));
#5845=DIRECTION('center_axis',(1.,0.,0.));
#5846=DIRECTION('ref_axis',(0.,0.731187089286646,-0.682176986170394));
#5847=DIRECTION('',(0.,0.99759800979236,0.0692691190814651));
#5848=DIRECTION('',(0.,-0.0692691190814656,0.99759800979236));
#5849=DIRECTION('',(0.,-0.997564050259824,-0.0697564737441253));
#5850=DIRECTION('center_axis',(-1.,0.,0.));
#5851=DIRECTION('ref_axis',(0.,0.521008725469943,-0.853551350525665));
#5852=DIRECTION('',(0.,-2.51160869751659E-12,-1.));
#5853=DIRECTION('center_axis',(1.,0.,0.));
#5854=DIRECTION('ref_axis',(0.,0.,-1.));
#5855=DIRECTION('',(0.,2.51160869751659E-12,1.));
#5856=DIRECTION('center_axis',(1.,0.,0.));
#5857=DIRECTION('ref_axis',(0.,-0.707106781185659,0.707106781187436));
#5858=DIRECTION('',(0.,1.,0.));
#5859=DIRECTION('',(0.,0.,1.));
#5860=DIRECTION('',(0.,1.,0.));
#5861=DIRECTION('',(0.,-1.,0.));
#5862=DIRECTION('',(0.,0.,1.));
#5863=DIRECTION('',(0.,-1.,0.));
#5864=DIRECTION('center_axis',(-1.,0.,0.));
#5865=DIRECTION('ref_axis',(0.,-0.707106781185662,0.707106781187433));
#5866=DIRECTION('',(0.,0.,-1.));
#5867=DIRECTION('center_axis',(0.,1.,-2.51160869751659E-12));
#5868=DIRECTION('ref_axis',(0.,2.51159093522801E-12,1.));
#5869=DIRECTION('',(0.,-2.51160869751659E-12,-1.));
#5870=DIRECTION('',(-1.,0.,0.));
#5871=DIRECTION('',(1.,0.,0.));
#5872=DIRECTION('center_axis',(1.,0.,0.));
#5873=DIRECTION('ref_axis',(0.,0.521008725469943,-0.853551350525665));
#5874=DIRECTION('',(1.,0.,0.));
#5875=DIRECTION('center_axis',(0.,0.0697564737441253,-0.997564050259824));
#5876=DIRECTION('ref_axis',(0.,0.997564050259824,0.0697564737441253));
#5877=DIRECTION('',(1.,0.,0.));
#5878=DIRECTION('center_axis',(0.,-0.99759800979236,-0.0692691190814656));
#5879=DIRECTION('ref_axis',(0.,0.0692691190814656,-0.99759800979236));
#5880=DIRECTION('',(1.,0.,0.));
#5881=DIRECTION('center_axis',(0.,0.,1.));
#5882=DIRECTION('ref_axis',(0.,-1.,0.));
#5883=DIRECTION('',(0.,1.,0.));
#5884=DIRECTION('',(-1.,0.,0.));
#5885=DIRECTION('center_axis',(-1.,0.,0.));
#5886=DIRECTION('ref_axis',(0.,0.,1.));
#5887=DIRECTION('',(0.,2.51160869751659E-12,1.));
#5888=DIRECTION('center_axis',(1.,0.,0.));
#5889=DIRECTION('ref_axis',(0.,-0.707106781185662,0.707106781187433));
#5890=DIRECTION('',(0.,1.,0.));
#5891=DIRECTION('',(0.,0.,-1.));
#5892=DIRECTION('',(0.,-1.,0.));
#5893=DIRECTION('',(0.,0.,-1.));
#5894=DIRECTION('',(0.,-1.,0.));
#5895=DIRECTION('center_axis',(-1.,0.,0.));
#5896=DIRECTION('ref_axis',(0.,-0.707106781185659,0.707106781187436));
#5897=DIRECTION('center_axis',(-1.,0.,0.));
#5898=DIRECTION('ref_axis',(0.,0.731187089286646,-0.682176986170394));
#5899=DIRECTION('',(1.,0.,0.));
#5900=DIRECTION('',(-1.,0.,0.));
#5901=DIRECTION('center_axis',(0.,-1.,2.51160869751659E-12));
#5902=DIRECTION('ref_axis',(0.,-2.51159093522801E-12,-1.));
#5903=DIRECTION('',(1.,0.,0.));
#5904=DIRECTION('center_axis',(-1.,0.,0.));
#5905=DIRECTION('ref_axis',(0.,-0.707106781185659,0.707106781187436));
#5906=DIRECTION('',(1.,0.,0.));
#5907=DIRECTION('center_axis',(-1.,0.,0.));
#5908=DIRECTION('ref_axis',(0.,-0.707106781185662,0.707106781187433));
#5909=DIRECTION('',(-1.,0.,0.));
#5910=DIRECTION('center_axis',(0.,0.,-1.));
#5911=DIRECTION('ref_axis',(0.,1.,0.));
#5912=DIRECTION('',(1.,0.,0.));
#5913=DIRECTION('center_axis',(0.,1.,0.));
#5914=DIRECTION('ref_axis',(0.,0.,1.));
#5915=DIRECTION('',(1.,0.,0.));
#5916=DIRECTION('center_axis',(0.,0.,1.));
#5917=DIRECTION('ref_axis',(0.,-1.,0.));
#5918=DIRECTION('',(1.,0.,0.));
#5919=DIRECTION('center_axis',(0.,0.,-1.));
#5920=DIRECTION('ref_axis',(0.,1.,0.));
#5921=DIRECTION('center_axis',(0.,1.,0.));
#5922=DIRECTION('ref_axis',(0.,0.,1.));
#5923=DIRECTION('center_axis',(0.,-0.0692691190814651,0.99759800979236));
#5924=DIRECTION('ref_axis',(0.,-0.99759800979236,-0.0692691190814651));
#5925=DIRECTION('center_axis',(0.,1.,0.));
#5926=DIRECTION('ref_axis',(0.,0.,1.));
#5927=DIRECTION('',(-1.,0.,0.));
#5928=DIRECTION('',(0.,0.,-1.));
#5929=DIRECTION('',(1.,0.,0.));
#5930=DIRECTION('',(0.,0.,1.));
#5931=DIRECTION('center_axis',(0.,0.,-1.));
#5932=DIRECTION('ref_axis',(0.,1.,0.));
#5933=DIRECTION('',(1.,0.,0.));
#5934=DIRECTION('',(0.,-1.,0.));
#5935=DIRECTION('',(1.,0.,0.));
#5936=DIRECTION('',(0.,1.,0.));
#5937=DIRECTION('center_axis',(0.,0.,1.));
#5938=DIRECTION('ref_axis',(0.,-1.,0.));
#5939=DIRECTION('',(-1.,0.,0.));
#5940=DIRECTION('',(0.,-1.,0.));
#5941=DIRECTION('',(0.,1.,0.));
#5942=DIRECTION('center_axis',(0.,1.,0.));
#5943=DIRECTION('ref_axis',(0.,0.,1.));
#5944=DIRECTION('',(1.,0.,0.));
#5945=DIRECTION('',(0.,0.,1.));
#5946=DIRECTION('',(0.,0.,-1.));
#5947=DIRECTION('center_axis',(0.,0.,-1.));
#5948=DIRECTION('ref_axis',(0.,1.,0.));
#5949=DIRECTION('',(-1.,0.,0.));
#5950=DIRECTION('',(0.,1.,0.));
#5951=DIRECTION('',(0.,-1.,0.));
#5952=DIRECTION('center_axis',(-1.,0.,0.));
#5953=DIRECTION('ref_axis',(0.,-0.707106781185662,0.707106781187433));
#5954=DIRECTION('center_axis',(1.,0.,0.));
#5955=DIRECTION('ref_axis',(0.,-0.707106781185662,0.707106781187433));
#5956=DIRECTION('',(1.,0.,0.));
#5957=DIRECTION('center_axis',(-1.,0.,0.));
#5958=DIRECTION('ref_axis',(0.,-0.707106781185662,0.707106781187433));
#5959=DIRECTION('center_axis',(1.,0.,0.));
#5960=DIRECTION('ref_axis',(0.,0.,-1.));
#5961=DIRECTION('',(0.,0.99759800979236,0.0692691190814656));
#5962=DIRECTION('',(0.,2.51160869751659E-12,1.));
#5963=DIRECTION('center_axis',(1.,0.,0.));
#5964=DIRECTION('ref_axis',(0.,-0.707106781185659,0.707106781187436));
#5965=DIRECTION('',(0.,0.,-1.));
#5966=DIRECTION('',(0.,-1.,0.));
#5967=DIRECTION('',(0.,0.,-1.));
#5968=DIRECTION('center_axis',(0.,1.,-2.51160869751659E-12));
#5969=DIRECTION('ref_axis',(0.,2.51159093522801E-12,1.));
#5970=DIRECTION('',(0.,-2.51160869751659E-12,-1.));
#5971=DIRECTION('',(1.,0.,0.));
#5972=DIRECTION('',(0.,2.51160869751659E-12,1.));
#5973=DIRECTION('',(-1.,0.,0.));
#5974=DIRECTION('',(0.,-2.51160869751659E-12,-1.));
#5975=DIRECTION('',(-1.,0.,0.));
#5976=DIRECTION('',(-1.,0.,0.));
#5977=DIRECTION('center_axis',(-1.,0.,0.));
#5978=DIRECTION('ref_axis',(0.,-0.707106781185659,0.707106781187436));
#5979=DIRECTION('center_axis',(-1.,0.,0.));
#5980=DIRECTION('ref_axis',(0.,-0.707106781185659,0.707106781187436));
#5981=DIRECTION('center_axis',(0.,-1.,2.51160869751659E-12));
#5982=DIRECTION('ref_axis',(0.,-2.51159093522801E-12,-1.));
#5983=DIRECTION('',(1.,0.,0.));
#5984=DIRECTION('',(0.,2.51160869751659E-12,1.));
#5985=DIRECTION('',(1.,0.,0.));
#5986=DIRECTION('',(0.,-2.51160869751659E-12,-1.));
#5987=DIRECTION('',(-1.,0.,0.));
#5988=DIRECTION('',(0.,2.51160869751659E-12,1.));
#5989=DIRECTION('center_axis',(-1.,0.,0.));
#5990=DIRECTION('ref_axis',(0.,0.731187089286646,-0.682176986170394));
#5991=DIRECTION('center_axis',(1.,0.,0.));
#5992=DIRECTION('ref_axis',(0.,0.731187089286646,-0.682176986170394));
#5993=DIRECTION('center_axis',(-1.,0.,0.));
#5994=DIRECTION('ref_axis',(0.,0.731187089286646,-0.682176986170394));
#5995=DIRECTION('',(1.,0.,0.));
#5996=DIRECTION('center_axis',(0.,0.,1.));
#5997=DIRECTION('ref_axis',(0.,-1.,0.));
#5998=DIRECTION('',(1.,0.,0.));
#5999=DIRECTION('',(0.,1.,0.));
#6000=DIRECTION('center_axis',(0.,-0.99759800979236,-0.0692691190814656));
#6001=DIRECTION('ref_axis',(0.,0.0692691190814656,-0.99759800979236));
#6002=DIRECTION('',(0.,-0.0692691190814656,0.99759800979236));
#6003=DIRECTION('',(1.,0.,0.));
#6004=DIRECTION('',(0.,0.0692691190814656,-0.99759800979236));
#6005=DIRECTION('',(1.,0.,0.));
#6006=DIRECTION('center_axis',(0.,-0.0692691190814651,0.99759800979236));
#6007=DIRECTION('ref_axis',(0.,-0.99759800979236,-0.0692691190814651));
#6008=DIRECTION('',(0.,0.99759800979236,0.0692691190814651));
#6009=DIRECTION('',(0.,-0.99759800979236,-0.0692691190814651));
#6010=DIRECTION('center_axis',(0.,0.0697564737441253,-0.997564050259824));
#6011=DIRECTION('ref_axis',(0.,0.997564050259824,0.0697564737441253));
#6012=DIRECTION('',(0.,-0.997564050259824,-0.0697564737441253));
#6013=DIRECTION('',(0.,0.997564050259824,0.0697564737441253));
#6014=DIRECTION('',(1.,0.,0.));
#6015=DIRECTION('center_axis',(1.,0.,0.));
#6016=DIRECTION('ref_axis',(0.,0.521008725469943,-0.853551350525665));
#6017=DIRECTION('center_axis',(-1.,0.,0.));
#6018=DIRECTION('ref_axis',(0.,0.521008725469943,-0.853551350525665));
#6019=DIRECTION('center_axis',(1.,0.,0.));
#6020=DIRECTION('ref_axis',(0.,0.521008725469943,-0.853551350525665));
#6021=DIRECTION('center_axis',(-1.,0.,0.));
#6022=DIRECTION('ref_axis',(0.,0.,1.));
#6023=DIRECTION('',(0.,-0.99759800979236,-0.0692691190814656));
#6024=DIRECTION('',(0.,0.,1.));
#6025=DIRECTION('center_axis',(1.,0.,0.));
#6026=DIRECTION('ref_axis',(0.,0.0692691190814656,-0.99759800979236));
#6027=DIRECTION('',(0.,0.99759800979236,0.0692691190814656));
#6028=DIRECTION('center_axis',(0.,-0.0692691190814656,0.99759800979236));
#6029=DIRECTION('ref_axis',(1.,0.,0.));
#6030=DIRECTION('center_axis',(-1.,0.,0.));
#6031=DIRECTION('ref_axis',(0.,-0.0692691190814656,0.99759800979236));
#6032=DIRECTION('',(0.,0.99759800979236,0.0692691190814656));
#6033=DIRECTION('center_axis',(0.,-0.0692691190814656,0.99759800979236));
#6034=DIRECTION('ref_axis',(1.,0.,0.));
#6035=DIRECTION('center_axis',(0.,1.,0.));
#6036=DIRECTION('ref_axis',(0.,0.,1.));
#6037=DIRECTION('center_axis',(0.,1.,0.));
#6038=DIRECTION('ref_axis',(0.,0.,1.));
#6039=DIRECTION('',(0.,0.,-1.));
#6040=DIRECTION('',(-1.,0.,0.));
#6041=DIRECTION('',(0.,0.,1.));
#6042=DIRECTION('',(1.,0.,0.));
#6043=DIRECTION('center_axis',(0.,-0.0692691190814656,0.99759800979236));
#6044=DIRECTION('ref_axis',(1.,0.,0.));
#6045=DIRECTION('',(-1.,0.,0.));
#6046=DIRECTION('',(0.,0.99759800979236,0.0692691190814656));
#6047=DIRECTION('',(1.,0.,0.));
#6048=DIRECTION('',(0.,-0.99759800979236,-0.0692691190814656));
#6049=DIRECTION('center_axis',(1.,0.,0.));
#6050=DIRECTION('ref_axis',(0.,0.0692691190814656,-0.99759800979236));
#6051=DIRECTION('',(0.,2.51160869751659E-12,1.));
#6052=DIRECTION('center_axis',(1.,0.,0.));
#6053=DIRECTION('ref_axis',(0.,0.521008725469943,-0.853551350525665));
#6054=DIRECTION('',(0.,0.997564050259824,0.0697564737441253));
#6055=DIRECTION('',(0.,0.0692691190814656,-0.99759800979236));
#6056=DIRECTION('',(0.,-0.99759800979236,-0.0692691190814651));
#6057=DIRECTION('center_axis',(-1.,0.,0.));
#6058=DIRECTION('ref_axis',(0.,0.731187089286646,-0.682176986170394));
#6059=DIRECTION('',(0.,-2.51160869751659E-12,-1.));
#6060=DIRECTION('center_axis',(0.,-0.0692691190814656,0.99759800979236));
#6061=DIRECTION('ref_axis',(1.,0.,0.));
#6062=DIRECTION('',(1.,0.,0.));
#6063=DIRECTION('',(0.,0.99759800979236,0.0692691190814656));
#6064=DIRECTION('',(-1.,0.,0.));
#6065=DIRECTION('',(0.,0.99759800979236,0.0692691190814656));
#6066=DIRECTION('center_axis',(-1.,0.,0.));
#6067=DIRECTION('ref_axis',(0.,-0.0692691190814656,0.99759800979236));
#6068=DIRECTION('',(0.,2.51160869751659E-12,1.));
#6069=DIRECTION('center_axis',(1.,0.,0.));
#6070=DIRECTION('ref_axis',(0.,0.731187089286646,-0.682176986170394));
#6071=DIRECTION('',(0.,0.99759800979236,0.0692691190814651));
#6072=DIRECTION('',(0.,-0.0692691190814656,0.99759800979236));
#6073=DIRECTION('',(0.,-0.997564050259824,-0.0697564737441253));
#6074=DIRECTION('center_axis',(-1.,0.,0.));
#6075=DIRECTION('ref_axis',(0.,0.521008725469943,-0.853551350525665));
#6076=DIRECTION('',(0.,-2.51160869751659E-12,-1.));
#6077=DIRECTION('center_axis',(-1.,0.,0.));
#6078=DIRECTION('ref_axis',(0.,0.,1.));
#6079=DIRECTION('',(0.,2.51160869751659E-12,1.));
#6080=DIRECTION('center_axis',(1.,0.,0.));
#6081=DIRECTION('ref_axis',(0.,-0.707106781185662,0.707106781187433));
#6082=DIRECTION('',(0.,1.,0.));
#6083=DIRECTION('',(0.,0.,-1.));
#6084=DIRECTION('',(0.,1.,0.));
#6085=DIRECTION('',(0.,-1.,0.));
#6086=DIRECTION('',(0.,0.,-1.));
#6087=DIRECTION('',(0.,-1.,0.));
#6088=DIRECTION('center_axis',(-1.,0.,0.));
#6089=DIRECTION('ref_axis',(0.,-0.707106781185659,0.707106781187436));
#6090=DIRECTION('',(0.,-2.51160869751659E-12,-1.));
#6091=DIRECTION('center_axis',(1.,0.,0.));
#6092=DIRECTION('ref_axis',(0.,0.,-1.));
#6093=DIRECTION('',(0.,2.51160869751659E-12,1.));
#6094=DIRECTION('center_axis',(1.,0.,0.));
#6095=DIRECTION('ref_axis',(0.,-0.707106781185659,0.707106781187436));
#6096=DIRECTION('',(0.,1.,0.));
#6097=DIRECTION('',(0.,0.,1.));
#6098=DIRECTION('',(0.,1.,0.));
#6099=DIRECTION('',(0.,-1.,0.));
#6100=DIRECTION('',(0.,0.,1.));
#6101=DIRECTION('',(0.,-1.,0.));
#6102=DIRECTION('center_axis',(-1.,0.,0.));
#6103=DIRECTION('ref_axis',(0.,-0.707106781185662,0.707106781187433));
#6104=DIRECTION('',(0.,0.,-1.));
#6105=DIRECTION('center_axis',(0.,-1.,2.51160869751659E-12));
#6106=DIRECTION('ref_axis',(0.,-2.51159093522801E-12,-1.));
#6107=DIRECTION('',(-1.,0.,0.));
#6108=DIRECTION('',(1.,0.,0.));
#6109=DIRECTION('center_axis',(-1.,0.,0.));
#6110=DIRECTION('ref_axis',(0.,0.731187089286646,-0.682176986170394));
#6111=DIRECTION('',(1.,0.,0.));
#6112=DIRECTION('center_axis',(0.,-0.0692691190814651,0.99759800979236));
#6113=DIRECTION('ref_axis',(0.,-0.99759800979236,-0.0692691190814651));
#6114=DIRECTION('',(1.,0.,0.));
#6115=DIRECTION('center_axis',(-1.,0.,0.));
#6116=DIRECTION('ref_axis',(0.,-0.707106781185659,0.707106781187436));
#6117=DIRECTION('',(-1.,0.,0.));
#6118=DIRECTION('',(1.,0.,0.));
#6119=DIRECTION('center_axis',(0.,1.,-2.51160869751659E-12));
#6120=DIRECTION('ref_axis',(0.,2.51159093522801E-12,1.));
#6121=DIRECTION('',(1.,0.,0.));
#6122=DIRECTION('center_axis',(1.,0.,0.));
#6123=DIRECTION('ref_axis',(0.,0.521008725469943,-0.853551350525665));
#6124=DIRECTION('',(1.,0.,0.));
#6125=DIRECTION('center_axis',(-1.,0.,0.));
#6126=DIRECTION('ref_axis',(0.,-0.707106781185662,0.707106781187433));
#6127=DIRECTION('',(-1.,0.,0.));
#6128=DIRECTION('center_axis',(0.,0.,-1.));
#6129=DIRECTION('ref_axis',(0.,1.,0.));
#6130=DIRECTION('',(1.,0.,0.));
#6131=DIRECTION('center_axis',(0.,0.,1.));
#6132=DIRECTION('ref_axis',(0.,-1.,0.));
#6133=DIRECTION('',(-1.,0.,0.));
#6134=DIRECTION('center_axis',(0.,1.,0.));
#6135=DIRECTION('ref_axis',(0.,0.,1.));
#6136=DIRECTION('',(1.,0.,0.));
#6137=DIRECTION('center_axis',(0.,0.,1.));
#6138=DIRECTION('ref_axis',(0.,-1.,0.));
#6139=DIRECTION('',(1.,0.,0.));
#6140=DIRECTION('center_axis',(0.,0.,-1.));
#6141=DIRECTION('ref_axis',(0.,1.,0.));
#6142=DIRECTION('center_axis',(0.,1.,0.));
#6143=DIRECTION('ref_axis',(0.,0.,1.));
#6144=DIRECTION('center_axis',(0.,0.0697564737441253,-0.997564050259824));
#6145=DIRECTION('ref_axis',(0.,0.997564050259824,0.0697564737441253));
#6146=DIRECTION('',(1.,0.,0.));
#6147=DIRECTION('center_axis',(0.,-0.99759800979236,-0.0692691190814656));
#6148=DIRECTION('ref_axis',(0.,0.0692691190814656,-0.99759800979236));
#6149=DIRECTION('axis',(0.,0.,1.));
#6150=DIRECTION('refdir',(1.,0.,0.));
#6151=DIRECTION('',(0.,0.,1.));
#6152=DIRECTION('',(0.,0.,1.));
#6153=DIRECTION('',(0.,0.,1.));
#6154=DIRECTION('',(0.,0.,1.));
#6155=DIRECTION('center_axis',(-0.0509954020892963,-0.998698888036705,0.));
#6156=DIRECTION('ref_axis',(0.998698888036705,-0.0509954020892963,0.));
#6157=DIRECTION('',(0.998698888036705,-0.0509954020892963,0.));
#6158=DIRECTION('',(0.998698888036705,-0.0509954020892963,0.));
#6159=DIRECTION('',(0.,0.,1.));
#6160=DIRECTION('',(0.,0.,1.));
#6161=DIRECTION('center_axis',(0.00977063180177975,0.999952266237841,0.));
#6162=DIRECTION('ref_axis',(-0.999952266237841,0.00977063180177975,0.));
#6163=DIRECTION('',(-0.999952266237841,0.00977063180177975,0.));
#6164=DIRECTION('',(-0.999952266237841,0.00977063180177975,0.));
#6165=DIRECTION('center_axis',(0.,0.,1.));
#6166=DIRECTION('ref_axis',(1.,0.,0.));
#6167=DIRECTION('center_axis',(0.,0.,1.));
#6168=DIRECTION('ref_axis',(1.,0.,0.));
#6169=DIRECTION('center_axis',(0.559849564043155,0.828594270822994,0.));
#6170=DIRECTION('ref_axis',(-0.828594270822994,0.559849564043155,0.));
#6171=DIRECTION('',(0.828594270822994,-0.559849564043155,0.));
#6172=DIRECTION('',(0.,0.,1.));
#6173=DIRECTION('',(-0.828594270822994,0.559849564043155,0.));
#6174=DIRECTION('',(0.,0.,1.));
#6175=DIRECTION('',(0.,0.,1.));
#6176=DIRECTION('center_axis',(0.577292855283143,0.816537175662588,0.));
#6177=DIRECTION('ref_axis',(-0.816537175662588,0.577292855283143,0.));
#6178=DIRECTION('',(0.816537175662588,-0.577292855283143,0.));
#6179=DIRECTION('',(-0.816537175662588,0.577292855283143,0.));
#6180=DIRECTION('',(0.,0.,1.));
#6181=DIRECTION('center_axis',(-0.370143674901935,-0.928974520603278,0.));
#6182=DIRECTION('ref_axis',(0.928974520603278,-0.370143674901935,0.));
#6183=DIRECTION('',(-0.928974520603278,0.370143674901935,0.));
#6184=DIRECTION('',(0.928974520603278,-0.370143674901935,0.));
#6185=DIRECTION('',(0.,0.,1.));
#6186=DIRECTION('',(0.,0.,1.));
#6187=DIRECTION('center_axis',(0.,0.,1.));
#6188=DIRECTION('ref_axis',(1.,0.,0.));
#6189=DIRECTION('center_axis',(0.,0.,1.));
#6190=DIRECTION('ref_axis',(1.,0.,0.));
#6191=DIRECTION('center_axis',(0.,0.,1.));
#6192=DIRECTION('ref_axis',(-1.,0.,0.));
#6193=DIRECTION('center_axis',(0.,0.,1.));
#6194=DIRECTION('ref_axis',(-1.,0.,0.));
#6195=DIRECTION('center_axis',(0.,0.,-1.));
#6196=DIRECTION('ref_axis',(-1.,0.,0.));
#6197=DIRECTION('center_axis',(0.,0.,1.));
#6198=DIRECTION('ref_axis',(1.,0.,0.));
#6199=DIRECTION('center_axis',(0.,0.,1.));
#6200=DIRECTION('ref_axis',(1.,0.,0.));
#6201=DIRECTION('',(0.,0.,1.));
#6202=DIRECTION('',(0.,0.,1.));
#6203=DIRECTION('center_axis',(0.381547201178372,0.924349356722311,0.));
#6204=DIRECTION('ref_axis',(-0.924349356722312,0.381547201178372,0.));
#6205=DIRECTION('',(-0.924349356722311,0.381547201178372,0.));
#6206=DIRECTION('',(-0.924349356722311,0.381547201178372,0.));
#6207=DIRECTION('',(0.,0.,1.));
#6208=DIRECTION('center_axis',(-0.24463664718135,-0.96961482602932,0.));
#6209=DIRECTION('ref_axis',(0.96961482602932,-0.24463664718135,0.));
#6210=DIRECTION('',(0.96961482602932,-0.24463664718135,0.));
#6211=DIRECTION('',(0.96961482602932,-0.24463664718135,0.));
#6212=DIRECTION('',(0.,0.,1.));
#6213=DIRECTION('center_axis',(0.89959073978735,0.436733901693981,0.));
#6214=DIRECTION('ref_axis',(-0.436733901693981,0.89959073978735,0.));
#6215=DIRECTION('',(-0.436733901693981,0.89959073978735,0.));
#6216=DIRECTION('',(-0.436733901693981,0.89959073978735,0.));
#6217=DIRECTION('',(0.,0.,1.));
#6218=DIRECTION('center_axis',(3.05637249675071E-16,-1.,0.));
#6219=DIRECTION('ref_axis',(1.,3.05637249675071E-16,0.));
#6220=DIRECTION('',(1.,3.05637249675071E-16,0.));
#6221=DIRECTION('',(1.,3.05637249675071E-16,0.));
#6222=DIRECTION('',(0.,0.,1.));
#6223=DIRECTION('',(0.,0.,1.));
#6224=DIRECTION('center_axis',(-0.08036600244846,0.996765421576438,0.));
#6225=DIRECTION('ref_axis',(-0.996765421576438,-0.08036600244846,0.));
#6226=DIRECTION('',(-0.996765421576438,-0.08036600244846,0.));
#6227=DIRECTION('',(-0.996765421576438,-0.08036600244846,0.));
#6228=DIRECTION('',(0.,0.,1.));
#6229=DIRECTION('center_axis',(0.,0.,1.));
#6230=DIRECTION('ref_axis',(1.,0.,0.));
#6231=DIRECTION('center_axis',(0.,0.,1.));
#6232=DIRECTION('ref_axis',(1.,0.,0.));
#6233=DIRECTION('axis',(0.,0.,1.));
#6234=DIRECTION('refdir',(1.,0.,0.));
#6235=DIRECTION('',(0.,0.,1.));
#6236=DIRECTION('',(1.,0.,0.));
#6237=DIRECTION('',(0.,0.,1.));
#6238=DIRECTION('',(1.,0.,0.));
#6239=DIRECTION('',(0.,0.,1.));
#6240=DIRECTION('',(1.,-5.55111512312578E-17,0.));
#6241=CARTESIAN_POINT('',(0.,0.,0.));
#6242=CARTESIAN_POINT('Origin',(4.69729514638933,4.14479514638933,3.72889436718421));
#6243=CARTESIAN_POINT('',(4.69729514638933,4.34403408600768,3.74632551573374));
#6244=CARTESIAN_POINT('',(4.69729514638933,4.27991318791246,3.87634983454623));
#6245=CARTESIAN_POINT('Origin',(4.69729514638933,4.14479514638933,3.72889436718421));
#6246=CARTESIAN_POINT('',(4.89653408600768,4.14479514638933,3.74632551573374));
#6247=CARTESIAN_POINT('Origin',(4.69729514638933,4.14479514638933,3.72889436718421));
#6248=CARTESIAN_POINT('Origin',(4.69729514638933,4.14479514638933,3.72889436718421));
#6249=CARTESIAN_POINT('Origin',(1.90875,4.14479514638933,3.7288943671842));
#6250=CARTESIAN_POINT('',(-4.69729514638933,4.34403408600768,3.74632551573373));
#6251=CARTESIAN_POINT('',(1.90875,4.34403408600768,3.74632551573373));
#6252=CARTESIAN_POINT('',(-4.69729514638933,4.27991318791246,3.87634983454623));
#6253=CARTESIAN_POINT('Origin',(-4.69729514638933,4.14479514638933,3.7288943671842));
#6254=CARTESIAN_POINT('',(1.90875,4.27991318791246,3.87634983454623));
#6255=CARTESIAN_POINT('Origin',(-4.69729514638933,4.14479514638933,3.7288943671842));
#6256=CARTESIAN_POINT('',(-4.89653408600768,4.14479514638933,3.74632551573374));
#6257=CARTESIAN_POINT('Origin',(-4.69729514638933,4.14479514638933,3.7288943671842));
#6258=CARTESIAN_POINT('Origin',(-4.69729514638933,4.14479514638933,3.7288943671842));
#6259=CARTESIAN_POINT('Origin',(2.545,4.39379987015867,3.1775));
#6260=CARTESIAN_POINT('',(4.89076106038165,4.5375,1.535));
#6261=CARTESIAN_POINT('',(4.71439742914204,4.36113636876038,3.55084552937372));
#6262=CARTESIAN_POINT('',(-4.89076106038165,4.5375,1.535));
#6263=CARTESIAN_POINT('',(2.545,4.5375,1.535));
#6264=CARTESIAN_POINT('',(-4.71231481978471,4.35905375940306,3.57464986325412));
#6265=CARTESIAN_POINT('Origin',(4.71439742914204,4.16189742914203,3.53341438082419));
#6266=CARTESIAN_POINT('',(5.09,4.33826106038165,1.535));
#6267=CARTESIAN_POINT('',(4.91363636876038,4.16189742914203,3.55084552937372));
#6268=CARTESIAN_POINT('',(5.09,4.5375,0.869036621632076));
#6269=CARTESIAN_POINT('Origin',(5.09,4.5375,-0.759742649133972));
#6270=CARTESIAN_POINT('Origin',(5.09,4.5375,-0.759742649133985));
#6271=CARTESIAN_POINT('Origin',(4.54405740217781,2.23335146668147,5.48040979827909));
#6272=CARTESIAN_POINT('',(4.61933350551386,3.30744203546987,4.76745546736202));
#6273=CARTESIAN_POINT('',(4.54405740217781,2.3684695082046,5.62786526564112));
#6274=CARTESIAN_POINT('',(4.8185724451322,3.17232399394674,4.63743114854953));
#6275=CARTESIAN_POINT('Origin',(4.61933350551386,3.17232399394674,4.62));
#6276=CARTESIAN_POINT('',(4.74329634179616,2.23335146668147,5.49784094682862));
#6277=CARTESIAN_POINT('Origin',(4.61933350551386,-1.134375,4.62));
#6278=CARTESIAN_POINT('',(4.61933350551386,3.17232399394674,4.82));
#6279=CARTESIAN_POINT('Origin',(4.61933350551386,3.17232399394674,4.62));
#6280=CARTESIAN_POINT('',(4.61933350551386,-4.22431309986052,4.82));
#6281=CARTESIAN_POINT('',(4.61933350551386,-1.134375,4.82));
#6282=CARTESIAN_POINT('',(4.8185724451322,-4.22431309986052,4.63743114854953));
#6283=CARTESIAN_POINT('Origin',(4.61933350551386,-4.22431309986052,4.62));
#6284=CARTESIAN_POINT('',(4.8185724451322,-1.134375,4.63743114854953));
#6285=CARTESIAN_POINT('Origin',(-1.2725,-4.22431309986052,4.62));
#6286=CARTESIAN_POINT('',(4.61933350551386,-4.42355203947887,4.63743114854953));
#6287=CARTESIAN_POINT('Origin',(4.61933350551386,-4.22431309986052,4.62));
#6288=CARTESIAN_POINT('',(-4.61933350551385,-4.22431309986052,4.82));
#6289=CARTESIAN_POINT('',(-1.2725,-4.22431309986052,4.82));
#6290=CARTESIAN_POINT('',(-4.61933350551385,-4.42355203947887,4.63743114854953));
#6291=CARTESIAN_POINT('Origin',(-4.61933350551385,-4.22431309986052,4.62));
#6292=CARTESIAN_POINT('',(-1.2725,-4.42355203947887,4.63743114854953));
#6293=CARTESIAN_POINT('Origin',(4.61933350551386,-4.22431309986052,4.62));
#6294=CARTESIAN_POINT('Origin',(4.61933350551386,-4.22431309986052,4.62));
#6295=CARTESIAN_POINT('Origin',(-4.61933350551386,1.134375,4.62));
#6296=CARTESIAN_POINT('',(-4.8185724451322,-4.22431309986052,4.63743114854953));
#6297=CARTESIAN_POINT('Origin',(-4.61933350551386,-4.22431309986052,4.62));
#6298=CARTESIAN_POINT('',(-4.61933350551386,3.17232399394674,4.82));
#6299=CARTESIAN_POINT('',(-4.61933350551386,1.134375,4.82));
#6300=CARTESIAN_POINT('',(-4.8185724451322,3.17232399394674,4.63743114854953));
#6301=CARTESIAN_POINT('Origin',(-4.61933350551386,3.17232399394674,4.62));
#6302=CARTESIAN_POINT('',(-4.8185724451322,1.134375,4.63743114854953));
#6303=CARTESIAN_POINT('Origin',(-4.61933350551385,-4.22431309986052,4.62));
#6304=CARTESIAN_POINT('Origin',(-4.61933350551385,-4.22431309986052,4.62));
#6305=CARTESIAN_POINT('Origin',(0.63625,3.17232399394674,4.62));
#6306=CARTESIAN_POINT('',(-4.61933350551386,3.30744203546987,4.76745546736202));
#6307=CARTESIAN_POINT('Origin',(-4.61933350551386,3.17232399394674,4.62));
#6308=CARTESIAN_POINT('',(0.63625,3.17232399394674,4.82));
#6309=CARTESIAN_POINT('Origin',(4.61933350551386,3.17232399394674,4.62));
#6310=CARTESIAN_POINT('',(0.63625,3.30744203546987,4.76745546736202));
#6311=CARTESIAN_POINT('Origin',(-4.61933350551386,3.17232399394674,4.62));
#6312=CARTESIAN_POINT('Origin',(-4.61933350551386,3.17232399394674,4.62));
#6313=CARTESIAN_POINT('Origin',(4.61933350551386,3.17232399394674,4.62));
#6314=CARTESIAN_POINT('Origin',(-4.67473072650399,-4.27971032085066,3.98680686665512));
#6315=CARTESIAN_POINT('',(-4.93175934527168,-4.3375,3.34369895996787));
#6316=CARTESIAN_POINT('',(-4.87396966612234,-4.27971032085066,4.00423801520465));
#6317=CARTESIAN_POINT('',(-4.73327569584254,-4.53749422980755,3.33506595360152));
#6318=CARTESIAN_POINT('Origin',(-4.73252040565334,-4.3375,3.32626781141831));
#6319=CARTESIAN_POINT('',(-4.67473072650399,-4.478949260469,4.00423801520465));
#6320=CARTESIAN_POINT('Origin',(-4.94629987015867,2.26875,3.1775));
#6321=CARTESIAN_POINT('',(-4.83738934030064,3.40704054845164,4.42235305259873));
#6322=CARTESIAN_POINT('',(-5.09,4.33826106038165,1.535));
#6323=CARTESIAN_POINT('',(-4.91155375940306,4.15981481978471,3.57464986325412));
#6324=CARTESIAN_POINT('',(-5.09,-4.22322551528783,1.535));
#6325=CARTESIAN_POINT('',(-5.09,2.26875,1.535));
#6326=CARTESIAN_POINT('',(-4.97572551528783,-4.3375,2.84116333713122));
#6327=CARTESIAN_POINT('',(-5.03291546769125,-4.28031004759657,2.18747918996765));
#6328=CARTESIAN_POINT('',(-5.08478742325902,-4.3375,1.59458002478157));
#6329=CARTESIAN_POINT('Origin',(-4.63815040068229,3.40704054845164,4.4049219040492));
#6330=CARTESIAN_POINT('',(-4.63815040068229,3.54215858997477,4.55237737141123));
#6331=CARTESIAN_POINT('Origin',(1.2725,3.79367761169117,4.32190265095413));
#6332=CARTESIAN_POINT('Origin',(0.,0.,4.82));
#6333=CARTESIAN_POINT('',(0.8,-1.0445,4.82));
#6334=CARTESIAN_POINT('',(-0.8,-1.0445,4.82));
#6335=CARTESIAN_POINT('Origin',(0.,-1.0445,4.82));
#6336=CARTESIAN_POINT('Origin',(0.,-1.0445,4.82));
#6337=CARTESIAN_POINT('Origin',(5.09,-4.5375,0.));
#6338=CARTESIAN_POINT('',(5.09,-4.22322551528783,1.535));
#6339=CARTESIAN_POINT('',(5.09,-2.26875,1.535));
#6340=CARTESIAN_POINT('',(5.09,-4.2247447509445,1.53493379446644));
#6341=CARTESIAN_POINT('Origin',(5.09,-4.02398657566948,-0.759742649133976));
#6342=CARTESIAN_POINT('',(5.09,-4.11232761054734,0.25));
#6343=CARTESIAN_POINT('',(5.09,-4.15995404986255,0.794372692367191));
#6344=CARTESIAN_POINT('',(5.09,4.5375,0.25));
#6345=CARTESIAN_POINT('',(5.09,-2.26875,0.25));
#6346=CARTESIAN_POINT('',(5.09,4.5375,0.));
#6347=CARTESIAN_POINT('Origin',(4.94629987015867,-2.26875,3.1775));
#6348=CARTESIAN_POINT('',(4.93175934527169,-4.3375,3.34369895996783));
#6349=CARTESIAN_POINT('',(4.87188705676502,-4.27762771149333,4.02804234908505));
#6350=CARTESIAN_POINT('',(4.97572551528783,-4.3375,2.84116333713123));
#6351=CARTESIAN_POINT('',(5.04612315467509,-4.3375,2.0365146369439));
#6352=CARTESIAN_POINT('',(4.99662529287205,-4.31660022241577,2.60227778622746));
#6353=CARTESIAN_POINT('Origin',(4.7973863532537,-4.31660022241577,2.58484663767793));
#6354=CARTESIAN_POINT('',(4.77572551528783,-4.5375,2.815));
#6355=CARTESIAN_POINT('',(4.89,-4.42322551528783,1.50883666286876));
#6356=CARTESIAN_POINT('',(4.7973863532537,-4.51583916203412,2.5674154891284));
#6357=CARTESIAN_POINT('Origin',(4.89,-4.22398657566948,1.5262678114183));
#6358=CARTESIAN_POINT('',(4.7772447509445,-4.5375,2.81506620553356));
#6359=CARTESIAN_POINT('Origin',(4.77648657566948,-4.3375,2.8237321885817));
#6360=CARTESIAN_POINT('Origin',(4.57648657566948,-4.5375,5.10974264913396));
#6361=CARTESIAN_POINT('Origin',(4.89,-4.15995404986255,0.794372692367191));
#6362=CARTESIAN_POINT('',(4.89,-4.313091578056,0.25));
#6363=CARTESIAN_POINT('',(4.89,-4.3591929894809,0.776941543817659));
#6364=CARTESIAN_POINT('Origin',(4.89,-4.11232761054733,0.25));
#6365=CARTESIAN_POINT('Origin',(4.84688421505674,-4.3375,2.01908348839437));
#6366=CARTESIAN_POINT('',(4.73175643814467,-4.5375,3.335));
#6367=CARTESIAN_POINT('',(4.84688421505674,-4.5375,2.01908348839437));
#6368=CARTESIAN_POINT('',(4.73327569584254,-4.53749422980755,3.33506595360152));
#6369=CARTESIAN_POINT('Origin',(4.73252040565334,-4.3375,3.32626781141831));
#6370=CARTESIAN_POINT('Origin',(4.53175643814467,-4.3375,5.62101046055228));
#6371=CARTESIAN_POINT('Origin',(4.67264811714667,-4.27762771149333,4.01061120053552));
#6372=CARTESIAN_POINT('',(4.67264811714667,-4.47686665111168,4.02804234908505));
#6373=CARTESIAN_POINT('Origin',(-2.545,-4.425295789028,1.5325));
#6374=CARTESIAN_POINT('',(-4.77572551528783,-4.5375,2.815));
#6375=CARTESIAN_POINT('',(-2.545,-4.5375,2.815));
#6376=CARTESIAN_POINT('',(-4.89,-4.42322551528783,1.50883666286878));
#6377=CARTESIAN_POINT('',(-4.8336765280729,-4.47954898721492,2.15261689286859));
#6378=CARTESIAN_POINT('',(-4.89,-4.313091578056,0.25));
#6379=CARTESIAN_POINT('',(-4.89,-4.32472557912735,0.38297724073581));
#6380=CARTESIAN_POINT('',(-2.545,-4.313091578056,0.25));
#6381=CARTESIAN_POINT('Origin',(-5.09,-4.5375,0.));
#6382=CARTESIAN_POINT('',(-4.73175643814467,-4.5375,3.335));
#6383=CARTESIAN_POINT('',(-2.545,-4.5375,3.335));
#6384=CARTESIAN_POINT('',(-4.7772447509445,-4.5375,2.81506620553356));
#6385=CARTESIAN_POINT('',(-4.88554848364067,-4.5375,1.57714887623203));
#6386=CARTESIAN_POINT('Origin',(-4.57648657566948,-4.5375,5.10974264913396));
#6387=CARTESIAN_POINT('Origin',(-2.545,-4.472539667332,4.0775));
#6388=CARTESIAN_POINT('Origin',(-4.53175643814467,-4.3375,5.62101046055228));
#6389=CARTESIAN_POINT('Origin',(-4.71231481978471,4.15981481978471,3.55721871470459));
#6390=CARTESIAN_POINT('',(-5.09,4.5375,0.869036621632084));
#6391=CARTESIAN_POINT('Origin',(-5.09,4.5375,-0.759742649133967));
#6392=CARTESIAN_POINT('Origin',(-5.09,4.5375,-0.759742649133974));
#6393=CARTESIAN_POINT('Origin',(-5.09,4.5375,0.));
#6394=CARTESIAN_POINT('',(-5.09,4.5375,0.25));
#6395=CARTESIAN_POINT('',(-5.09,4.5375,0.));
#6396=CARTESIAN_POINT('',(-5.09,-4.11232761054734,0.25));
#6397=CARTESIAN_POINT('',(-5.09,2.26875,0.25));
#6398=CARTESIAN_POINT('',(-5.09,-4.2247447509445,1.53493379446644));
#6399=CARTESIAN_POINT('',(-5.09,-4.125486639509,0.400408389285341));
#6400=CARTESIAN_POINT('Origin',(-5.09,-4.02398657566948,-0.759742649133968));
#6401=CARTESIAN_POINT('Origin',(-4.89,-4.125486639509,0.400408389285341));
#6402=CARTESIAN_POINT('Origin',(-4.89,-4.11232761054734,0.25));
#6403=CARTESIAN_POINT('Origin',(-4.89,-4.22398657566948,1.52626781141831));
#6404=CARTESIAN_POINT('Origin',(-4.88554848364067,-4.3375,1.57714887623203));
#6405=CARTESIAN_POINT('Origin',(-4.77648657566948,-4.3375,2.82373218858169));
#6406=CARTESIAN_POINT('Origin',(-4.8336765280729,-4.28031004759657,2.17004804141812));
#6407=CARTESIAN_POINT('Origin',(0.,2.1375,0.252));
#6408=CARTESIAN_POINT('',(3.6115,4.5375,0.252));
#6409=CARTESIAN_POINT('',(-3.6115,4.5375,0.252));
#6410=CARTESIAN_POINT('',(2.545,4.5375,0.252));
#6411=CARTESIAN_POINT('',(3.6115,-0.2625,0.252));
#6412=CARTESIAN_POINT('',(3.6115,4.5375,0.252));
#6413=CARTESIAN_POINT('',(-3.6115,-0.2625,0.252));
#6414=CARTESIAN_POINT('',(3.6115,-0.2625,0.252));
#6415=CARTESIAN_POINT('',(-3.6115,-0.2625,0.252));
#6416=CARTESIAN_POINT('Origin',(-3.6115,-0.2625,0.25));
#6417=CARTESIAN_POINT('',(-3.6115,-0.2625,0.25));
#6418=CARTESIAN_POINT('',(3.6115,-0.2625,0.25));
#6419=CARTESIAN_POINT('',(-1.80575,-0.2625,0.25));
#6420=CARTESIAN_POINT('',(-3.6115,-0.2625,0.25));
#6421=CARTESIAN_POINT('',(3.6115,-0.2625,0.25));
#6422=CARTESIAN_POINT('Origin',(-3.6115,4.5375,0.25));
#6423=CARTESIAN_POINT('',(-3.6115,4.5375,0.25));
#6424=CARTESIAN_POINT('',(-3.6115,4.5375,0.25));
#6425=CARTESIAN_POINT('',(-3.6115,4.5375,0.125));
#6426=CARTESIAN_POINT('Origin',(3.6115,-0.2625,0.25));
#6427=CARTESIAN_POINT('',(3.6115,4.5375,0.25));
#6428=CARTESIAN_POINT('',(3.6115,2.1375,0.25));
#6429=CARTESIAN_POINT('',(3.6115,4.5375,0.125));
#6430=CARTESIAN_POINT('Origin',(5.09,4.5375,0.));
#6431=CARTESIAN_POINT('',(2.545,4.5375,0.25));
#6432=CARTESIAN_POINT('',(2.545,4.5375,0.25));
#6433=CARTESIAN_POINT('Origin',(0.,4.5375,0.25));
#6434=CARTESIAN_POINT('Ctrl Pts',(-0.363536943144096,-1.0445,4.57));
#6435=CARTESIAN_POINT('Ctrl Pts',(-0.363536943144096,-1.4080369431441,4.57));
#6436=CARTESIAN_POINT('Ctrl Pts',(0.,-1.4080369431441,4.57));
#6437=CARTESIAN_POINT('Ctrl Pts',(0.363536943144096,-1.4080369431441,4.57));
#6438=CARTESIAN_POINT('Ctrl Pts',(0.363536943144096,-1.0445,4.57));
#6439=CARTESIAN_POINT('Ctrl Pts',(0.363536943144096,-0.680963056855904,
4.57));
#6440=CARTESIAN_POINT('Ctrl Pts',(0.,-0.680963056855904,4.57));
#6441=CARTESIAN_POINT('Ctrl Pts',(-0.363536943144096,-0.680963056855904,
4.57));
#6442=CARTESIAN_POINT('Ctrl Pts',(-0.363536943144096,-1.0445,4.57));
#6443=CARTESIAN_POINT('Ctrl Pts',(-0.65336674205366,-1.0445,4.57));
#6444=CARTESIAN_POINT('Ctrl Pts',(-0.65336674205366,-1.69786674205366,4.57));
#6445=CARTESIAN_POINT('Ctrl Pts',(0.,-1.69786674205366,4.57));
#6446=CARTESIAN_POINT('Ctrl Pts',(0.65336674205366,-1.69786674205366,4.57));
#6447=CARTESIAN_POINT('Ctrl Pts',(0.65336674205366,-1.0445,4.57));
#6448=CARTESIAN_POINT('Ctrl Pts',(0.65336674205366,-0.391133257946341,4.57));
#6449=CARTESIAN_POINT('Ctrl Pts',(0.,-0.39113325794634,4.57));
#6450=CARTESIAN_POINT('Ctrl Pts',(-0.65336674205366,-0.391133257946341,
4.57));
#6451=CARTESIAN_POINT('Ctrl Pts',(-0.65336674205366,-1.0445,4.57));
#6452=CARTESIAN_POINT('Ctrl Pts',(-0.8,-1.0445,4.82));
#6453=CARTESIAN_POINT('Ctrl Pts',(-0.8,-1.8445,4.82));
#6454=CARTESIAN_POINT('Ctrl Pts',(0.,-1.8445,4.82));
#6455=CARTESIAN_POINT('Ctrl Pts',(0.8,-1.8445,4.82));
#6456=CARTESIAN_POINT('Ctrl Pts',(0.8,-1.0445,4.82));
#6457=CARTESIAN_POINT('Ctrl Pts',(0.8,-0.2445,4.82));
#6458=CARTESIAN_POINT('Ctrl Pts',(0.,-0.2445,4.82));
#6459=CARTESIAN_POINT('Ctrl Pts',(-0.8,-0.2445,4.82));
#6460=CARTESIAN_POINT('Ctrl Pts',(-0.8,-1.0445,4.82));
#6461=CARTESIAN_POINT('',(-0.363536943144096,-1.0445,4.57));
#6462=CARTESIAN_POINT('Ctrl Pts',(-0.8,-1.0445,4.82));
#6463=CARTESIAN_POINT('Ctrl Pts',(-0.65336674205366,-1.0445,4.57));
#6464=CARTESIAN_POINT('Ctrl Pts',(-0.363536943144096,-1.0445,4.57));
#6465=CARTESIAN_POINT('Origin',(0.,-1.0445,4.57));
#6466=CARTESIAN_POINT('Origin',(-8.16431199431569E-18,-1.0445,4.57));
#6467=CARTESIAN_POINT('',(0.,0.,0.));
#6468=CARTESIAN_POINT('Origin',(-1.68477511716714,3.91161169176621,0.25));
#6469=CARTESIAN_POINT('',(-1.68477511716714,3.91161169176621,1.535));
#6470=CARTESIAN_POINT('',(-1.68477511716714,4.85270998541281,1.535));
#6471=CARTESIAN_POINT('',(-1.68477511716714,4.55222956155643,1.535));
#6472=CARTESIAN_POINT('',(-1.68477511716714,3.91161169176621,0.25));
#6473=CARTESIAN_POINT('',(-1.68477511716714,3.91161169176621,0.25));
#6474=CARTESIAN_POINT('',(-1.68477511716714,4.85270998541281,0.25));
#6475=CARTESIAN_POINT('',(-1.68477511716714,4.22455584588311,0.25));
#6476=CARTESIAN_POINT('',(-1.68477511716714,4.85270998541281,0.25));
#6477=CARTESIAN_POINT('Origin',(-1.68477511716714,4.85270998541281,0.25));
#6478=CARTESIAN_POINT('',(1.68477511716714,4.85270998541281,1.535));
#6479=CARTESIAN_POINT('',(-0.84238755858357,4.85270998541281,1.535));
#6480=CARTESIAN_POINT('',(1.68477511716714,4.85270998541281,0.25));
#6481=CARTESIAN_POINT('',(-0.84238755858357,4.85270998541281,0.25));
#6482=CARTESIAN_POINT('',(1.68477511716714,4.85270998541281,0.25));
#6483=CARTESIAN_POINT('Origin',(1.68477511716714,4.85270998541281,0.25));
#6484=CARTESIAN_POINT('',(1.68477511716714,3.91161169176621,1.535));
#6485=CARTESIAN_POINT('',(1.68477511716714,5.02277870837972,1.535));
#6486=CARTESIAN_POINT('',(1.68477511716714,3.91161169176621,0.25));
#6487=CARTESIAN_POINT('',(1.68477511716714,4.6951049927064,0.25));
#6488=CARTESIAN_POINT('',(1.68477511716714,3.91161169176621,0.25));
#6489=CARTESIAN_POINT('Origin',(1.68477511716714,3.91161169176621,0.25));
#6490=CARTESIAN_POINT('',(0.84238755858357,3.91161169176621,1.535));
#6491=CARTESIAN_POINT('',(0.84238755858357,3.91161169176621,0.25));
#6492=CARTESIAN_POINT('Origin',(5.04,0.327673715673318,1.485));
#6493=CARTESIAN_POINT('',(4.99,4.5375,1.535));
#6494=CARTESIAN_POINT('',(5.09,4.5375,1.435));
#6495=CARTESIAN_POINT('',(2.92712500000001,4.5375,3.597875));
#6496=CARTESIAN_POINT('',(5.09,5.12257412760583,1.435));
#6497=CARTESIAN_POINT('',(5.09,0.327673715673318,1.435));
#6498=CARTESIAN_POINT('',(4.99,5.12257412760583,1.535));
#6499=CARTESIAN_POINT('',(5.09,5.12257412760583,1.435));
#6500=CARTESIAN_POINT('',(4.99,0.327673715673318,1.535));
#6501=CARTESIAN_POINT('Origin',(4.584,5.12257412760583,1.485));
#6502=CARTESIAN_POINT('',(4.75706219252279,5.5980585937235,1.435));
#6503=CARTESIAN_POINT('',(4.72286017819022,5.50408933164491,1.535));
#6504=CARTESIAN_POINT('',(4.75706219252279,5.5980585937235,1.435));
#6505=CARTESIAN_POINT('Origin',(4.584,5.12257412760583,1.535));
#6506=CARTESIAN_POINT('Origin',(4.584,5.12257412760583,1.435));
#6507=CARTESIAN_POINT('Origin',(2.54250045504668,6.35088425948585,1.485));
#6508=CARTESIAN_POINT('',(3.8588407402843,5.92498446611767,1.435));
#6509=CARTESIAN_POINT('',(3.82463872595173,5.83101520403908,1.535));
#6510=CARTESIAN_POINT('',(3.8588407402843,5.92498446611767,1.435));
#6511=CARTESIAN_POINT('',(2.5253994478804,6.30389962844656,1.535));
#6512=CARTESIAN_POINT('',(2.55960146221296,6.39786889052515,1.435));
#6513=CARTESIAN_POINT('Origin',(3.68577854776151,5.4495,1.485));
#6514=CARTESIAN_POINT('',(3.68577854776151,5.9555,1.435));
#6515=CARTESIAN_POINT('',(3.68577854776151,5.8555,1.535));
#6516=CARTESIAN_POINT('',(3.68577854776151,5.9555,1.435));
#6517=CARTESIAN_POINT('Origin',(3.68577854776151,5.4495,1.535));
#6518=CARTESIAN_POINT('Origin',(3.68577854776151,5.4495,1.435));
#6519=CARTESIAN_POINT('Origin',(7.15327784069077E-17,5.9055,1.485));
#6520=CARTESIAN_POINT('',(-3.68577854776151,5.9555,1.435));
#6521=CARTESIAN_POINT('',(-3.68577854776151,5.8555,1.535));
#6522=CARTESIAN_POINT('',(-3.68577854776151,5.9555,1.435));
#6523=CARTESIAN_POINT('',(7.15327784069077E-17,5.8555,1.535));
#6524=CARTESIAN_POINT('',(7.15327784069077E-17,5.9555,1.435));
#6525=CARTESIAN_POINT('Origin',(-3.68577854776151,5.4495,1.485));
#6526=CARTESIAN_POINT('',(-3.8588407402843,5.92498446611767,1.435));
#6527=CARTESIAN_POINT('',(-3.82463872595173,5.83101520403908,1.535));
#6528=CARTESIAN_POINT('',(-3.8588407402843,5.92498446611767,1.435));
#6529=CARTESIAN_POINT('Origin',(-3.68577854776151,5.4495,1.535));
#6530=CARTESIAN_POINT('Origin',(-3.68577854776151,5.4495,1.435));
#6531=CARTESIAN_POINT('Origin',(-2.54250045504668,6.35088425948585,1.485));
#6532=CARTESIAN_POINT('',(-4.75706219252279,5.5980585937235,1.435));
#6533=CARTESIAN_POINT('',(-4.72286017819022,5.50408933164491,1.535));
#6534=CARTESIAN_POINT('',(-4.75706219252279,5.5980585937235,1.435));
#6535=CARTESIAN_POINT('',(-2.5253994478804,6.30389962844656,1.535));
#6536=CARTESIAN_POINT('',(-2.55960146221296,6.39786889052515,1.435));
#6537=CARTESIAN_POINT('Origin',(-4.584,5.12257412760583,1.485));
#6538=CARTESIAN_POINT('',(-5.09,5.12257412760583,1.435));
#6539=CARTESIAN_POINT('',(-4.99,5.12257412760583,1.535));
#6540=CARTESIAN_POINT('',(-5.09,5.12257412760583,1.435));
#6541=CARTESIAN_POINT('Origin',(-4.584,5.12257412760583,1.535));
#6542=CARTESIAN_POINT('Origin',(-4.584,5.12257412760583,1.435));
#6543=CARTESIAN_POINT('Origin',(-5.04,4.86517371567332,1.485));
#6544=CARTESIAN_POINT('',(-5.09,4.5375,1.435));
#6545=CARTESIAN_POINT('',(-4.99,4.5375,1.535));
#6546=CARTESIAN_POINT('',(-4.732875,4.5375,1.792125));
#6547=CARTESIAN_POINT('',(-4.99,4.86517371567332,1.535));
#6548=CARTESIAN_POINT('',(-5.09,4.86517371567332,1.435));
#6549=CARTESIAN_POINT('Origin',(-4.584,5.12257412760583,0.));
#6550=CARTESIAN_POINT('',(-4.75706219252279,5.5980585937235,0.25));
#6551=CARTESIAN_POINT('',(-4.75706219252279,5.5980585937235,1.285));
#6552=CARTESIAN_POINT('',(-5.09,5.12257412760583,0.25));
#6553=CARTESIAN_POINT('Origin',(-4.584,5.12257412760583,0.25));
#6554=CARTESIAN_POINT('',(-5.09,5.12257412760583,0.));
#6555=CARTESIAN_POINT('Origin',(-4.4325,5.71618957096997,0.));
#6556=CARTESIAN_POINT('',(-3.8588407402843,5.92498446611767,0.25));
#6557=CARTESIAN_POINT('',(-3.8588407402843,5.92498446611767,0.));
#6558=CARTESIAN_POINT('',(-2.52650580794123,6.40991472356362,0.25));
#6559=CARTESIAN_POINT('Origin',(-3.68577854776151,5.4495,0.));
#6560=CARTESIAN_POINT('',(-3.68577854776151,5.9555,0.25));
#6561=CARTESIAN_POINT('',(-3.68577854776151,5.9555,1.285));
#6562=CARTESIAN_POINT('Origin',(-3.68577854776151,5.4495,0.25));
#6563=CARTESIAN_POINT('Origin',(0.,5.9555,0.));
#6564=CARTESIAN_POINT('',(3.68577854776151,5.9555,0.25));
#6565=CARTESIAN_POINT('',(3.68577854776151,5.9555,0.));
#6566=CARTESIAN_POINT('',(0.507220360058159,5.9555,0.25));
#6567=CARTESIAN_POINT('Origin',(3.68577854776151,5.4495,0.));
#6568=CARTESIAN_POINT('',(3.8588407402843,5.92498446611767,0.25));
#6569=CARTESIAN_POINT('',(3.8588407402843,5.92498446611767,1.285));
#6570=CARTESIAN_POINT('Origin',(3.68577854776151,5.4495,0.25));
#6571=CARTESIAN_POINT('Origin',(4.4325,5.71618957096997,0.));
#6572=CARTESIAN_POINT('',(4.75706219252279,5.5980585937235,0.25));
#6573=CARTESIAN_POINT('',(4.75706219252279,5.5980585937235,0.));
#6574=CARTESIAN_POINT('',(3.42227950625875,6.08387976073749,0.25));
#6575=CARTESIAN_POINT('Origin',(4.584,5.12257412760583,0.));
#6576=CARTESIAN_POINT('',(5.09,5.12257412760583,0.25));
#6577=CARTESIAN_POINT('',(5.09,5.12257412760583,0.));
#6578=CARTESIAN_POINT('Origin',(4.584,5.12257412760583,0.25));
#6579=CARTESIAN_POINT('Origin',(5.09,-4.5375,0.));
#6580=CARTESIAN_POINT('',(5.09,4.5375,0.25));
#6581=CARTESIAN_POINT('',(5.09,4.5375,0.96375));
#6582=CARTESIAN_POINT('',(5.09,-0.962927374441969,0.25));
#6583=CARTESIAN_POINT('Origin',(-3.6115,4.5375,1.285));
#6584=CARTESIAN_POINT('',(3.6115,4.5375,1.535));
#6585=CARTESIAN_POINT('',(5.09,4.5375,1.535));
#6586=CARTESIAN_POINT('',(3.6115,4.5375,0.25));
#6587=CARTESIAN_POINT('',(3.6115,4.5375,0.6425));
#6588=CARTESIAN_POINT('',(-1.29852963994184,4.5375,0.25));
#6589=CARTESIAN_POINT('Origin',(1.43065556813815E-16,5.19284743134664,1.535));
#6590=CARTESIAN_POINT('',(-3.6115,4.5375,1.535));
#6591=CARTESIAN_POINT('',(5.09,4.5375,1.535));
#6592=CARTESIAN_POINT('',(-3.6115,-0.2625,1.535));
#6593=CARTESIAN_POINT('',(-3.6115,3.692,1.535));
#6594=CARTESIAN_POINT('',(3.6115,-0.2625,1.535));
#6595=CARTESIAN_POINT('',(-1.80575,-0.2625,1.535));
#6596=CARTESIAN_POINT('',(3.6115,1.292,1.535));
#6597=CARTESIAN_POINT('Origin',(-3.6115,4.5375,1.285));
#6598=CARTESIAN_POINT('',(-5.09,4.5375,0.25));
#6599=CARTESIAN_POINT('',(-5.09,4.5375,0.6425));
#6600=CARTESIAN_POINT('',(-3.6115,4.5375,0.25));
#6601=CARTESIAN_POINT('',(-1.29852963994184,4.5375,0.25));
#6602=CARTESIAN_POINT('',(-3.6115,4.5375,0.6425));
#6603=CARTESIAN_POINT('Origin',(0.,-0.2625,0.25));
#6604=CARTESIAN_POINT('',(-3.6115,-0.2625,0.25));
#6605=CARTESIAN_POINT('',(3.6115,-0.2625,0.25));
#6606=CARTESIAN_POINT('',(0.507220360058159,-0.2625,0.25));
#6607=CARTESIAN_POINT('',(3.6115,-0.2625,0.));
#6608=CARTESIAN_POINT('',(-3.6115,-0.2625,0.));
#6609=CARTESIAN_POINT('Origin',(-3.6115,3.17756757297081,0.311432427029188));
#6610=CARTESIAN_POINT('',(-3.6115,2.89460641204344,0.25));
#6611=CARTESIAN_POINT('Origin',(3.6115,3.17756757297081,0.311432427029188));
#6612=CARTESIAN_POINT('',(3.6115,2.89460641204344,0.25));
#6613=CARTESIAN_POINT('Origin',(0.,4.5375,0.25));
#6614=CARTESIAN_POINT('',(-5.09,3.57457262555803,0.25));
#6615=CARTESIAN_POINT('Origin',(-5.09,4.5375,0.));
#6616=CARTESIAN_POINT('Origin',(5.09,-4.5375,-0.571752568986087));
#6617=CARTESIAN_POINT('',(-2.94,-4.5375,3.33500928059536));
#6618=CARTESIAN_POINT('',(-2.14,-4.5375,3.33500928059536));
#6619=CARTESIAN_POINT('',(-3.815,-4.5375,3.33500928059536));
#6620=CARTESIAN_POINT('',(-2.14,-4.5375,2.84498716937272));
#6621=CARTESIAN_POINT('',(-2.14,-4.5375,0.881465250657649));
#6622=CARTESIAN_POINT('',(-2.94,-4.5375,2.84498716937272));
#6623=CARTESIAN_POINT('',(-3.815,-4.5375,2.84498716937272));
#6624=CARTESIAN_POINT('',(-2.94,-4.5375,1.54499911249202));
#6625=CARTESIAN_POINT('Origin',(-2.84,-10.339975117596,1.69184977473167));
#6626=CARTESIAN_POINT('',(-2.84,-8.43519934657861,0.615282644683689));
#6627=CARTESIAN_POINT('',(-2.84,-10.2564418683499,0.488823024798257));
#6628=CARTESIAN_POINT('',(-2.84,-8.88231662876801,0.584236652250519));
#6629=CARTESIAN_POINT('',(-2.84,-7.96424952083384,1.12006723763735));
#6630=CARTESIAN_POINT('Origin',(-2.84,-8.47024952083384,1.12006723763862));
#6631=CARTESIAN_POINT('',(-2.84,-7.96424952083198,1.85681042787229));
#6632=CARTESIAN_POINT('',(-2.84,-7.96424952083034,2.51344176122589));
#6633=CARTESIAN_POINT('',(-2.84,-7.4742495208319,1.89083402055867));
#6634=CARTESIAN_POINT('',(-2.84,-10.339975117596,1.69184977473167));
#6635=CARTESIAN_POINT('',(-2.84,-7.47424952083512,0.607125245409958));
#6636=CARTESIAN_POINT('',(-2.84,-7.47424952083428,0.941338514814497));
#6637=CARTESIAN_POINT('',(-2.84,-7.71661910574733,0.175228262045243));
#6638=CARTESIAN_POINT('Origin',(-2.84,-7.98024952083512,0.607125245411229));
#6639=CARTESIAN_POINT('',(-2.84,-10.2225,0.));
#6640=CARTESIAN_POINT('',(-2.84,-10.2220867489787,2.88973264507553E-5));
#6641=CARTESIAN_POINT('',(-2.84,-10.2982084929729,1.09033639976496));
#6642=CARTESIAN_POINT('Origin',(-3.51,-10.339975117596,1.69184977473167));
#6643=CARTESIAN_POINT('',(-2.94,-7.96424952083198,1.85681042787229));
#6644=CARTESIAN_POINT('',(-3.025,-7.96424952083198,1.85681042787229));
#6645=CARTESIAN_POINT('',(-2.94,-7.4742495208319,1.89083402055867));
#6646=CARTESIAN_POINT('',(-2.94,-7.40435036719625,1.89568753144117));
#6647=CARTESIAN_POINT('',(-3.025,-7.4742495208319,1.89083402055867));
#6648=CARTESIAN_POINT('Origin',(-2.24,-10.339975117596,1.69184977473167));
#6649=CARTESIAN_POINT('',(-2.14,-7.4742495208319,1.89083402055867));
#6650=CARTESIAN_POINT('',(-2.24,-7.4742495208319,1.89083402055867));
#6651=CARTESIAN_POINT('',(-2.39,-7.4742495208319,1.89083402055867));
#6652=CARTESIAN_POINT('',(-2.14,-7.96424952082827,1.85681042787254));
#6653=CARTESIAN_POINT('',(-2.14,-9.03344377990334,1.7825699585391));
#6654=CARTESIAN_POINT('',(-2.24,-7.96424952083198,1.85681042787229));
#6655=CARTESIAN_POINT('',(-2.39,-7.96424952083198,1.85681042787229));
#6656=CARTESIAN_POINT('',(-2.24,-10.339975117596,1.69184977473167));
#6657=CARTESIAN_POINT('Origin',(-2.24,-10.0792865180592,-2.0625278111527));
#6658=CARTESIAN_POINT('',(-2.24,-7.47424952083512,0.607125245409958));
#6659=CARTESIAN_POINT('',(-2.24,-7.474249520839,-0.93585027812736));
#6660=CARTESIAN_POINT('',(-2.24,-7.96424952083384,1.12006723763735));
#6661=CARTESIAN_POINT('',(-2.24,-7.96424952083505,0.636252968284028));
#6662=CARTESIAN_POINT('',(-2.24,-8.43519934657861,0.615282644683689));
#6663=CARTESIAN_POINT('Origin',(-2.24,-8.47024952083384,1.12006723763862));
#6664=CARTESIAN_POINT('',(-2.24,-10.2564418683499,0.488823024798257));
#6665=CARTESIAN_POINT('',(-2.24,-8.88231662876801,0.584236652250519));
#6666=CARTESIAN_POINT('',(-2.24,-10.2225,0.));
#6667=CARTESIAN_POINT('',(-2.24,-10.1678641932046,-0.786852393177223));
#6668=CARTESIAN_POINT('',(-2.24,-7.71661910574733,0.175228262045243));
#6669=CARTESIAN_POINT('',(-2.24,-10.2230037927936,-3.52286239373167E-5));
#6670=CARTESIAN_POINT('Origin',(-2.24,-7.98024952083512,0.607125245411229));
#6671=CARTESIAN_POINT('Origin',(-2.54,-7.98024952083512,0.607125245411229));
#6672=CARTESIAN_POINT('',(-2.54,-7.47424952083512,0.607125245409958));
#6673=CARTESIAN_POINT('',(-2.54,-7.71661910574733,0.175228262045243));
#6674=CARTESIAN_POINT('Origin',(-2.54,-7.47424952083617,0.190827254904525));
#6675=CARTESIAN_POINT('',(-2.94,-7.47424952083077,2.33896270224328));
#6676=CARTESIAN_POINT('',(-2.94,-7.47424952083617,0.190827254904525));
#6677=CARTESIAN_POINT('',(-2.14,-7.47424952083077,2.33896270224328));
#6678=CARTESIAN_POINT('',(-2.54,-7.47424952083077,2.33896270224328));
#6679=CARTESIAN_POINT('',(-2.14,-7.47424952083617,0.190827254904525));
#6680=CARTESIAN_POINT('Origin',(-2.54,-10.2225,0.));
#6681=CARTESIAN_POINT('',(-2.54,-10.2225,0.));
#6682=CARTESIAN_POINT('Origin',(-2.54,-10.2564418683499,0.488823024798257));
#6683=CARTESIAN_POINT('',(-2.54,-10.2564418683499,0.488823024798257));
#6684=CARTESIAN_POINT('Origin',(-2.54,-2.62613483117259,3.33500928059536));
#6685=CARTESIAN_POINT('',(-2.94,-4.93348081682659,3.33500928059536));
#6686=CARTESIAN_POINT('',(-2.94,-2.62613483117259,3.33500928059536));
#6687=CARTESIAN_POINT('',(-2.14,-4.93348081682659,3.33500928059536));
#6688=CARTESIAN_POINT('',(-2.54,-4.93348081682659,3.33500928059536));
#6689=CARTESIAN_POINT('',(-2.14,-2.62613483117259,3.33500928059536));
#6690=CARTESIAN_POINT('Origin',(-2.94,-4.53750000000001,3.08999822498404));
#6691=CARTESIAN_POINT('',(-2.94,-7.96424952082954,2.82903374772734));
#6692=CARTESIAN_POINT('',(-2.94,-7.96424952082827,3.33503374772607));
#6693=CARTESIAN_POINT('',(-2.94,-7.45824952082954,3.33503374772607));
#6694=CARTESIAN_POINT('Origin',(-2.94,-7.45824952082954,2.82903374772607));
#6695=CARTESIAN_POINT('',(-2.94,-4.93348081682659,3.33503374772607));
#6696=CARTESIAN_POINT('',(-2.94,-4.93348081682659,3.33503374772607));
#6697=CARTESIAN_POINT('',(-2.94,-4.93348081682659,2.84496270224201));
#6698=CARTESIAN_POINT('',(-2.94,-4.93348081682659,2.84498716937272));
#6699=CARTESIAN_POINT('',(-2.94,-6.44886516882743,2.84498716937272));
#6700=CARTESIAN_POINT('',(-2.94,-4.93348081682659,2.84496270224201));
#6701=CARTESIAN_POINT('',(-2.94,-4.93348081682659,2.84496270224201));
#6702=CARTESIAN_POINT('',(-2.94,-6.96824952083077,2.84496270224201));
#6703=CARTESIAN_POINT('',(-2.94,-7.96424952082827,2.84496270224201));
#6704=CARTESIAN_POINT('Origin',(-2.94,-6.96824952083077,2.33896270224201));
#6705=CARTESIAN_POINT('Origin',(-2.54,-8.47024952083384,1.12006723763862));
#6706=CARTESIAN_POINT('',(-2.54,-8.43519934657861,0.615282644683689));
#6707=CARTESIAN_POINT('',(-2.54,-7.96424952083384,1.12006723763735));
#6708=CARTESIAN_POINT('Origin',(-2.54,-7.96424952082827,3.33503374772607));
#6709=CARTESIAN_POINT('',(-2.14,-7.96424952082827,2.82903374772734));
#6710=CARTESIAN_POINT('',(-2.14,-7.96424952082827,3.33503374772607));
#6711=CARTESIAN_POINT('',(-2.54,-7.96424952082954,2.82903374772734));
#6712=CARTESIAN_POINT('Origin',(-2.54,-6.96824952083077,2.33896270224201));
#6713=CARTESIAN_POINT('',(-2.14,-6.96824952083077,2.84496270224201));
#6714=CARTESIAN_POINT('Origin',(-2.14,-6.96824952083077,2.33896270224201));
#6715=CARTESIAN_POINT('',(-2.54,-6.96824952083077,2.84496270224201));
#6716=CARTESIAN_POINT('Origin',(-2.14,-7.71924952083222,1.7629305013153));
#6717=CARTESIAN_POINT('',(-2.14,-4.93348081682659,2.84496270224201));
#6718=CARTESIAN_POINT('',(-2.14,-7.96424952082827,2.84496270224201));
#6719=CARTESIAN_POINT('',(-2.14,-4.93348081682659,2.84498716937272));
#6720=CARTESIAN_POINT('',(-2.14,-4.93348081682659,2.84496270224201));
#6721=CARTESIAN_POINT('',(-2.14,-6.44886516882743,2.84498716937272));
#6722=CARTESIAN_POINT('',(-2.14,-4.93348081682659,3.33503374772607));
#6723=CARTESIAN_POINT('',(-2.14,-4.93348081682659,2.84496270224201));
#6724=CARTESIAN_POINT('',(-2.14,-7.45824952082954,3.33503374772607));
#6725=CARTESIAN_POINT('',(-2.14,-4.93348081682659,3.33503374772607));
#6726=CARTESIAN_POINT('Origin',(-2.14,-7.45824952082954,2.82903374772607));
#6727=CARTESIAN_POINT('Origin',(-2.54,-7.45824952082954,2.82903374772607));
#6728=CARTESIAN_POINT('',(-2.54,-7.45824952082954,3.33503374772607));
#6729=CARTESIAN_POINT('Origin',(-2.54,-6.44886516882743,2.84498716937272));
#6730=CARTESIAN_POINT('',(-2.54,-4.93348081682659,2.84498716937272));
#6731=CARTESIAN_POINT('Origin',(-2.54,-4.93348081682659,2.84496270224201));
#6732=CARTESIAN_POINT('',(-2.54,-4.93348081682659,2.84496270224201));
#6733=CARTESIAN_POINT('Origin',(-2.54,-4.93348081682659,3.33503374772607));
#6734=CARTESIAN_POINT('',(-2.54,-4.93348081682659,3.33503374772607));
#6735=CARTESIAN_POINT('Origin',(-2.54,-7.96424952082827,2.84496270224201));
#6736=CARTESIAN_POINT('Origin',(-2.54,-4.93348081682659,2.84496270224201));
#6737=CARTESIAN_POINT('Origin',(-2.54,-7.50819138918609,0.679650279702782));
#6738=CARTESIAN_POINT('Origin',(-3.81,-4.93348081682659,2.84496270224201));
#6739=CARTESIAN_POINT('',(-3.41,-4.93348081682659,3.33500928059536));
#6740=CARTESIAN_POINT('',(-4.21,-4.93348081682659,3.33500928059536));
#6741=CARTESIAN_POINT('',(-3.81,-4.93348081682659,3.33500928059536));
#6742=CARTESIAN_POINT('',(-4.21,-4.93348081682659,3.33503374772607));
#6743=CARTESIAN_POINT('',(-4.21,-4.93348081682659,2.84496270224201));
#6744=CARTESIAN_POINT('',(-3.41,-4.93348081682659,3.33503374772607));
#6745=CARTESIAN_POINT('',(-3.81,-4.93348081682659,3.33503374772607));
#6746=CARTESIAN_POINT('',(-3.41,-4.93348081682659,2.84496270224201));
#6747=CARTESIAN_POINT('Origin',(-3.81,-7.96424952082828,2.84496270224201));
#6748=CARTESIAN_POINT('',(-4.21,-6.96824952083078,2.84496270224201));
#6749=CARTESIAN_POINT('',(-3.41,-6.96824952083078,2.84496270224201));
#6750=CARTESIAN_POINT('',(-3.81,-6.96824952083078,2.84496270224201));
#6751=CARTESIAN_POINT('',(-4.21,-4.93348081682659,2.84496270224201));
#6752=CARTESIAN_POINT('',(-4.21,-7.96424952082828,2.84496270224201));
#6753=CARTESIAN_POINT('',(-3.41,-4.93348081682659,2.84496270224201));
#6754=CARTESIAN_POINT('',(-3.81,-4.93348081682659,2.84496270224201));
#6755=CARTESIAN_POINT('',(-3.41,-7.96424952082828,2.84496270224201));
#6756=CARTESIAN_POINT('Origin',(-3.81,-4.93348081682659,3.33503374772607));
#6757=CARTESIAN_POINT('',(-3.41,-7.45824952082955,3.33503374772607));
#6758=CARTESIAN_POINT('',(-4.21,-7.45824952082955,3.33503374772607));
#6759=CARTESIAN_POINT('',(-3.81,-7.45824952082955,3.33503374772607));
#6760=CARTESIAN_POINT('',(-3.41,-4.93348081682659,3.33503374772607));
#6761=CARTESIAN_POINT('',(-4.21,-4.93348081682659,3.33503374772607));
#6762=CARTESIAN_POINT('Origin',(-3.81,-4.93348081682659,2.84496270224201));
#6763=CARTESIAN_POINT('',(-4.21,-4.93348081682659,2.84498716937272));
#6764=CARTESIAN_POINT('',(-3.41,-4.93348081682659,2.84498716937272));
#6765=CARTESIAN_POINT('',(-3.81,-4.93348081682659,2.84498716937272));
#6766=CARTESIAN_POINT('',(-3.41,-4.93348081682659,2.84496270224201));
#6767=CARTESIAN_POINT('',(-4.21,-4.93348081682659,2.84496270224201));
#6768=CARTESIAN_POINT('Origin',(-3.81,-6.44886516882743,2.84498716937272));
#6769=CARTESIAN_POINT('',(-3.41,-4.5375,2.84498716937272));
#6770=CARTESIAN_POINT('',(-4.21,-4.5375,2.84498716937272));
#6771=CARTESIAN_POINT('',(-4.45,-4.5375,2.84498716937272));
#6772=CARTESIAN_POINT('',(-3.41,-6.44886516882743,2.84498716937272));
#6773=CARTESIAN_POINT('',(-4.21,-6.44886516882743,2.84498716937272));
#6774=CARTESIAN_POINT('Origin',(-3.81,-7.45824952082955,2.82903374772607));
#6775=CARTESIAN_POINT('',(-4.21,-7.96424952082955,2.82903374772734));
#6776=CARTESIAN_POINT('Origin',(-4.21,-7.45824952082955,2.82903374772607));
#6777=CARTESIAN_POINT('',(-3.41,-7.96424952082828,2.82903374772734));
#6778=CARTESIAN_POINT('',(-3.81,-7.96424952082955,2.82903374772734));
#6779=CARTESIAN_POINT('Origin',(-3.41,-7.45824952082955,2.82903374772607));
#6780=CARTESIAN_POINT('Origin',(-3.41,-7.71924952083222,1.7629305013153));
#6781=CARTESIAN_POINT('',(-3.41,-7.96424952082828,1.85681042787254));
#6782=CARTESIAN_POINT('',(-3.41,-7.4742495208319,1.89083402055867));
#6783=CARTESIAN_POINT('',(-3.41,-9.03344377990334,1.7825699585391));
#6784=CARTESIAN_POINT('',(-3.41,-7.47424952083078,2.33896270224328));
#6785=CARTESIAN_POINT('',(-3.41,-7.47424952083617,0.190827254904525));
#6786=CARTESIAN_POINT('Origin',(-3.41,-6.96824952083078,2.33896270224201));
#6787=CARTESIAN_POINT('',(-3.41,-4.5375,3.33500928059536));
#6788=CARTESIAN_POINT('',(-3.41,-4.5375,0.881465250657649));
#6789=CARTESIAN_POINT('',(-3.41,-2.62613483117259,3.33500928059536));
#6790=CARTESIAN_POINT('',(-3.41,-7.96424952082828,3.33503374772607));
#6791=CARTESIAN_POINT('Origin',(-3.81,-7.47424952083617,0.190827254904525));
#6792=CARTESIAN_POINT('',(-3.51,-7.4742495208319,1.89083402055867));
#6793=CARTESIAN_POINT('',(-3.51,-7.47424952083513,0.607125245409958));
#6794=CARTESIAN_POINT('',(-3.51,-7.474249520839,-0.93585027812736));
#6795=CARTESIAN_POINT('',(-4.11,-7.47424952083513,0.607125245409958));
#6796=CARTESIAN_POINT('',(-3.81,-7.47424952083513,0.607125245409958));
#6797=CARTESIAN_POINT('',(-4.11,-7.4742495208319,1.89083402055867));
#6798=CARTESIAN_POINT('',(-4.11,-7.47424952083429,0.941338514814497));
#6799=CARTESIAN_POINT('',(-4.21,-7.4742495208319,1.89083402055867));
#6800=CARTESIAN_POINT('',(-4.17441479550056,-7.4742495208319,1.89083402055867));
#6801=CARTESIAN_POINT('',(-4.21,-7.47424952083078,2.33896270224328));
#6802=CARTESIAN_POINT('',(-4.21,-7.47424952083617,0.190827254904525));
#6803=CARTESIAN_POINT('',(-3.81,-7.47424952083078,2.33896270224328));
#6804=CARTESIAN_POINT('',(-3.66,-7.4742495208319,1.89083402055867));
#6805=CARTESIAN_POINT('Origin',(-3.81,-6.96824952083078,2.33896270224201));
#6806=CARTESIAN_POINT('Origin',(-4.21,-6.96824952083078,2.33896270224201));
#6807=CARTESIAN_POINT('Origin',(-3.81,-7.96424952082828,3.33503374772607));
#6808=CARTESIAN_POINT('',(-3.51,-7.96424952083199,1.85681042787229));
#6809=CARTESIAN_POINT('',(-3.66,-7.96424952083199,1.85681042787229));
#6810=CARTESIAN_POINT('',(-4.21,-7.96424952083199,1.85681042787229));
#6811=CARTESIAN_POINT('',(-4.21,-7.96424952082828,3.33503374772607));
#6812=CARTESIAN_POINT('',(-4.11,-7.96424952083199,1.85681042787229));
#6813=CARTESIAN_POINT('',(-4.17441479550056,-7.96424952083199,1.85681042787229));
#6814=CARTESIAN_POINT('',(-4.11,-7.96424952083384,1.12006723763735));
#6815=CARTESIAN_POINT('',(-4.11,-7.96424952083034,2.51344176122589));
#6816=CARTESIAN_POINT('',(-3.51,-7.96424952083384,1.12006723763735));
#6817=CARTESIAN_POINT('',(-3.81,-7.96424952083384,1.12006723763735));
#6818=CARTESIAN_POINT('',(-3.51,-7.96424952083505,0.636252968284028));
#6819=CARTESIAN_POINT('Origin',(-3.81,-8.47024952083384,1.12006723763862));
#6820=CARTESIAN_POINT('',(-3.51,-8.43519934657862,0.615282644683689));
#6821=CARTESIAN_POINT('Origin',(-3.51,-8.47024952083384,1.12006723763862));
#6822=CARTESIAN_POINT('',(-4.11,-8.43519934657862,0.615282644683689));
#6823=CARTESIAN_POINT('Origin',(-4.11,-8.47024952083384,1.12006723763862));
#6824=CARTESIAN_POINT('',(-3.81,-8.43519934657862,0.615282644683689));
#6825=CARTESIAN_POINT('Origin',(-3.81,-2.62613483117259,3.33500928059536));
#6826=CARTESIAN_POINT('',(-4.21,-4.5375,3.33500928059536));
#6827=CARTESIAN_POINT('',(-4.45,-4.5375,3.33500928059536));
#6828=CARTESIAN_POINT('',(-4.21,-2.62613483117259,3.33500928059536));
#6829=CARTESIAN_POINT('Origin',(-3.81,-10.2564418683499,0.488823024798257));
#6830=CARTESIAN_POINT('',(-3.51,-10.2225,0.));
#6831=CARTESIAN_POINT('',(-3.51,-10.2564418683499,0.488823024798257));
#6832=CARTESIAN_POINT('',(-3.51,-10.1678641932046,-0.786852393177223));
#6833=CARTESIAN_POINT('',(-4.11,-10.2564418683499,0.488823024798257));
#6834=CARTESIAN_POINT('',(-3.81,-10.2564418683499,0.488823024798257));
#6835=CARTESIAN_POINT('',(-4.11,-10.2225,0.));
#6836=CARTESIAN_POINT('',(-4.11,-10.2982084929729,1.09033639976496));
#6837=CARTESIAN_POINT('',(-3.81,-10.2225,0.));
#6838=CARTESIAN_POINT('Origin',(-3.81,-7.50819138918609,0.679650279702782));
#6839=CARTESIAN_POINT('',(-3.51,-8.88231662876801,0.584236652250519));
#6840=CARTESIAN_POINT('',(-4.11,-8.88231662876801,0.584236652250519));
#6841=CARTESIAN_POINT('Origin',(-3.81,-10.2225,0.));
#6842=CARTESIAN_POINT('',(-3.51,-7.71661910574734,0.175228262045243));
#6843=CARTESIAN_POINT('',(-3.51,-10.2230037927936,-3.52286239373167E-5));
#6844=CARTESIAN_POINT('',(-4.11,-7.71661910574734,0.175228262045243));
#6845=CARTESIAN_POINT('',(-4.11,-10.2220867489787,2.88973264507553E-5));
#6846=CARTESIAN_POINT('',(-3.81,-7.71661910574734,0.175228262045243));
#6847=CARTESIAN_POINT('Origin',(-3.81,-7.98024952083513,0.607125245411229));
#6848=CARTESIAN_POINT('Origin',(-3.51,-7.98024952083513,0.607125245411229));
#6849=CARTESIAN_POINT('Origin',(-4.11,-7.98024952083513,0.607125245411229));
#6850=CARTESIAN_POINT('Origin',(-4.21,-4.53750000000001,3.08999822498404));
#6851=CARTESIAN_POINT('',(-4.21,-7.40435036719625,1.89568753144117));
#6852=CARTESIAN_POINT('',(-4.21,-4.5375,1.54499911249202));
#6853=CARTESIAN_POINT('Origin',(-4.11,-10.339975117596,1.69184977473167));
#6854=CARTESIAN_POINT('',(-4.11,-10.339975117596,1.69184977473167));
#6855=CARTESIAN_POINT('Origin',(-4.53882959100112,-10.339975117596,1.69184977473167));
#6856=CARTESIAN_POINT('Origin',(-3.51,-10.0792865180592,-2.0625278111527));
#6857=CARTESIAN_POINT('',(-3.51,-10.339975117596,1.69184977473167));
#6858=CARTESIAN_POINT('Origin',(-3.51,-10.339975117596,1.69184977473167));
#6859=CARTESIAN_POINT('Origin',(5.09,-4.5375,-0.571752568986087));
#6860=CARTESIAN_POINT('Origin',(5.09,-4.5375,-0.571752568986087));
#6861=CARTESIAN_POINT('',(2.14,-4.5375,3.33500928059536));
#6862=CARTESIAN_POINT('',(2.94,-4.5375,3.33500928059536));
#6863=CARTESIAN_POINT('',(-1.275,-4.5375,3.33500928059536));
#6864=CARTESIAN_POINT('',(2.94,-4.5375,2.84498716937272));
#6865=CARTESIAN_POINT('',(2.94,-4.5375,0.881465250657649));
#6866=CARTESIAN_POINT('',(2.14,-4.5375,2.84498716937272));
#6867=CARTESIAN_POINT('',(-1.275,-4.5375,2.84498716937272));
#6868=CARTESIAN_POINT('',(2.14,-4.5375,1.54499911249202));
#6869=CARTESIAN_POINT('Origin',(2.84,-10.3399751175959,1.69184977473167));
#6870=CARTESIAN_POINT('',(2.94,-7.47424952083188,1.89083402055867));
#6871=CARTESIAN_POINT('',(2.84,-7.47424952083188,1.89083402055867));
#6872=CARTESIAN_POINT('',(2.69,-7.47424952083188,1.89083402055867));
#6873=CARTESIAN_POINT('',(2.94,-7.96424952082825,1.85681042787254));
#6874=CARTESIAN_POINT('',(2.94,-9.03344377990332,1.7825699585391));
#6875=CARTESIAN_POINT('',(2.84,-7.96424952083196,1.85681042787229));
#6876=CARTESIAN_POINT('',(2.69,-7.96424952083196,1.85681042787229));
#6877=CARTESIAN_POINT('',(2.84,-10.3399751175959,1.69184977473167));
#6878=CARTESIAN_POINT('Origin',(2.84,-10.0792865180592,-2.0625278111527));
#6879=CARTESIAN_POINT('',(2.84,-7.4742495208351,0.607125245409958));
#6880=CARTESIAN_POINT('',(2.84,-7.47424952083898,-0.93585027812736));
#6881=CARTESIAN_POINT('',(2.84,-7.96424952083382,1.12006723763735));
#6882=CARTESIAN_POINT('',(2.84,-7.96424952083503,0.636252968284028));
#6883=CARTESIAN_POINT('',(2.84,-8.43519934657859,0.615282644683689));
#6884=CARTESIAN_POINT('Origin',(2.84,-8.47024952083382,1.12006723763862));
#6885=CARTESIAN_POINT('',(2.84,-10.2564418683499,0.488823024798257));
#6886=CARTESIAN_POINT('',(2.84,-8.88231662876799,0.58423665225052));
#6887=CARTESIAN_POINT('',(2.84,-10.2225,0.));
#6888=CARTESIAN_POINT('',(2.84,-10.1678641932046,-0.786852393177223));
#6889=CARTESIAN_POINT('',(2.84,-7.71661910574731,0.175228262045243));
#6890=CARTESIAN_POINT('',(2.84,-10.2230037927936,-3.52286239375943E-5));
#6891=CARTESIAN_POINT('Origin',(2.84,-7.9802495208351,0.607125245411229));
#6892=CARTESIAN_POINT('Origin',(2.24,-10.3399751175959,1.69184977473167));
#6893=CARTESIAN_POINT('',(2.24,-8.43519934657859,0.615282644683689));
#6894=CARTESIAN_POINT('',(2.24,-10.2564418683499,0.488823024798257));
#6895=CARTESIAN_POINT('',(2.24,-8.88231662876799,0.584236652250519));
#6896=CARTESIAN_POINT('',(2.24,-7.96424952083382,1.12006723763735));
#6897=CARTESIAN_POINT('Origin',(2.24,-8.47024952083382,1.12006723763862));
#6898=CARTESIAN_POINT('',(2.24,-7.96424952083196,1.85681042787229));
#6899=CARTESIAN_POINT('',(2.24,-7.96424952083032,2.51344176122589));
#6900=CARTESIAN_POINT('',(2.24,-7.47424952083188,1.89083402055867));
#6901=CARTESIAN_POINT('',(2.24,-10.3399751175959,1.69184977473167));
#6902=CARTESIAN_POINT('',(2.24,-7.4742495208351,0.607125245409958));
#6903=CARTESIAN_POINT('',(2.24,-7.47424952083427,0.941338514814497));
#6904=CARTESIAN_POINT('',(2.24,-7.71661910574731,0.175228262045243));
#6905=CARTESIAN_POINT('Origin',(2.24,-7.9802495208351,0.607125245411229));
#6906=CARTESIAN_POINT('',(2.24,-10.2225,0.));
#6907=CARTESIAN_POINT('',(2.24,-10.2220867489787,2.88973264506165E-5));
#6908=CARTESIAN_POINT('',(2.24,-10.2982084929729,1.09033639976496));
#6909=CARTESIAN_POINT('Origin',(1.57,-10.3399751175959,1.69184977473167));
#6910=CARTESIAN_POINT('',(2.14,-7.96424952083196,1.85681042787229));
#6911=CARTESIAN_POINT('',(2.055,-7.96424952083196,1.85681042787229));
#6912=CARTESIAN_POINT('',(2.14,-7.47424952083188,1.89083402055867));
#6913=CARTESIAN_POINT('',(2.14,-7.40435036719623,1.89568753144117));
#6914=CARTESIAN_POINT('',(2.055,-7.47424952083188,1.89083402055867));
#6915=CARTESIAN_POINT('Origin',(2.54,-10.2564418683499,0.488823024798257));
#6916=CARTESIAN_POINT('',(2.54,-10.2564418683499,0.488823024798257));
#6917=CARTESIAN_POINT('',(2.54,-10.2225,0.));
#6918=CARTESIAN_POINT('Origin',(2.54,-7.50819138918607,0.679650279702782));
#6919=CARTESIAN_POINT('',(2.54,-8.43519934657859,0.615282644683689));
#6920=CARTESIAN_POINT('Origin',(2.54,-10.2225,0.));
#6921=CARTESIAN_POINT('',(2.54,-7.71661910574731,0.175228262045243));
#6922=CARTESIAN_POINT('Origin',(2.54,-7.9802495208351,0.607125245411229));
#6923=CARTESIAN_POINT('',(2.54,-7.4742495208351,0.607125245409958));
#6924=CARTESIAN_POINT('Origin',(2.54,-2.62613483117257,3.33500928059536));
#6925=CARTESIAN_POINT('',(2.14,-4.93348081682657,3.33500928059536));
#6926=CARTESIAN_POINT('',(2.14,-2.62613483117257,3.33500928059536));
#6927=CARTESIAN_POINT('',(2.94,-4.93348081682657,3.33500928059536));
#6928=CARTESIAN_POINT('',(2.54,-4.93348081682657,3.33500928059536));
#6929=CARTESIAN_POINT('',(2.94,-2.62613483117257,3.33500928059536));
#6930=CARTESIAN_POINT('Origin',(2.14,-4.53749999999999,3.08999822498404));
#6931=CARTESIAN_POINT('',(2.14,-7.96424952082952,2.82903374772734));
#6932=CARTESIAN_POINT('',(2.14,-7.96424952082825,3.33503374772607));
#6933=CARTESIAN_POINT('',(2.14,-7.45824952082952,3.33503374772607));
#6934=CARTESIAN_POINT('Origin',(2.14,-7.45824952082952,2.82903374772607));
#6935=CARTESIAN_POINT('',(2.14,-4.93348081682657,3.33503374772607));
#6936=CARTESIAN_POINT('',(2.14,-4.93348081682657,3.33503374772607));
#6937=CARTESIAN_POINT('',(2.14,-4.93348081682657,2.84496270224201));
#6938=CARTESIAN_POINT('',(2.14,-4.93348081682657,2.84498716937272));
#6939=CARTESIAN_POINT('',(2.14,-6.44886516882741,2.84498716937272));
#6940=CARTESIAN_POINT('',(2.14,-4.93348081682657,2.84496270224201));
#6941=CARTESIAN_POINT('',(2.14,-4.93348081682657,2.84496270224201));
#6942=CARTESIAN_POINT('',(2.14,-6.96824952083075,2.84496270224201));
#6943=CARTESIAN_POINT('',(2.14,-7.96424952082825,2.84496270224201));
#6944=CARTESIAN_POINT('',(2.14,-7.47424952083075,2.33896270224328));
#6945=CARTESIAN_POINT('Origin',(2.14,-6.96824952083075,2.33896270224201));
#6946=CARTESIAN_POINT('',(2.14,-7.47424952083615,0.190827254904525));
#6947=CARTESIAN_POINT('Origin',(2.54,-8.47024952083382,1.12006723763862));
#6948=CARTESIAN_POINT('',(2.54,-7.96424952083382,1.12006723763735));
#6949=CARTESIAN_POINT('Origin',(2.54,-7.96424952082825,3.33503374772607));
#6950=CARTESIAN_POINT('',(2.94,-7.96424952082825,2.82903374772734));
#6951=CARTESIAN_POINT('',(2.94,-7.96424952082825,3.33503374772607));
#6952=CARTESIAN_POINT('',(2.54,-7.96424952082952,2.82903374772734));
#6953=CARTESIAN_POINT('Origin',(2.54,-6.96824952083075,2.33896270224201));
#6954=CARTESIAN_POINT('',(2.94,-6.96824952083075,2.84496270224201));
#6955=CARTESIAN_POINT('',(2.94,-7.47424952083075,2.33896270224328));
#6956=CARTESIAN_POINT('Origin',(2.94,-6.96824952083075,2.33896270224201));
#6957=CARTESIAN_POINT('',(2.54,-7.47424952083075,2.33896270224328));
#6958=CARTESIAN_POINT('',(2.54,-6.96824952083075,2.84496270224201));
#6959=CARTESIAN_POINT('Origin',(2.54,-7.47424952083615,0.190827254904525));
#6960=CARTESIAN_POINT('',(2.94,-7.47424952083615,0.190827254904525));
#6961=CARTESIAN_POINT('Origin',(2.94,-7.7192495208322,1.7629305013153));
#6962=CARTESIAN_POINT('',(2.94,-4.93348081682657,2.84496270224201));
#6963=CARTESIAN_POINT('',(2.94,-7.96424952082825,2.84496270224201));
#6964=CARTESIAN_POINT('',(2.94,-4.93348081682657,2.84498716937272));
#6965=CARTESIAN_POINT('',(2.94,-4.93348081682657,2.84496270224201));
#6966=CARTESIAN_POINT('',(2.94,-6.44886516882741,2.84498716937272));
#6967=CARTESIAN_POINT('',(2.94,-4.93348081682657,3.33503374772607));
#6968=CARTESIAN_POINT('',(2.94,-4.93348081682657,2.84496270224201));
#6969=CARTESIAN_POINT('',(2.94,-7.45824952082952,3.33503374772607));
#6970=CARTESIAN_POINT('',(2.94,-4.93348081682657,3.33503374772607));
#6971=CARTESIAN_POINT('Origin',(2.94,-7.45824952082952,2.82903374772607));
#6972=CARTESIAN_POINT('Origin',(2.54,-7.45824952082952,2.82903374772607));
#6973=CARTESIAN_POINT('',(2.54,-7.45824952082952,3.33503374772607));
#6974=CARTESIAN_POINT('Origin',(2.54,-6.44886516882741,2.84498716937272));
#6975=CARTESIAN_POINT('',(2.54,-4.93348081682657,2.84498716937272));
#6976=CARTESIAN_POINT('Origin',(2.54,-4.93348081682657,2.84496270224201));
#6977=CARTESIAN_POINT('',(2.54,-4.93348081682657,2.84496270224201));
#6978=CARTESIAN_POINT('Origin',(2.54,-4.93348081682657,3.33503374772607));
#6979=CARTESIAN_POINT('',(2.54,-4.93348081682657,3.33503374772607));
#6980=CARTESIAN_POINT('Origin',(2.54,-7.96424952082825,2.84496270224201));
#6981=CARTESIAN_POINT('Origin',(2.54,-4.93348081682657,2.84496270224201));
#6982=CARTESIAN_POINT('Origin',(-1.27,-10.2564418683499,0.488823024798257));
#6983=CARTESIAN_POINT('',(-0.97,-10.2225,0.));
#6984=CARTESIAN_POINT('',(-0.97,-10.2564418683499,0.488823024798257));
#6985=CARTESIAN_POINT('',(-0.97,-10.1678641932046,-0.786852393177223));
#6986=CARTESIAN_POINT('',(-1.57,-10.2564418683499,0.488823024798257));
#6987=CARTESIAN_POINT('',(-1.27,-10.2564418683499,0.488823024798257));
#6988=CARTESIAN_POINT('',(-1.57,-10.2225,0.));
#6989=CARTESIAN_POINT('',(-1.57,-10.2982084929729,1.09033639976496));
#6990=CARTESIAN_POINT('',(-1.27,-10.2225,0.));
#6991=CARTESIAN_POINT('Origin',(-1.27,-7.50819138918608,0.679650279702782));
#6992=CARTESIAN_POINT('',(-0.97,-8.43519934657861,0.615282644683689));
#6993=CARTESIAN_POINT('',(-0.97,-8.882316628768,0.584236652250519));
#6994=CARTESIAN_POINT('',(-1.57,-8.43519934657861,0.615282644683689));
#6995=CARTESIAN_POINT('',(-1.27,-8.43519934657861,0.615282644683689));
#6996=CARTESIAN_POINT('',(-1.57,-8.882316628768,0.584236652250519));
#6997=CARTESIAN_POINT('Origin',(-1.27,-4.93348081682658,2.84496270224201));
#6998=CARTESIAN_POINT('',(-0.87,-4.93348081682658,3.33500928059536));
#6999=CARTESIAN_POINT('',(-1.67,-4.93348081682658,3.33500928059536));
#7000=CARTESIAN_POINT('',(-1.27,-4.93348081682658,3.33500928059536));
#7001=CARTESIAN_POINT('',(-1.67,-4.93348081682658,3.33503374772607));
#7002=CARTESIAN_POINT('',(-1.67,-4.93348081682658,2.84496270224201));
#7003=CARTESIAN_POINT('',(-0.87,-4.93348081682658,3.33503374772607));
#7004=CARTESIAN_POINT('',(-1.27,-4.93348081682658,3.33503374772607));
#7005=CARTESIAN_POINT('',(-0.87,-4.93348081682658,2.84496270224201));
#7006=CARTESIAN_POINT('Origin',(-1.27,-7.96424952082827,2.84496270224201));
#7007=CARTESIAN_POINT('',(-1.67,-6.96824952083077,2.84496270224201));
#7008=CARTESIAN_POINT('',(-0.87,-6.96824952083077,2.84496270224201));
#7009=CARTESIAN_POINT('',(-1.27,-6.96824952083077,2.84496270224201));
#7010=CARTESIAN_POINT('',(-1.67,-4.93348081682658,2.84496270224201));
#7011=CARTESIAN_POINT('',(-1.67,-7.96424952082827,2.84496270224201));
#7012=CARTESIAN_POINT('',(-0.87,-4.93348081682658,2.84496270224201));
#7013=CARTESIAN_POINT('',(-1.27,-4.93348081682658,2.84496270224201));
#7014=CARTESIAN_POINT('',(-0.87,-7.96424952082827,2.84496270224201));
#7015=CARTESIAN_POINT('Origin',(-1.27,-4.93348081682658,3.33503374772607));
#7016=CARTESIAN_POINT('',(-0.87,-7.45824952082954,3.33503374772607));
#7017=CARTESIAN_POINT('',(-1.67,-7.45824952082954,3.33503374772607));
#7018=CARTESIAN_POINT('',(-1.27,-7.45824952082954,3.33503374772607));
#7019=CARTESIAN_POINT('',(-0.87,-4.93348081682658,3.33503374772607));
#7020=CARTESIAN_POINT('',(-1.67,-4.93348081682658,3.33503374772607));
#7021=CARTESIAN_POINT('Origin',(-1.27,-4.93348081682658,2.84496270224201));
#7022=CARTESIAN_POINT('',(-1.67,-4.93348081682658,2.84498716937272));
#7023=CARTESIAN_POINT('',(-0.87,-4.93348081682658,2.84498716937272));
#7024=CARTESIAN_POINT('',(-1.27,-4.93348081682658,2.84498716937272));
#7025=CARTESIAN_POINT('',(-0.87,-4.93348081682658,2.84496270224201));
#7026=CARTESIAN_POINT('',(-1.67,-4.93348081682658,2.84496270224201));
#7027=CARTESIAN_POINT('Origin',(-1.27,-6.44886516882743,2.84498716937272));
#7028=CARTESIAN_POINT('',(-0.87,-4.5375,2.84498716937272));
#7029=CARTESIAN_POINT('',(-1.67,-4.5375,2.84498716937272));
#7030=CARTESIAN_POINT('',(-3.18,-4.5375,2.84498716937272));
#7031=CARTESIAN_POINT('',(-0.87,-6.44886516882743,2.84498716937272));
#7032=CARTESIAN_POINT('',(-1.67,-6.44886516882743,2.84498716937272));
#7033=CARTESIAN_POINT('Origin',(-1.27,-7.45824952082954,2.82903374772607));
#7034=CARTESIAN_POINT('',(-1.67,-7.96424952082954,2.82903374772734));
#7035=CARTESIAN_POINT('Origin',(-1.67,-7.45824952082954,2.82903374772607));
#7036=CARTESIAN_POINT('',(-0.87,-7.96424952082827,2.82903374772734));
#7037=CARTESIAN_POINT('',(-1.27,-7.96424952082954,2.82903374772734));
#7038=CARTESIAN_POINT('Origin',(-0.87,-7.45824952082954,2.82903374772607));
#7039=CARTESIAN_POINT('Origin',(-1.27,-6.96824952083077,2.33896270224201));
#7040=CARTESIAN_POINT('',(-0.87,-7.47424952083077,2.33896270224328));
#7041=CARTESIAN_POINT('Origin',(-0.87,-6.96824952083077,2.33896270224201));
#7042=CARTESIAN_POINT('',(-1.67,-7.47424952083077,2.33896270224328));
#7043=CARTESIAN_POINT('',(-1.27,-7.47424952083077,2.33896270224328));
#7044=CARTESIAN_POINT('Origin',(-1.67,-6.96824952083077,2.33896270224201));
#7045=CARTESIAN_POINT('Origin',(-1.27,-7.96424952082827,3.33503374772607));
#7046=CARTESIAN_POINT('',(-0.97,-7.96424952083198,1.85681042787229));
#7047=CARTESIAN_POINT('',(-0.87,-7.96424952082827,1.85681042787254));
#7048=CARTESIAN_POINT('',(-1.12,-7.96424952083198,1.85681042787229));
#7049=CARTESIAN_POINT('',(-0.87,-7.96424952082827,3.33503374772607));
#7050=CARTESIAN_POINT('',(-1.67,-7.96424952083198,1.85681042787229));
#7051=CARTESIAN_POINT('',(-1.67,-7.96424952082827,3.33503374772607));
#7052=CARTESIAN_POINT('',(-1.57,-7.96424952083198,1.85681042787229));
#7053=CARTESIAN_POINT('',(-1.755,-7.96424952083198,1.85681042787229));
#7054=CARTESIAN_POINT('',(-1.57,-7.96424952083383,1.12006723763735));
#7055=CARTESIAN_POINT('',(-1.57,-7.96424952083033,2.51344176122589));
#7056=CARTESIAN_POINT('',(-0.97,-7.96424952083383,1.12006723763735));
#7057=CARTESIAN_POINT('',(-1.27,-7.96424952083383,1.12006723763735));
#7058=CARTESIAN_POINT('',(-0.97,-7.96424952083505,0.636252968284028));
#7059=CARTESIAN_POINT('Origin',(-1.27,-8.47024952083383,1.12006723763862));
#7060=CARTESIAN_POINT('Origin',(-0.97,-8.47024952083383,1.12006723763862));
#7061=CARTESIAN_POINT('Origin',(-1.57,-8.47024952083383,1.12006723763862));
#7062=CARTESIAN_POINT('Origin',(-1.67,-4.53750000000001,3.08999822498404));
#7063=CARTESIAN_POINT('',(-1.67,-7.4742495208319,1.89083402055867));
#7064=CARTESIAN_POINT('',(-1.67,-7.40435036719625,1.89568753144117));
#7065=CARTESIAN_POINT('',(-1.67,-4.5375,3.33500928059536));
#7066=CARTESIAN_POINT('',(-1.67,-2.62613483117258,3.33500928059536));
#7067=CARTESIAN_POINT('',(-1.67,-4.5375,1.54499911249202));
#7068=CARTESIAN_POINT('',(-1.67,-7.47424952083616,0.190827254904525));
#7069=CARTESIAN_POINT('Origin',(-1.27,-2.62613483117258,3.33500928059536));
#7070=CARTESIAN_POINT('',(-0.87,-4.5375,3.33500928059536));
#7071=CARTESIAN_POINT('',(-3.18,-4.5375,3.33500928059536));
#7072=CARTESIAN_POINT('',(-0.87,-2.62613483117258,3.33500928059536));
#7073=CARTESIAN_POINT('Origin',(-1.27,-7.47424952083616,0.190827254904525));
#7074=CARTESIAN_POINT('',(-0.87,-7.4742495208319,1.89083402055867));
#7075=CARTESIAN_POINT('',(-0.97,-7.4742495208319,1.89083402055867));
#7076=CARTESIAN_POINT('',(-1.12,-7.4742495208319,1.89083402055867));
#7077=CARTESIAN_POINT('',(-0.97,-7.47424952083512,0.607125245409958));
#7078=CARTESIAN_POINT('',(-0.97,-7.47424952083899,-0.93585027812736));
#7079=CARTESIAN_POINT('',(-1.57,-7.47424952083512,0.607125245409958));
#7080=CARTESIAN_POINT('',(-1.27,-7.47424952083512,0.607125245409958));
#7081=CARTESIAN_POINT('',(-1.57,-7.4742495208319,1.89083402055867));
#7082=CARTESIAN_POINT('',(-1.57,-7.47424952083428,0.941338514814497));
#7083=CARTESIAN_POINT('',(-1.755,-7.4742495208319,1.89083402055867));
#7084=CARTESIAN_POINT('',(-0.87,-7.47424952083616,0.190827254904525));
#7085=CARTESIAN_POINT('Origin',(-1.27,-7.98024952083512,0.607125245411229));
#7086=CARTESIAN_POINT('',(-0.97,-7.71661910574733,0.175228262045243));
#7087=CARTESIAN_POINT('Origin',(-0.97,-7.98024952083512,0.607125245411229));
#7088=CARTESIAN_POINT('',(-1.57,-7.71661910574733,0.175228262045243));
#7089=CARTESIAN_POINT('',(-1.27,-7.71661910574733,0.175228262045243));
#7090=CARTESIAN_POINT('Origin',(-1.57,-7.98024952083512,0.607125245411229));
#7091=CARTESIAN_POINT('Origin',(-1.27,-10.2225,0.));
#7092=CARTESIAN_POINT('',(-0.97,-10.2230037927936,-3.52286239373167E-5));
#7093=CARTESIAN_POINT('',(-1.57,-10.2220867489787,2.88973264507553E-5));
#7094=CARTESIAN_POINT('Origin',(-0.87,-7.71924952083222,1.7629305013153));
#7095=CARTESIAN_POINT('',(-0.87,-9.03344377990333,1.7825699585391));
#7096=CARTESIAN_POINT('',(-0.87,-4.5375,0.881465250657649));
#7097=CARTESIAN_POINT('Origin',(-2.24,-10.339975117596,1.69184977473167));
#7098=CARTESIAN_POINT('',(-1.57,-10.339975117596,1.69184977473167));
#7099=CARTESIAN_POINT('Origin',(-1.57,-10.339975117596,1.69184977473167));
#7100=CARTESIAN_POINT('Origin',(-0.97,-10.0792865180592,-2.0625278111527));
#7101=CARTESIAN_POINT('',(-0.97,-10.339975117596,1.69184977473167));
#7102=CARTESIAN_POINT('Origin',(-0.97,-10.339975117596,1.69184977473167));
#7103=CARTESIAN_POINT('Origin',(5.09,-4.5375,-0.571752568986087));
#7104=CARTESIAN_POINT('Origin',(5.09,-4.5375,-0.571752568986087));
#7105=CARTESIAN_POINT('',(4.21,-4.5375,3.33500928059536));
#7106=CARTESIAN_POINT('',(4.21,-4.5375,2.84498716937272));
#7107=CARTESIAN_POINT('',(4.21,-4.5375,0.881465250657649));
#7108=CARTESIAN_POINT('',(3.41,-4.5375,2.84498716937272));
#7109=CARTESIAN_POINT('',(-0.64,-4.5375,2.84498716937272));
#7110=CARTESIAN_POINT('',(3.41,-4.5375,3.33500928059536));
#7111=CARTESIAN_POINT('',(3.41,-4.5375,1.54499911249202));
#7112=CARTESIAN_POINT('',(-0.64,-4.5375,3.33500928059536));
#7113=CARTESIAN_POINT('Origin',(3.51,-10.3399751175959,1.69184977473167));
#7114=CARTESIAN_POINT('',(3.51,-8.43519934657859,0.615282644683689));
#7115=CARTESIAN_POINT('',(3.51,-10.2564418683499,0.488823024798257));
#7116=CARTESIAN_POINT('',(3.51,-8.88231662876798,0.584236652250519));
#7117=CARTESIAN_POINT('',(3.51,-7.96424952083381,1.12006723763735));
#7118=CARTESIAN_POINT('Origin',(3.51,-8.47024952083381,1.12006723763862));
#7119=CARTESIAN_POINT('',(3.51,-7.96424952083196,1.85681042787229));
#7120=CARTESIAN_POINT('',(3.51,-7.96424952083031,2.51344176122589));
#7121=CARTESIAN_POINT('',(3.51,-7.47424952083188,1.89083402055867));
#7122=CARTESIAN_POINT('',(3.51,-10.3399751175959,1.69184977473167));
#7123=CARTESIAN_POINT('',(3.51,-7.4742495208351,0.607125245409958));
#7124=CARTESIAN_POINT('',(3.51,-7.47424952083426,0.941338514814497));
#7125=CARTESIAN_POINT('',(3.51,-7.71661910574731,0.175228262045243));
#7126=CARTESIAN_POINT('Origin',(3.51,-7.9802495208351,0.607125245411229));
#7127=CARTESIAN_POINT('',(3.51,-10.2225,0.));
#7128=CARTESIAN_POINT('',(3.51,-10.2220867489787,2.88973264506165E-5));
#7129=CARTESIAN_POINT('',(3.51,-10.2982084929729,1.09033639976496));
#7130=CARTESIAN_POINT('Origin',(2.84,-10.3399751175959,1.69184977473167));
#7131=CARTESIAN_POINT('',(3.41,-7.96424952083196,1.85681042787229));
#7132=CARTESIAN_POINT('',(3.325,-7.96424952083196,1.85681042787229));
#7133=CARTESIAN_POINT('',(3.41,-7.47424952083188,1.89083402055867));
#7134=CARTESIAN_POINT('',(3.41,-7.40435036719623,1.89568753144117));
#7135=CARTESIAN_POINT('',(3.325,-7.47424952083188,1.89083402055867));
#7136=CARTESIAN_POINT('Origin',(4.11,-10.3399751175959,1.69184977473167));
#7137=CARTESIAN_POINT('',(4.11,-7.96424952083196,1.85681042787229));
#7138=CARTESIAN_POINT('',(4.21,-7.96424952082825,1.85681042787254));
#7139=CARTESIAN_POINT('',(3.96,-7.96424952083196,1.85681042787229));
#7140=CARTESIAN_POINT('',(4.11,-7.47424952083188,1.89083402055867));
#7141=CARTESIAN_POINT('',(4.11,-10.3399751175959,1.69184977473167));
#7142=CARTESIAN_POINT('',(4.21,-7.47424952083188,1.89083402055867));
#7143=CARTESIAN_POINT('',(3.96,-7.47424952083188,1.89083402055867));
#7144=CARTESIAN_POINT('',(4.21,-9.03344377990331,1.7825699585391));
#7145=CARTESIAN_POINT('Origin',(4.11,-10.0792865180592,-2.0625278111527));
#7146=CARTESIAN_POINT('',(4.11,-7.96424952083381,1.12006723763735));
#7147=CARTESIAN_POINT('',(4.11,-7.96424952083503,0.636252968284028));
#7148=CARTESIAN_POINT('',(4.11,-8.43519934657859,0.615282644683689));
#7149=CARTESIAN_POINT('Origin',(4.11,-8.47024952083381,1.12006723763862));
#7150=CARTESIAN_POINT('',(4.11,-10.2564418683499,0.488823024798257));
#7151=CARTESIAN_POINT('',(4.11,-8.88231662876798,0.58423665225052));
#7152=CARTESIAN_POINT('',(4.11,-10.2225,0.));
#7153=CARTESIAN_POINT('',(4.11,-10.1678641932045,-0.786852393177223));
#7154=CARTESIAN_POINT('',(4.11,-7.71661910574731,0.175228262045243));
#7155=CARTESIAN_POINT('',(4.11,-10.2230037927936,-3.52286239375943E-5));
#7156=CARTESIAN_POINT('',(4.11,-7.4742495208351,0.607125245409958));
#7157=CARTESIAN_POINT('Origin',(4.11,-7.9802495208351,0.607125245411229));
#7158=CARTESIAN_POINT('',(4.11,-7.47424952083898,-0.93585027812736));
#7159=CARTESIAN_POINT('Origin',(4.21,-7.7192495208322,1.7629305013153));
#7160=CARTESIAN_POINT('',(4.21,-7.47424952083075,2.33896270224328));
#7161=CARTESIAN_POINT('',(4.21,-7.47424952083615,0.190827254904525));
#7162=CARTESIAN_POINT('',(4.21,-6.96824952083075,2.84496270224201));
#7163=CARTESIAN_POINT('Origin',(4.21,-6.96824952083075,2.33896270224201));
#7164=CARTESIAN_POINT('',(4.21,-4.93348081682656,2.84496270224201));
#7165=CARTESIAN_POINT('',(4.21,-7.96424952082825,2.84496270224201));
#7166=CARTESIAN_POINT('',(4.21,-4.93348081682656,2.84498716937272));
#7167=CARTESIAN_POINT('',(4.21,-4.93348081682656,2.84496270224201));
#7168=CARTESIAN_POINT('',(4.21,-6.44886516882741,2.84498716937272));
#7169=CARTESIAN_POINT('',(4.21,-4.93348081682656,3.33500928059536));
#7170=CARTESIAN_POINT('',(4.21,-2.62613483117257,3.33500928059536));
#7171=CARTESIAN_POINT('',(4.21,-4.93348081682656,3.33503374772607));
#7172=CARTESIAN_POINT('',(4.21,-4.93348081682656,2.84496270224201));
#7173=CARTESIAN_POINT('',(4.21,-7.45824952082952,3.33503374772607));
#7174=CARTESIAN_POINT('',(4.21,-4.93348081682656,3.33503374772607));
#7175=CARTESIAN_POINT('',(4.21,-7.96424952082825,2.82903374772734));
#7176=CARTESIAN_POINT('Origin',(4.21,-7.45824952082952,2.82903374772607));
#7177=CARTESIAN_POINT('',(4.21,-7.96424952082825,3.33503374772607));
#7178=CARTESIAN_POINT('Origin',(3.81,-7.47424952083615,0.190827254904525));
#7179=CARTESIAN_POINT('',(3.41,-7.47424952083075,2.33896270224328));
#7180=CARTESIAN_POINT('',(3.41,-7.47424952083615,0.190827254904525));
#7181=CARTESIAN_POINT('',(3.81,-7.47424952083075,2.33896270224328));
#7182=CARTESIAN_POINT('',(3.81,-7.4742495208351,0.607125245409958));
#7183=CARTESIAN_POINT('Origin',(3.81,-7.9802495208351,0.607125245411229));
#7184=CARTESIAN_POINT('',(3.81,-7.71661910574731,0.175228262045243));
#7185=CARTESIAN_POINT('Origin',(3.81,-10.2225,0.));
#7186=CARTESIAN_POINT('',(3.81,-10.2225,0.));
#7187=CARTESIAN_POINT('Origin',(3.81,-10.2564418683499,0.488823024798257));
#7188=CARTESIAN_POINT('',(3.81,-10.2564418683499,0.488823024798257));
#7189=CARTESIAN_POINT('Origin',(3.81,-2.62613483117257,3.33500928059536));
#7190=CARTESIAN_POINT('',(3.41,-4.93348081682656,3.33500928059536));
#7191=CARTESIAN_POINT('',(3.41,-2.62613483117257,3.33500928059536));
#7192=CARTESIAN_POINT('',(3.81,-4.93348081682656,3.33500928059536));
#7193=CARTESIAN_POINT('Origin',(3.41,-4.53749999999999,3.08999822498404));
#7194=CARTESIAN_POINT('',(3.41,-7.96424952082952,2.82903374772734));
#7195=CARTESIAN_POINT('',(3.41,-7.96424952082825,3.33503374772607));
#7196=CARTESIAN_POINT('',(3.41,-7.45824952082952,3.33503374772607));
#7197=CARTESIAN_POINT('Origin',(3.41,-7.45824952082952,2.82903374772607));
#7198=CARTESIAN_POINT('',(3.41,-4.93348081682656,3.33503374772607));
#7199=CARTESIAN_POINT('',(3.41,-4.93348081682656,3.33503374772607));
#7200=CARTESIAN_POINT('',(3.41,-4.93348081682656,2.84496270224201));
#7201=CARTESIAN_POINT('',(3.41,-4.93348081682656,2.84498716937272));
#7202=CARTESIAN_POINT('',(3.41,-6.44886516882741,2.84498716937272));
#7203=CARTESIAN_POINT('',(3.41,-4.93348081682656,2.84496270224201));
#7204=CARTESIAN_POINT('',(3.41,-4.93348081682656,2.84496270224201));
#7205=CARTESIAN_POINT('',(3.41,-6.96824952083075,2.84496270224201));
#7206=CARTESIAN_POINT('',(3.41,-7.96424952082825,2.84496270224201));
#7207=CARTESIAN_POINT('Origin',(3.41,-6.96824952083075,2.33896270224201));
#7208=CARTESIAN_POINT('Origin',(3.81,-8.47024952083381,1.12006723763862));
#7209=CARTESIAN_POINT('',(3.81,-8.43519934657859,0.615282644683689));
#7210=CARTESIAN_POINT('',(3.81,-7.96424952083381,1.12006723763735));
#7211=CARTESIAN_POINT('Origin',(3.81,-7.96424952082825,3.33503374772607));
#7212=CARTESIAN_POINT('',(3.81,-7.96424952082952,2.82903374772734));
#7213=CARTESIAN_POINT('Origin',(3.81,-6.96824952083075,2.33896270224201));
#7214=CARTESIAN_POINT('',(3.81,-6.96824952083075,2.84496270224201));
#7215=CARTESIAN_POINT('Origin',(3.81,-7.45824952082952,2.82903374772607));
#7216=CARTESIAN_POINT('',(3.81,-7.45824952082952,3.33503374772607));
#7217=CARTESIAN_POINT('Origin',(3.81,-6.44886516882741,2.84498716937272));
#7218=CARTESIAN_POINT('',(3.81,-4.93348081682656,2.84498716937272));
#7219=CARTESIAN_POINT('Origin',(3.81,-4.93348081682656,2.84496270224201));
#7220=CARTESIAN_POINT('',(3.81,-4.93348081682656,2.84496270224201));
#7221=CARTESIAN_POINT('Origin',(3.81,-4.93348081682656,3.33503374772607));
#7222=CARTESIAN_POINT('',(3.81,-4.93348081682656,3.33503374772607));
#7223=CARTESIAN_POINT('Origin',(3.81,-7.96424952082825,2.84496270224201));
#7224=CARTESIAN_POINT('Origin',(3.81,-4.93348081682656,2.84496270224201));
#7225=CARTESIAN_POINT('Origin',(3.81,-7.50819138918606,0.679650279702782));
#7226=CARTESIAN_POINT('Origin',(1.27,-4.93348081682657,2.84496270224201));
#7227=CARTESIAN_POINT('',(1.67,-4.93348081682657,3.33500928059536));
#7228=CARTESIAN_POINT('',(0.87,-4.93348081682657,3.33500928059536));
#7229=CARTESIAN_POINT('',(1.27,-4.93348081682657,3.33500928059536));
#7230=CARTESIAN_POINT('',(0.87,-4.93348081682657,3.33503374772607));
#7231=CARTESIAN_POINT('',(0.87,-4.93348081682657,2.84496270224201));
#7232=CARTESIAN_POINT('',(1.67,-4.93348081682657,3.33503374772607));
#7233=CARTESIAN_POINT('',(1.27,-4.93348081682657,3.33503374772607));
#7234=CARTESIAN_POINT('',(1.67,-4.93348081682657,2.84496270224201));
#7235=CARTESIAN_POINT('Origin',(1.27,-7.96424952082826,2.84496270224201));
#7236=CARTESIAN_POINT('',(0.87,-6.96824952083076,2.84496270224201));
#7237=CARTESIAN_POINT('',(1.67,-6.96824952083076,2.84496270224201));
#7238=CARTESIAN_POINT('',(1.27,-6.96824952083076,2.84496270224201));
#7239=CARTESIAN_POINT('',(0.87,-4.93348081682657,2.84496270224201));
#7240=CARTESIAN_POINT('',(0.87,-7.96424952082826,2.84496270224201));
#7241=CARTESIAN_POINT('',(1.67,-4.93348081682657,2.84496270224201));
#7242=CARTESIAN_POINT('',(1.27,-4.93348081682657,2.84496270224201));
#7243=CARTESIAN_POINT('',(1.67,-7.96424952082826,2.84496270224201));
#7244=CARTESIAN_POINT('Origin',(1.27,-4.93348081682657,3.33503374772607));
#7245=CARTESIAN_POINT('',(1.67,-7.45824952082953,3.33503374772607));
#7246=CARTESIAN_POINT('',(0.87,-7.45824952082953,3.33503374772607));
#7247=CARTESIAN_POINT('',(1.27,-7.45824952082953,3.33503374772607));
#7248=CARTESIAN_POINT('',(1.67,-4.93348081682657,3.33503374772607));
#7249=CARTESIAN_POINT('',(0.87,-4.93348081682657,3.33503374772607));
#7250=CARTESIAN_POINT('Origin',(1.27,-4.93348081682657,2.84496270224201));
#7251=CARTESIAN_POINT('',(0.87,-4.93348081682657,2.84498716937272));
#7252=CARTESIAN_POINT('',(1.67,-4.93348081682657,2.84498716937272));
#7253=CARTESIAN_POINT('',(1.27,-4.93348081682657,2.84498716937272));
#7254=CARTESIAN_POINT('',(1.67,-4.93348081682657,2.84496270224201));
#7255=CARTESIAN_POINT('',(0.87,-4.93348081682657,2.84496270224201));
#7256=CARTESIAN_POINT('Origin',(1.27,-6.44886516882742,2.84498716937272));
#7257=CARTESIAN_POINT('',(1.67,-4.5375,2.84498716937272));
#7258=CARTESIAN_POINT('',(0.87,-4.5375,2.84498716937272));
#7259=CARTESIAN_POINT('',(-1.91,-4.5375,2.84498716937272));
#7260=CARTESIAN_POINT('',(1.67,-6.44886516882742,2.84498716937272));
#7261=CARTESIAN_POINT('',(0.87,-6.44886516882742,2.84498716937272));
#7262=CARTESIAN_POINT('Origin',(1.27,-7.45824952082953,2.82903374772607));
#7263=CARTESIAN_POINT('',(0.87,-7.96424952082953,2.82903374772734));
#7264=CARTESIAN_POINT('Origin',(0.87,-7.45824952082953,2.82903374772607));
#7265=CARTESIAN_POINT('',(1.67,-7.96424952082826,2.82903374772734));
#7266=CARTESIAN_POINT('',(1.27,-7.96424952082953,2.82903374772734));
#7267=CARTESIAN_POINT('Origin',(1.67,-7.45824952082953,2.82903374772607));
#7268=CARTESIAN_POINT('Origin',(1.67,-7.71924952083221,1.7629305013153));
#7269=CARTESIAN_POINT('',(1.67,-7.96424952082826,1.85681042787254));
#7270=CARTESIAN_POINT('',(1.67,-7.47424952083188,1.89083402055867));
#7271=CARTESIAN_POINT('',(1.67,-9.03344377990332,1.7825699585391));
#7272=CARTESIAN_POINT('',(1.67,-7.47424952083076,2.33896270224328));
#7273=CARTESIAN_POINT('',(1.67,-7.47424952083616,0.190827254904525));
#7274=CARTESIAN_POINT('Origin',(1.67,-6.96824952083076,2.33896270224201));
#7275=CARTESIAN_POINT('',(1.67,-4.5375,3.33500928059536));
#7276=CARTESIAN_POINT('',(1.67,-4.5375,0.881465250657649));
#7277=CARTESIAN_POINT('',(1.67,-2.62613483117257,3.33500928059536));
#7278=CARTESIAN_POINT('',(1.67,-7.96424952082826,3.33503374772607));
#7279=CARTESIAN_POINT('Origin',(1.27,-7.47424952083616,0.190827254904525));
#7280=CARTESIAN_POINT('',(1.57,-7.47424952083189,1.89083402055867));
#7281=CARTESIAN_POINT('',(1.57,-7.47424952083511,0.607125245409958));
#7282=CARTESIAN_POINT('',(1.57,-7.47424952083898,-0.93585027812736));
#7283=CARTESIAN_POINT('',(0.97,-7.47424952083511,0.607125245409958));
#7284=CARTESIAN_POINT('',(1.27,-7.47424952083511,0.607125245409958));
#7285=CARTESIAN_POINT('',(0.97,-7.47424952083189,1.89083402055867));
#7286=CARTESIAN_POINT('',(0.97,-7.47424952083427,0.941338514814497));
#7287=CARTESIAN_POINT('',(0.87,-7.47424952083188,1.89083402055867));
#7288=CARTESIAN_POINT('',(0.905585204499441,-7.47424952083188,1.89083402055867));
#7289=CARTESIAN_POINT('',(0.87,-7.47424952083076,2.33896270224328));
#7290=CARTESIAN_POINT('',(0.87,-7.47424952083616,0.190827254904525));
#7291=CARTESIAN_POINT('',(1.27,-7.47424952083076,2.33896270224328));
#7292=CARTESIAN_POINT('',(1.42,-7.47424952083188,1.89083402055867));
#7293=CARTESIAN_POINT('Origin',(1.27,-6.96824952083076,2.33896270224201));
#7294=CARTESIAN_POINT('Origin',(0.87,-6.96824952083076,2.33896270224201));
#7295=CARTESIAN_POINT('Origin',(1.27,-7.96424952082826,3.33503374772607));
#7296=CARTESIAN_POINT('',(1.57,-7.96424952083197,1.85681042787229));
#7297=CARTESIAN_POINT('',(1.42,-7.96424952083197,1.85681042787229));
#7298=CARTESIAN_POINT('',(0.87,-7.96424952083197,1.85681042787229));
#7299=CARTESIAN_POINT('',(0.87,-7.96424952082826,3.33503374772607));
#7300=CARTESIAN_POINT('',(0.97,-7.96424952083197,1.85681042787229));
#7301=CARTESIAN_POINT('',(0.905585204499441,-7.96424952083197,1.85681042787229));
#7302=CARTESIAN_POINT('',(0.97,-7.96424952083382,1.12006723763735));
#7303=CARTESIAN_POINT('',(0.97,-7.96424952083032,2.51344176122589));
#7304=CARTESIAN_POINT('',(1.57,-7.96424952083382,1.12006723763735));
#7305=CARTESIAN_POINT('',(1.27,-7.96424952083382,1.12006723763735));
#7306=CARTESIAN_POINT('',(1.57,-7.96424952083504,0.636252968284028));
#7307=CARTESIAN_POINT('Origin',(1.27,-8.47024952083382,1.12006723763862));
#7308=CARTESIAN_POINT('',(1.57,-8.4351993465786,0.615282644683689));
#7309=CARTESIAN_POINT('Origin',(1.57,-8.47024952083382,1.12006723763862));
#7310=CARTESIAN_POINT('',(0.97,-8.4351993465786,0.615282644683689));
#7311=CARTESIAN_POINT('Origin',(0.97,-8.47024952083382,1.12006723763862));
#7312=CARTESIAN_POINT('',(1.27,-8.4351993465786,0.615282644683689));
#7313=CARTESIAN_POINT('Origin',(1.27,-2.62613483117257,3.33500928059536));
#7314=CARTESIAN_POINT('',(0.87,-4.5375,3.33500928059536));
#7315=CARTESIAN_POINT('',(-1.91,-4.5375,3.33500928059536));
#7316=CARTESIAN_POINT('',(0.87,-2.62613483117257,3.33500928059536));
#7317=CARTESIAN_POINT('Origin',(1.27,-10.2564418683499,0.488823024798257));
#7318=CARTESIAN_POINT('',(1.57,-10.2225,0.));
#7319=CARTESIAN_POINT('',(1.57,-10.2564418683499,0.488823024798257));
#7320=CARTESIAN_POINT('',(1.57,-10.1678641932046,-0.786852393177223));
#7321=CARTESIAN_POINT('',(0.97,-10.2564418683499,0.488823024798257));
#7322=CARTESIAN_POINT('',(1.27,-10.2564418683499,0.488823024798257));
#7323=CARTESIAN_POINT('',(0.97,-10.2225,0.));
#7324=CARTESIAN_POINT('',(0.97,-10.2982084929729,1.09033639976496));
#7325=CARTESIAN_POINT('',(1.27,-10.2225,0.));
#7326=CARTESIAN_POINT('Origin',(1.27,-7.50819138918607,0.679650279702782));
#7327=CARTESIAN_POINT('',(1.57,-8.882316628768,0.584236652250519));
#7328=CARTESIAN_POINT('',(0.97,-8.882316628768,0.584236652250519));
#7329=CARTESIAN_POINT('Origin',(1.27,-10.2225,0.));
#7330=CARTESIAN_POINT('',(1.57,-7.71661910574732,0.175228262045243));
#7331=CARTESIAN_POINT('',(1.57,-10.2230037927936,-3.52286239373167E-5));
#7332=CARTESIAN_POINT('',(0.97,-7.71661910574732,0.175228262045243));
#7333=CARTESIAN_POINT('',(0.97,-10.2220867489787,2.88973264507553E-5));
#7334=CARTESIAN_POINT('',(1.27,-7.71661910574732,0.175228262045243));
#7335=CARTESIAN_POINT('Origin',(1.27,-7.98024952083511,0.607125245411229));
#7336=CARTESIAN_POINT('Origin',(1.57,-7.98024952083511,0.607125245411229));
#7337=CARTESIAN_POINT('Origin',(0.97,-7.98024952083511,0.607125245411229));
#7338=CARTESIAN_POINT('Origin',(0.87,-4.5375,3.08999822498404));
#7339=CARTESIAN_POINT('',(0.87,-7.40435036719623,1.89568753144117));
#7340=CARTESIAN_POINT('',(0.87,-4.5375,1.54499911249202));
#7341=CARTESIAN_POINT('Origin',(0.97,-10.3399751175959,1.69184977473167));
#7342=CARTESIAN_POINT('',(0.97,-10.3399751175959,1.69184977473167));
#7343=CARTESIAN_POINT('Origin',(0.541170408998881,-10.3399751175959,1.69184977473167));
#7344=CARTESIAN_POINT('Origin',(1.57,-10.0792865180592,-2.0625278111527));
#7345=CARTESIAN_POINT('',(1.57,-10.3399751175959,1.69184977473167));
#7346=CARTESIAN_POINT('Origin',(1.57,-10.3399751175959,1.69184977473167));
#7347=CARTESIAN_POINT('Origin',(5.09,-4.5375,-0.571752568986087));
#7348=CARTESIAN_POINT('Origin',(5.09,-4.5375,-0.571752568986087));
#7349=CARTESIAN_POINT('',(0.4,-4.5375,3.33500928059536));
#7350=CARTESIAN_POINT('',(0.4,-4.5375,2.84498716937272));
#7351=CARTESIAN_POINT('',(0.4,-4.5375,0.881465250657649));
#7352=CARTESIAN_POINT('',(-0.4,-4.5375,2.84498716937272));
#7353=CARTESIAN_POINT('',(-2.545,-4.5375,2.84498716937272));
#7354=CARTESIAN_POINT('',(-0.4,-4.5375,3.33500928059536));
#7355=CARTESIAN_POINT('',(-0.4,-4.5375,1.54499911249202));
#7356=CARTESIAN_POINT('',(-2.545,-4.5375,3.33500928059536));
#7357=CARTESIAN_POINT('Origin',(-0.728829591001119,-10.339975117596,1.69184977473167));
#7358=CARTESIAN_POINT('',(-0.3,-7.47424952083189,1.89083402055867));
#7359=CARTESIAN_POINT('',(-0.4,-7.47424952083189,1.89083402055867));
#7360=CARTESIAN_POINT('',(-0.364414795500559,-7.47424952083189,1.89083402055867));
#7361=CARTESIAN_POINT('',(-0.3,-7.96424952083197,1.85681042787229));
#7362=CARTESIAN_POINT('',(-0.3,-10.339975117596,1.69184977473167));
#7363=CARTESIAN_POINT('',(-0.4,-7.96424952083197,1.85681042787229));
#7364=CARTESIAN_POINT('',(-0.364414795500559,-7.96424952083197,1.85681042787229));
#7365=CARTESIAN_POINT('',(-0.4,-7.40435036719624,1.89568753144117));
#7366=CARTESIAN_POINT('Origin',(-0.3,-10.3399751175959,1.69184977473167));
#7367=CARTESIAN_POINT('',(-0.3,-7.47424952083511,0.607125245409958));
#7368=CARTESIAN_POINT('',(-0.3,-7.47424952083427,0.941338514814497));
#7369=CARTESIAN_POINT('',(-0.3,-7.71661910574732,0.175228262045243));
#7370=CARTESIAN_POINT('Origin',(-0.3,-7.98024952083511,0.607125245411229));
#7371=CARTESIAN_POINT('',(-0.3,-10.2225,0.));
#7372=CARTESIAN_POINT('',(-0.3,-10.2220867489787,2.88973264507553E-5));
#7373=CARTESIAN_POINT('',(-0.3,-10.2564418683499,0.488823024798257));
#7374=CARTESIAN_POINT('',(-0.3,-10.2982084929729,1.09033639976496));
#7375=CARTESIAN_POINT('',(-0.3,-8.4351993465786,0.615282644683689));
#7376=CARTESIAN_POINT('',(-0.3,-8.882316628768,0.584236652250519));
#7377=CARTESIAN_POINT('',(-0.3,-7.96424952083382,1.12006723763735));
#7378=CARTESIAN_POINT('Origin',(-0.3,-8.47024952083382,1.12006723763862));
#7379=CARTESIAN_POINT('',(-0.3,-7.96424952083033,2.51344176122589));
#7380=CARTESIAN_POINT('Origin',(0.3,-10.339975117596,1.69184977473167));
#7381=CARTESIAN_POINT('',(0.3,-7.96424952083197,1.85681042787229));
#7382=CARTESIAN_POINT('',(0.4,-7.96424952082826,1.85681042787254));
#7383=CARTESIAN_POINT('',(0.15,-7.96424952083197,1.85681042787229));
#7384=CARTESIAN_POINT('',(0.3,-7.47424952083189,1.89083402055867));
#7385=CARTESIAN_POINT('',(0.3,-10.339975117596,1.69184977473167));
#7386=CARTESIAN_POINT('',(0.4,-7.47424952083189,1.89083402055867));
#7387=CARTESIAN_POINT('',(0.15,-7.47424952083189,1.89083402055867));
#7388=CARTESIAN_POINT('',(0.4,-9.03344377990333,1.7825699585391));
#7389=CARTESIAN_POINT('Origin',(0.3,-10.0792865180592,-2.0625278111527));
#7390=CARTESIAN_POINT('',(0.3,-7.96424952083382,1.12006723763735));
#7391=CARTESIAN_POINT('',(0.3,-7.96424952083504,0.636252968284028));
#7392=CARTESIAN_POINT('',(0.3,-8.4351993465786,0.615282644683689));
#7393=CARTESIAN_POINT('Origin',(0.3,-8.47024952083382,1.12006723763862));
#7394=CARTESIAN_POINT('',(0.3,-10.2564418683499,0.488823024798257));
#7395=CARTESIAN_POINT('',(0.3,-8.882316628768,0.584236652250519));
#7396=CARTESIAN_POINT('',(0.3,-10.2225,0.));
#7397=CARTESIAN_POINT('',(0.3,-10.1678641932046,-0.786852393177223));
#7398=CARTESIAN_POINT('',(0.3,-7.71661910574732,0.175228262045243));
#7399=CARTESIAN_POINT('',(0.3,-10.2230037927936,-3.52286239373167E-5));
#7400=CARTESIAN_POINT('',(0.3,-7.47424952083511,0.607125245409958));
#7401=CARTESIAN_POINT('Origin',(0.3,-7.98024952083511,0.607125245411229));
#7402=CARTESIAN_POINT('',(0.3,-7.47424952083899,-0.93585027812736));
#7403=CARTESIAN_POINT('Origin',(-0.4,-4.5375,3.08999822498404));
#7404=CARTESIAN_POINT('',(-0.4,-7.96424952082953,2.82903374772734));
#7405=CARTESIAN_POINT('',(-0.4,-7.96424952082826,3.33503374772607));
#7406=CARTESIAN_POINT('',(-0.4,-7.45824952082953,3.33503374772607));
#7407=CARTESIAN_POINT('Origin',(-0.4,-7.45824952082953,2.82903374772607));
#7408=CARTESIAN_POINT('',(-0.4,-4.93348081682658,3.33503374772607));
#7409=CARTESIAN_POINT('',(-0.4,-4.93348081682658,3.33503374772607));
#7410=CARTESIAN_POINT('',(-0.4,-4.93348081682658,3.33500928059536));
#7411=CARTESIAN_POINT('',(-0.4,-4.93348081682658,2.84496270224201));
#7412=CARTESIAN_POINT('',(-0.4,-2.62613483117258,3.33500928059536));
#7413=CARTESIAN_POINT('',(-0.4,-4.93348081682658,2.84498716937272));
#7414=CARTESIAN_POINT('',(-0.4,-6.44886516882742,2.84498716937272));
#7415=CARTESIAN_POINT('',(-0.4,-4.93348081682658,2.84496270224201));
#7416=CARTESIAN_POINT('',(-0.4,-4.93348081682658,2.84496270224201));
#7417=CARTESIAN_POINT('',(-0.4,-6.96824952083076,2.84496270224201));
#7418=CARTESIAN_POINT('',(-0.4,-7.96424952082826,2.84496270224201));
#7419=CARTESIAN_POINT('',(-0.4,-7.47424952083076,2.33896270224328));
#7420=CARTESIAN_POINT('Origin',(-0.4,-6.96824952083076,2.33896270224201));
#7421=CARTESIAN_POINT('',(-0.4,-7.47424952083616,0.190827254904525));
#7422=CARTESIAN_POINT('Origin',(0.4,-7.71924952083221,1.7629305013153));
#7423=CARTESIAN_POINT('',(0.4,-7.47424952083076,2.33896270224328));
#7424=CARTESIAN_POINT('',(0.4,-7.47424952083616,0.190827254904525));
#7425=CARTESIAN_POINT('',(0.4,-6.96824952083076,2.84496270224201));
#7426=CARTESIAN_POINT('Origin',(0.4,-6.96824952083076,2.33896270224201));
#7427=CARTESIAN_POINT('',(0.4,-4.93348081682658,2.84496270224201));
#7428=CARTESIAN_POINT('',(0.4,-7.96424952082826,2.84496270224201));
#7429=CARTESIAN_POINT('',(0.4,-4.93348081682658,2.84498716937272));
#7430=CARTESIAN_POINT('',(0.4,-4.93348081682658,2.84496270224201));
#7431=CARTESIAN_POINT('',(0.4,-6.44886516882742,2.84498716937272));
#7432=CARTESIAN_POINT('',(0.4,-4.93348081682658,3.33500928059536));
#7433=CARTESIAN_POINT('',(0.4,-2.62613483117258,3.33500928059536));
#7434=CARTESIAN_POINT('',(0.4,-4.93348081682658,3.33503374772607));
#7435=CARTESIAN_POINT('',(0.4,-4.93348081682658,2.84496270224201));
#7436=CARTESIAN_POINT('',(0.4,-7.45824952082953,3.33503374772607));
#7437=CARTESIAN_POINT('',(0.4,-4.93348081682658,3.33503374772607));
#7438=CARTESIAN_POINT('',(0.4,-7.96424952082826,2.82903374772734));
#7439=CARTESIAN_POINT('Origin',(0.4,-7.45824952082953,2.82903374772607));
#7440=CARTESIAN_POINT('',(0.4,-7.96424952082826,3.33503374772607));
#7441=CARTESIAN_POINT('Origin',(0.,-7.96424952082826,3.33503374772607));
#7442=CARTESIAN_POINT('',(0.,-7.96424952083382,1.12006723763735));
#7443=CARTESIAN_POINT('',(0.,-7.96424952082953,2.82903374772734));
#7444=CARTESIAN_POINT('Origin',(0.,-8.47024952083382,1.12006723763862));
#7445=CARTESIAN_POINT('',(0.,-8.4351993465786,0.615282644683689));
#7446=CARTESIAN_POINT('Origin',(0.,-7.50819138918608,0.679650279702782));
#7447=CARTESIAN_POINT('',(0.,-10.2564418683499,0.488823024798257));
#7448=CARTESIAN_POINT('Origin',(0.,-6.96824952083076,2.33896270224201));
#7449=CARTESIAN_POINT('',(0.,-7.47424952083076,2.33896270224328));
#7450=CARTESIAN_POINT('',(0.,-6.96824952083076,2.84496270224201));
#7451=CARTESIAN_POINT('Origin',(0.,-7.47424952083616,0.190827254904525));
#7452=CARTESIAN_POINT('',(0.,-7.47424952083511,0.607125245409958));
#7453=CARTESIAN_POINT('Origin',(0.,-7.98024952083511,0.607125245411229));
#7454=CARTESIAN_POINT('',(0.,-7.71661910574732,0.175228262045243));
#7455=CARTESIAN_POINT('Origin',(0.,-7.45824952082953,2.82903374772607));
#7456=CARTESIAN_POINT('',(0.,-7.45824952082953,3.33503374772607));
#7457=CARTESIAN_POINT('Origin',(0.,-6.44886516882742,2.84498716937272));
#7458=CARTESIAN_POINT('',(0.,-4.93348081682658,2.84498716937272));
#7459=CARTESIAN_POINT('Origin',(0.,-2.62613483117258,3.33500928059536));
#7460=CARTESIAN_POINT('',(0.,-4.93348081682658,3.33500928059536));
#7461=CARTESIAN_POINT('Origin',(0.,-4.93348081682658,2.84496270224201));
#7462=CARTESIAN_POINT('',(0.,-4.93348081682658,2.84496270224201));
#7463=CARTESIAN_POINT('Origin',(0.,-4.93348081682658,3.33503374772607));
#7464=CARTESIAN_POINT('',(0.,-4.93348081682658,3.33503374772607));
#7465=CARTESIAN_POINT('Origin',(0.,-7.96424952082826,2.84496270224201));
#7466=CARTESIAN_POINT('Origin',(0.,-4.93348081682658,2.84496270224201));
#7467=CARTESIAN_POINT('Origin',(0.,-10.2225,0.));
#7468=CARTESIAN_POINT('',(0.,-10.2225,0.));
#7469=CARTESIAN_POINT('Origin',(0.,-10.2564418683499,0.488823024798257));
#7470=CARTESIAN_POINT('',(0.,0.,0.));
#7471=CARTESIAN_POINT('Ctrl Pts',(4.89218107224832,-0.195764466477713,0.));
#7472=CARTESIAN_POINT('Ctrl Pts',(4.89218107224832,-0.195764466477713,0.002));
#7473=CARTESIAN_POINT('Ctrl Pts',(4.74063213223188,-0.1980922937687,0.));
#7474=CARTESIAN_POINT('Ctrl Pts',(4.74063213223188,-0.1980922937687,0.002));
#7475=CARTESIAN_POINT('Ctrl Pts',(4.58130787796784,-0.192262027633468,0.));
#7476=CARTESIAN_POINT('Ctrl Pts',(4.58130787796784,-0.192262027633468,0.002));
#7477=CARTESIAN_POINT('Ctrl Pts',(4.42767621002344,-0.190579587554558,0.));
#7478=CARTESIAN_POINT('Ctrl Pts',(4.42767621002344,-0.190579587554558,0.002));
#7479=CARTESIAN_POINT('',(4.89218107224832,-0.195764466477713,0.));
#7480=CARTESIAN_POINT('',(4.42767621002344,-0.190579587554558,0.));
#7481=CARTESIAN_POINT('Ctrl Pts',(4.89218107224832,-0.195764466477713,0.));
#7482=CARTESIAN_POINT('Ctrl Pts',(4.74063213223188,-0.1980922937687,0.));
#7483=CARTESIAN_POINT('Ctrl Pts',(4.58130787796784,-0.192262027633468,0.));
#7484=CARTESIAN_POINT('Ctrl Pts',(4.42767621002344,-0.190579587554558,0.));
#7485=CARTESIAN_POINT('',(4.42767621002344,-0.190579587554558,0.002));
#7486=CARTESIAN_POINT('',(4.42767621002344,-0.190579587554558,0.));
#7487=CARTESIAN_POINT('',(4.89218107224832,-0.195764466477713,0.002));
#7488=CARTESIAN_POINT('Ctrl Pts',(4.89218107224832,-0.195764466477713,0.002));
#7489=CARTESIAN_POINT('Ctrl Pts',(4.74063213223188,-0.1980922937687,0.002));
#7490=CARTESIAN_POINT('Ctrl Pts',(4.58130787796784,-0.192262027633468,0.002));
#7491=CARTESIAN_POINT('Ctrl Pts',(4.42767621002344,-0.190579587554558,0.002));
#7492=CARTESIAN_POINT('',(4.89218107224832,-0.195764466477713,0.));
#7493=CARTESIAN_POINT('Ctrl Pts',(5.21929199471641,-0.039873849691221,0.));
#7494=CARTESIAN_POINT('Ctrl Pts',(5.21929199471641,-0.039873849691221,0.002));
#7495=CARTESIAN_POINT('Ctrl Pts',(5.12623658258386,-0.0807063156079413,
0.));
#7496=CARTESIAN_POINT('Ctrl Pts',(5.12623658258386,-0.0807063156079413,
0.002));
#7497=CARTESIAN_POINT('Ctrl Pts',(4.99261430776198,-0.194239604432979,0.));
#7498=CARTESIAN_POINT('Ctrl Pts',(4.99261430776198,-0.194239604432979,0.002));
#7499=CARTESIAN_POINT('Ctrl Pts',(4.89218107224832,-0.195764466477713,0.));
#7500=CARTESIAN_POINT('Ctrl Pts',(4.89218107224832,-0.195764466477713,0.002));
#7501=CARTESIAN_POINT('',(5.21929199471641,-0.039873849691221,0.));
#7502=CARTESIAN_POINT('Ctrl Pts',(5.21929199471641,-0.039873849691221,0.));
#7503=CARTESIAN_POINT('Ctrl Pts',(5.12623658258386,-0.0807063156079413,
0.));
#7504=CARTESIAN_POINT('Ctrl Pts',(4.99261430776198,-0.194239604432979,0.));
#7505=CARTESIAN_POINT('Ctrl Pts',(4.89218107224832,-0.195764466477713,0.));
#7506=CARTESIAN_POINT('',(5.21929199471641,-0.039873849691221,0.002));
#7507=CARTESIAN_POINT('Ctrl Pts',(5.21929199471641,-0.039873849691221,0.002));
#7508=CARTESIAN_POINT('Ctrl Pts',(5.12623658258386,-0.0807063156079413,
0.002));
#7509=CARTESIAN_POINT('Ctrl Pts',(4.99261430776198,-0.194239604432979,0.002));
#7510=CARTESIAN_POINT('Ctrl Pts',(4.89218107224832,-0.195764466477713,0.002));
#7511=CARTESIAN_POINT('',(5.21929199471641,-0.039873849691221,0.));
#7512=CARTESIAN_POINT('Ctrl Pts',(5.00916988989485,-0.341643548410887,0.));
#7513=CARTESIAN_POINT('Ctrl Pts',(5.00916988989485,-0.341643548410887,0.002));
#7514=CARTESIAN_POINT('Ctrl Pts',(5.04439134447987,-0.259173559100133,0.));
#7515=CARTESIAN_POINT('Ctrl Pts',(5.04439134447987,-0.259173559100133,0.002));
#7516=CARTESIAN_POINT('Ctrl Pts',(5.19662086523719,-0.0987546605563549,
0.));
#7517=CARTESIAN_POINT('Ctrl Pts',(5.19662086523719,-0.0987546605563549,
0.002));
#7518=CARTESIAN_POINT('Ctrl Pts',(5.21929199471641,-0.039873849691221,0.));
#7519=CARTESIAN_POINT('Ctrl Pts',(5.21929199471641,-0.039873849691221,0.002));
#7520=CARTESIAN_POINT('',(5.00916988989485,-0.341643548410887,0.));
#7521=CARTESIAN_POINT('Ctrl Pts',(5.00916988989485,-0.341643548410887,0.));
#7522=CARTESIAN_POINT('Ctrl Pts',(5.04439134447987,-0.259173559100133,0.));
#7523=CARTESIAN_POINT('Ctrl Pts',(5.19662086523719,-0.0987546605563549,
0.));
#7524=CARTESIAN_POINT('Ctrl Pts',(5.21929199471641,-0.039873849691221,0.));
#7525=CARTESIAN_POINT('',(5.00916988989485,-0.341643548410887,0.002));
#7526=CARTESIAN_POINT('Ctrl Pts',(5.00916988989485,-0.341643548410887,0.002));
#7527=CARTESIAN_POINT('Ctrl Pts',(5.04439134447987,-0.259173559100133,0.002));
#7528=CARTESIAN_POINT('Ctrl Pts',(5.19662086523719,-0.0987546605563549,
0.002));
#7529=CARTESIAN_POINT('Ctrl Pts',(5.21929199471641,-0.039873849691221,0.002));
#7530=CARTESIAN_POINT('',(5.00916988989485,-0.341643548410887,0.));
#7531=CARTESIAN_POINT('Origin',(1.66709273818833,-0.170990942098522,0.));
#7532=CARTESIAN_POINT('',(1.66709273818833,-0.170990942098522,0.));
#7533=CARTESIAN_POINT('',(1.66709273818833,-0.170990942098522,0.));
#7534=CARTESIAN_POINT('',(1.66709273818833,-0.170990942098522,0.002));
#7535=CARTESIAN_POINT('',(1.66709273818833,-0.170990942098522,0.002));
#7536=CARTESIAN_POINT('',(1.66709273818833,-0.170990942098522,0.));
#7537=CARTESIAN_POINT('Ctrl Pts',(2.59370815745805,-0.172659705593331,0.));
#7538=CARTESIAN_POINT('Ctrl Pts',(2.59370815745805,-0.172659705593331,0.002));
#7539=CARTESIAN_POINT('Ctrl Pts',(2.30211006027966,-0.170390405713361,0.));
#7540=CARTESIAN_POINT('Ctrl Pts',(2.30211006027966,-0.170390405713361,0.002));
#7541=CARTESIAN_POINT('Ctrl Pts',(1.95098509330778,-0.148882556704433,0.));
#7542=CARTESIAN_POINT('Ctrl Pts',(1.95098509330778,-0.148882556704433,0.002));
#7543=CARTESIAN_POINT('Ctrl Pts',(1.66709273818833,-0.170990942098522,0.));
#7544=CARTESIAN_POINT('Ctrl Pts',(1.66709273818833,-0.170990942098522,0.002));
#7545=CARTESIAN_POINT('',(2.59370815745805,-0.172659705593331,0.));
#7546=CARTESIAN_POINT('Ctrl Pts',(2.59370815745805,-0.172659705593331,0.));
#7547=CARTESIAN_POINT('Ctrl Pts',(2.30211006027966,-0.170390405713361,0.));
#7548=CARTESIAN_POINT('Ctrl Pts',(1.95098509330778,-0.148882556704433,0.));
#7549=CARTESIAN_POINT('Ctrl Pts',(1.66709273818833,-0.170990942098522,0.));
#7550=CARTESIAN_POINT('',(2.59370815745805,-0.172659705593331,0.002));
#7551=CARTESIAN_POINT('Ctrl Pts',(2.59370815745805,-0.172659705593331,0.002));
#7552=CARTESIAN_POINT('Ctrl Pts',(2.30211006027966,-0.170390405713361,0.002));
#7553=CARTESIAN_POINT('Ctrl Pts',(1.95098509330778,-0.148882556704433,0.002));
#7554=CARTESIAN_POINT('Ctrl Pts',(1.66709273818833,-0.170990942098522,0.002));
#7555=CARTESIAN_POINT('',(2.59370815745805,-0.172659705593331,0.));
#7556=CARTESIAN_POINT('Origin',(4.42767621002344,-0.190579587554558,0.));
#7557=CARTESIAN_POINT('',(4.42767621002344,-0.190579587554558,0.));
#7558=CARTESIAN_POINT('',(4.42767621002344,-0.190579587554558,0.002));
#7559=CARTESIAN_POINT('Origin',(3.470935735984,-0.215672323911995,0.002));
#7560=CARTESIAN_POINT('Origin',(3.470935735984,-0.215672323911995,0.));
#7561=CARTESIAN_POINT('Origin',(3.7075479083874,0.879573167514918,0.));
#7562=CARTESIAN_POINT('',(3.50838519617231,1.01413982037932,0.));
#7563=CARTESIAN_POINT('',(3.7075479083874,0.879573167514918,0.));
#7564=CARTESIAN_POINT('',(3.50838519617231,1.01413982037932,0.));
#7565=CARTESIAN_POINT('',(3.50838519617231,1.01413982037932,0.002));
#7566=CARTESIAN_POINT('',(3.50838519617231,1.01413982037932,0.));
#7567=CARTESIAN_POINT('',(3.7075479083874,0.879573167514918,0.002));
#7568=CARTESIAN_POINT('',(3.50838519617231,1.01413982037932,0.002));
#7569=CARTESIAN_POINT('',(3.7075479083874,0.879573167514918,0.));
#7570=CARTESIAN_POINT('Ctrl Pts',(3.91009202938569,0.741054796715122,0.));
#7571=CARTESIAN_POINT('Ctrl Pts',(3.91009202938569,0.741054796715122,0.002));
#7572=CARTESIAN_POINT('Ctrl Pts',(3.83298623421182,0.792734544688629,0.));
#7573=CARTESIAN_POINT('Ctrl Pts',(3.83298623421182,0.792734544688629,0.002));
#7574=CARTESIAN_POINT('Ctrl Pts',(3.77547818019323,0.831583916922877,0.));
#7575=CARTESIAN_POINT('Ctrl Pts',(3.77547818019323,0.831583916922877,0.002));
#7576=CARTESIAN_POINT('Ctrl Pts',(3.7075479083874,0.879573167514918,0.));
#7577=CARTESIAN_POINT('Ctrl Pts',(3.7075479083874,0.879573167514918,0.002));
#7578=CARTESIAN_POINT('',(3.91009202938569,0.741054796715122,0.));
#7579=CARTESIAN_POINT('Ctrl Pts',(3.7075479083874,0.879573167514918,0.));
#7580=CARTESIAN_POINT('Ctrl Pts',(3.77547818019323,0.831583916922877,0.));
#7581=CARTESIAN_POINT('Ctrl Pts',(3.83298623421182,0.792734544688629,0.));
#7582=CARTESIAN_POINT('Ctrl Pts',(3.91009202938569,0.741054796715122,0.));
#7583=CARTESIAN_POINT('',(3.91009202938569,0.741054796715122,0.002));
#7584=CARTESIAN_POINT('Ctrl Pts',(3.91009202938569,0.741054796715122,0.002));
#7585=CARTESIAN_POINT('Ctrl Pts',(3.83298623421182,0.792734544688629,0.002));
#7586=CARTESIAN_POINT('Ctrl Pts',(3.77547818019323,0.831583916922877,0.002));
#7587=CARTESIAN_POINT('Ctrl Pts',(3.7075479083874,0.879573167514918,0.002));
#7588=CARTESIAN_POINT('',(3.91009202938569,0.741054796715122,0.));
#7589=CARTESIAN_POINT('Origin',(4.30486288538296,0.461951283202336,0.));
#7590=CARTESIAN_POINT('',(4.30486288538296,0.461951283202336,0.));
#7591=CARTESIAN_POINT('',(3.91009202938569,0.741054796715122,0.));
#7592=CARTESIAN_POINT('',(4.30486288538296,0.461951283202336,0.002));
#7593=CARTESIAN_POINT('',(3.91009202938569,0.741054796715122,0.002));
#7594=CARTESIAN_POINT('',(4.30486288538296,0.461951283202336,0.));
#7595=CARTESIAN_POINT('Origin',(3.82007132132593,0.655113234474151,0.));
#7596=CARTESIAN_POINT('',(3.82007132132593,0.655113234474151,0.));
#7597=CARTESIAN_POINT('',(4.30486288538296,0.461951283202336,0.));
#7598=CARTESIAN_POINT('',(3.82007132132593,0.655113234474151,0.002));
#7599=CARTESIAN_POINT('',(4.30486288538296,0.461951283202336,0.002));
#7600=CARTESIAN_POINT('',(3.82007132132593,0.655113234474151,0.));
#7601=CARTESIAN_POINT('Ctrl Pts',(3.62292416540999,0.800481624828648,0.));
#7602=CARTESIAN_POINT('Ctrl Pts',(3.62292416540999,0.800481624828648,0.002));
#7603=CARTESIAN_POINT('Ctrl Pts',(3.69077024143321,0.672207114623963,0.));
#7604=CARTESIAN_POINT('Ctrl Pts',(3.69077024143321,0.672207114623963,0.002));
#7605=CARTESIAN_POINT('Ctrl Pts',(3.69207458232404,0.712106346381486,0.));
#7606=CARTESIAN_POINT('Ctrl Pts',(3.69207458232404,0.712106346381486,0.002));
#7607=CARTESIAN_POINT('Ctrl Pts',(3.82007132132593,0.655113234474151,0.));
#7608=CARTESIAN_POINT('Ctrl Pts',(3.82007132132593,0.655113234474151,0.002));
#7609=CARTESIAN_POINT('',(3.62292416540999,0.800481624828648,0.));
#7610=CARTESIAN_POINT('Ctrl Pts',(3.82007132132593,0.655113234474151,0.));
#7611=CARTESIAN_POINT('Ctrl Pts',(3.69207458232404,0.712106346381486,0.));
#7612=CARTESIAN_POINT('Ctrl Pts',(3.69077024143321,0.672207114623963,0.));
#7613=CARTESIAN_POINT('Ctrl Pts',(3.62292416540999,0.800481624828648,0.));
#7614=CARTESIAN_POINT('',(3.62292416540999,0.800481624828648,0.002));
#7615=CARTESIAN_POINT('Ctrl Pts',(3.62292416540999,0.800481624828648,0.002));
#7616=CARTESIAN_POINT('Ctrl Pts',(3.69077024143321,0.672207114623963,0.002));
#7617=CARTESIAN_POINT('Ctrl Pts',(3.69207458232404,0.712106346381486,0.002));
#7618=CARTESIAN_POINT('Ctrl Pts',(3.82007132132593,0.655113234474151,0.002));
#7619=CARTESIAN_POINT('',(3.62292416540999,0.800481624828648,0.));
#7620=CARTESIAN_POINT('Ctrl Pts',(3.50838519617231,1.01413982037932,0.));
#7621=CARTESIAN_POINT('Ctrl Pts',(3.50838519617231,1.01413982037932,0.002));
#7622=CARTESIAN_POINT('Ctrl Pts',(3.54072010967892,0.940821723237351,0.));
#7623=CARTESIAN_POINT('Ctrl Pts',(3.54072010967892,0.940821723237351,0.002));
#7624=CARTESIAN_POINT('Ctrl Pts',(3.58462686688247,0.872830204120116,0.));
#7625=CARTESIAN_POINT('Ctrl Pts',(3.58462686688247,0.872830204120116,0.002));
#7626=CARTESIAN_POINT('Ctrl Pts',(3.62292416540999,0.800481624828648,0.));
#7627=CARTESIAN_POINT('Ctrl Pts',(3.62292416540999,0.800481624828648,0.002));
#7628=CARTESIAN_POINT('Ctrl Pts',(3.62292416540999,0.800481624828648,0.));
#7629=CARTESIAN_POINT('Ctrl Pts',(3.58462686688247,0.872830204120116,0.));
#7630=CARTESIAN_POINT('Ctrl Pts',(3.54072010967892,0.940821723237351,0.));
#7631=CARTESIAN_POINT('Ctrl Pts',(3.50838519617231,1.01413982037932,0.));
#7632=CARTESIAN_POINT('Ctrl Pts',(3.50838519617231,1.01413982037932,0.002));
#7633=CARTESIAN_POINT('Ctrl Pts',(3.54072010967892,0.940821723237351,0.002));
#7634=CARTESIAN_POINT('Ctrl Pts',(3.58462686688247,0.872830204120116,0.002));
#7635=CARTESIAN_POINT('Ctrl Pts',(3.62292416540999,0.800481624828648,0.002));
#7636=CARTESIAN_POINT('Origin',(3.90010533270714,0.698932439998349,0.));
#7637=CARTESIAN_POINT('Origin',(3.90010533270714,0.698932439998349,0.002));
#7638=CARTESIAN_POINT('Origin',(-1.0141590210261,-5.02506082468766,0.));
#7639=CARTESIAN_POINT('',(-0.740654458863077,-5.02506082468766,0.002));
#7640=CARTESIAN_POINT('Origin',(-1.0141590210261,-5.02506082468766,0.002));
#7641=CARTESIAN_POINT('',(-0.740654458863077,-5.02506082468766,0.));
#7642=CARTESIAN_POINT('Origin',(-1.0141590210261,-5.02506082468766,0.));
#7643=CARTESIAN_POINT('Origin',(-1.0141590210261,-5.02506082468766,0.));
#7644=CARTESIAN_POINT('Origin',(-1.0141590210261,-5.02506082468766,0.002));
#7645=CARTESIAN_POINT('Ctrl Pts',(2.767875073273,0.984358485895249,0.));
#7646=CARTESIAN_POINT('Ctrl Pts',(2.767875073273,0.984358485895249,0.002));
#7647=CARTESIAN_POINT('Ctrl Pts',(2.80234435977959,0.874799742347658,0.));
#7648=CARTESIAN_POINT('Ctrl Pts',(2.80234435977959,0.874799742347658,0.002));
#7649=CARTESIAN_POINT('Ctrl Pts',(2.89996105586149,0.72564485424119,0.));
#7650=CARTESIAN_POINT('Ctrl Pts',(2.89996105586149,0.72564485424119,0.002));
#7651=CARTESIAN_POINT('Ctrl Pts',(2.95607310724526,0.620064895491884,0.));
#7652=CARTESIAN_POINT('Ctrl Pts',(2.95607310724526,0.620064895491884,0.002));
#7653=CARTESIAN_POINT('',(2.767875073273,0.984358485895249,0.));
#7654=CARTESIAN_POINT('',(2.95607310724526,0.620064895491884,0.));
#7655=CARTESIAN_POINT('Ctrl Pts',(2.767875073273,0.984358485895249,0.));
#7656=CARTESIAN_POINT('Ctrl Pts',(2.80234435977959,0.874799742347658,0.));
#7657=CARTESIAN_POINT('Ctrl Pts',(2.89996105586149,0.72564485424119,0.));
#7658=CARTESIAN_POINT('Ctrl Pts',(2.95607310724526,0.620064895491884,0.));
#7659=CARTESIAN_POINT('',(2.95607310724526,0.620064895491884,0.002));
#7660=CARTESIAN_POINT('',(2.95607310724526,0.620064895491884,0.));
#7661=CARTESIAN_POINT('',(2.767875073273,0.984358485895249,0.002));
#7662=CARTESIAN_POINT('Ctrl Pts',(2.767875073273,0.984358485895249,0.002));
#7663=CARTESIAN_POINT('Ctrl Pts',(2.80234435977959,0.874799742347658,0.002));
#7664=CARTESIAN_POINT('Ctrl Pts',(2.89996105586149,0.72564485424119,0.002));
#7665=CARTESIAN_POINT('Ctrl Pts',(2.95607310724526,0.620064895491884,0.002));
#7666=CARTESIAN_POINT('',(2.767875073273,0.984358485895249,0.));
#7667=CARTESIAN_POINT('Origin',(5.17608868964277,-0.00968901192928584,0.));
#7668=CARTESIAN_POINT('',(5.17608868964277,-0.00968901192928584,0.));
#7669=CARTESIAN_POINT('',(5.17608868964277,-0.00968901192928584,0.));
#7670=CARTESIAN_POINT('',(5.17608868964277,-0.00968901192928584,0.002));
#7671=CARTESIAN_POINT('',(5.17608868964277,-0.00968901192928584,0.002));
#7672=CARTESIAN_POINT('',(5.17608868964277,-0.00968901192928584,0.));
#7673=CARTESIAN_POINT('Origin',(3.42238138455138,0.432776453467822,0.));
#7674=CARTESIAN_POINT('',(3.42238138455138,0.432776453467822,0.));
#7675=CARTESIAN_POINT('',(3.42238138455138,0.432776453467822,0.));
#7676=CARTESIAN_POINT('',(3.42238138455138,0.432776453467822,0.002));
#7677=CARTESIAN_POINT('',(3.42238138455138,0.432776453467822,0.002));
#7678=CARTESIAN_POINT('',(3.42238138455138,0.432776453467822,0.));
#7679=CARTESIAN_POINT('Origin',(3.63248598070247,1.11022302462516E-15,0.));
#7680=CARTESIAN_POINT('',(3.63248598070247,1.11022302462516E-15,0.));
#7681=CARTESIAN_POINT('',(3.63248598070247,1.11022302462516E-15,0.));
#7682=CARTESIAN_POINT('',(3.63248598070247,1.11022302462516E-15,0.002));
#7683=CARTESIAN_POINT('',(3.63248598070247,1.11022302462516E-15,0.002));
#7684=CARTESIAN_POINT('',(3.63248598070247,1.11022302462516E-15,0.));
#7685=CARTESIAN_POINT('Origin',(1.38777878078145E-16,4.24156889715464E-32,
0.));
#7686=CARTESIAN_POINT('',(1.38777878078145E-16,0.,0.));
#7687=CARTESIAN_POINT('',(0.,0.,0.));
#7688=CARTESIAN_POINT('',(0.,0.,0.002));
#7689=CARTESIAN_POINT('',(0.,0.,0.002));
#7690=CARTESIAN_POINT('',(1.38777878078145E-16,0.,0.));
#7691=CARTESIAN_POINT('Ctrl Pts',(0.77780045264032,0.0708024425603604,0.));
#7692=CARTESIAN_POINT('Ctrl Pts',(0.77780045264032,0.0708024425603604,0.002));
#7693=CARTESIAN_POINT('Ctrl Pts',(0.610350061026594,0.0570468492103937,
0.));
#7694=CARTESIAN_POINT('Ctrl Pts',(0.610350061026594,0.0570468492103937,
0.002));
#7695=CARTESIAN_POINT('Ctrl Pts',(0.124867366979427,0.0390634184836037,
0.));
#7696=CARTESIAN_POINT('Ctrl Pts',(0.124867366979427,0.0390634184836037,
0.002));
#7697=CARTESIAN_POINT('Ctrl Pts',(1.38777878078145E-16,0.,0.));
#7698=CARTESIAN_POINT('Ctrl Pts',(1.38777878078145E-16,0.,0.002));
#7699=CARTESIAN_POINT('',(0.77780045264032,0.0708024425603604,0.));
#7700=CARTESIAN_POINT('Ctrl Pts',(0.77780045264032,0.0708024425603604,0.));
#7701=CARTESIAN_POINT('Ctrl Pts',(0.610350061026594,0.0570468492103937,
0.));
#7702=CARTESIAN_POINT('Ctrl Pts',(0.124867366979427,0.0390634184836037,
0.));
#7703=CARTESIAN_POINT('Ctrl Pts',(1.38777878078145E-16,0.,0.));
#7704=CARTESIAN_POINT('',(0.77780045264032,0.0708024425603604,0.002));
#7705=CARTESIAN_POINT('Ctrl Pts',(0.77780045264032,0.0708024425603604,0.002));
#7706=CARTESIAN_POINT('Ctrl Pts',(0.610350061026594,0.0570468492103937,
0.002));
#7707=CARTESIAN_POINT('Ctrl Pts',(0.124867366979427,0.0390634184836037,
0.002));
#7708=CARTESIAN_POINT('Ctrl Pts',(1.38777878078145E-16,0.,0.002));
#7709=CARTESIAN_POINT('',(0.77780045264032,0.0708024425603604,0.));
#7710=CARTESIAN_POINT('Origin',(3.14071777306453,0.261316895658449,0.));
#7711=CARTESIAN_POINT('',(3.14071777306453,0.261316895658449,0.));
#7712=CARTESIAN_POINT('',(3.14071777306453,0.261316895658449,0.));
#7713=CARTESIAN_POINT('',(3.14071777306453,0.261316895658449,0.002));
#7714=CARTESIAN_POINT('',(3.14071777306453,0.261316895658449,0.002));
#7715=CARTESIAN_POINT('',(3.14071777306453,0.261316895658449,0.));
#7716=CARTESIAN_POINT('Ctrl Pts',(2.95607310724526,0.620064895491884,0.));
#7717=CARTESIAN_POINT('Ctrl Pts',(2.95607310724526,0.620064895491884,0.002));
#7718=CARTESIAN_POINT('Ctrl Pts',(2.98800881205356,0.56004231008941,0.));
#7719=CARTESIAN_POINT('Ctrl Pts',(2.98800881205356,0.56004231008941,0.002));
#7720=CARTESIAN_POINT('Ctrl Pts',(3.13705052147133,0.302693716050453,0.));
#7721=CARTESIAN_POINT('Ctrl Pts',(3.13705052147133,0.302693716050453,0.002));
#7722=CARTESIAN_POINT('Ctrl Pts',(3.14071777306453,0.261316895658449,0.));
#7723=CARTESIAN_POINT('Ctrl Pts',(3.14071777306453,0.261316895658449,0.002));
#7724=CARTESIAN_POINT('Ctrl Pts',(2.95607310724526,0.620064895491884,0.));
#7725=CARTESIAN_POINT('Ctrl Pts',(2.98800881205356,0.56004231008941,0.));
#7726=CARTESIAN_POINT('Ctrl Pts',(3.13705052147133,0.302693716050453,0.));
#7727=CARTESIAN_POINT('Ctrl Pts',(3.14071777306453,0.261316895658449,0.));
#7728=CARTESIAN_POINT('Ctrl Pts',(2.95607310724526,0.620064895491884,0.002));
#7729=CARTESIAN_POINT('Ctrl Pts',(2.98800881205356,0.56004231008941,0.002));
#7730=CARTESIAN_POINT('Ctrl Pts',(3.13705052147133,0.302693716050453,0.002));
#7731=CARTESIAN_POINT('Ctrl Pts',(3.14071777306453,0.261316895658449,0.002));
#7732=CARTESIAN_POINT('Origin',(2.73619021307789,0.21130222142932,0.002));
#7733=CARTESIAN_POINT('Origin',(2.73619021307789,0.21130222142932,0.));
#7734=CARTESIAN_POINT('',(0.,0.,0.));
#7735=CARTESIAN_POINT('',(0.,0.,0.));
#7736=CARTESIAN_POINT('',(0.,0.,0.));
#7737=CARTESIAN_POINT('',(-2.82211171251846,1.5656784242355,4.819));
#7738=UNCERTAINTY_MEASURE_WITH_UNIT(LENGTH_MEASURE(0.01),#7748,
'DISTANCE_ACCURACY_VALUE',
'Maximum model space distance between geometric entities at asserted c
onnectivities');
#7739=UNCERTAINTY_MEASURE_WITH_UNIT(LENGTH_MEASURE(0.01),#7748,
'DISTANCE_ACCURACY_VALUE',
'Maximum model space distance between geometric entities at asserted c
onnectivities');
#7740=UNCERTAINTY_MEASURE_WITH_UNIT(LENGTH_MEASURE(0.01),#7748,
'DISTANCE_ACCURACY_VALUE',
'Maximum model space distance between geometric entities at asserted c
onnectivities');
#7741=UNCERTAINTY_MEASURE_WITH_UNIT(LENGTH_MEASURE(0.01),#7748,
'DISTANCE_ACCURACY_VALUE',
'Maximum model space distance between geometric entities at asserted c
onnectivities');
#7742=UNCERTAINTY_MEASURE_WITH_UNIT(LENGTH_MEASURE(1.E-6),#7748,
'DISTANCE_ACCURACY_VALUE',
'Maximum model space distance between geometric entities at asserted c
onnectivities');
#7743=(
GEOMETRIC_REPRESENTATION_CONTEXT(3)
GLOBAL_UNCERTAINTY_ASSIGNED_CONTEXT((#7738))
GLOBAL_UNIT_ASSIGNED_CONTEXT((#7748,#7751,#7749))
REPRESENTATION_CONTEXT('','3D')
);
#7744=(
GEOMETRIC_REPRESENTATION_CONTEXT(3)
GLOBAL_UNCERTAINTY_ASSIGNED_CONTEXT((#7739))
GLOBAL_UNIT_ASSIGNED_CONTEXT((#7748,#7751,#7749))
REPRESENTATION_CONTEXT('','3D')
);
#7745=(
GEOMETRIC_REPRESENTATION_CONTEXT(3)
GLOBAL_UNCERTAINTY_ASSIGNED_CONTEXT((#7740))
GLOBAL_UNIT_ASSIGNED_CONTEXT((#7748,#7751,#7749))
REPRESENTATION_CONTEXT('','3D')
);
#7746=(
GEOMETRIC_REPRESENTATION_CONTEXT(3)
GLOBAL_UNCERTAINTY_ASSIGNED_CONTEXT((#7741))
GLOBAL_UNIT_ASSIGNED_CONTEXT((#7748,#7751,#7749))
REPRESENTATION_CONTEXT('','3D')
);
#7747=(
GEOMETRIC_REPRESENTATION_CONTEXT(3)
GLOBAL_UNCERTAINTY_ASSIGNED_CONTEXT((#7742))
GLOBAL_UNIT_ASSIGNED_CONTEXT((#7748,#7751,#7749))
REPRESENTATION_CONTEXT('','3D')
);
#7748=(
LENGTH_UNIT()
NAMED_UNIT(*)
SI_UNIT(.MILLI.,.METRE.)
);
#7749=(
NAMED_UNIT(*)
SI_UNIT($,.STERADIAN.)
SOLID_ANGLE_UNIT()
);
#7750=DIMENSIONAL_EXPONENTS(0.,0.,0.,0.,0.,0.,0.);
#7751=(
CONVERSION_BASED_UNIT('degree',#7753)
NAMED_UNIT(#7750)
PLANE_ANGLE_UNIT()
);
#7752=(
NAMED_UNIT(*)
PLANE_ANGLE_UNIT()
SI_UNIT($,.RADIAN.)
);
#7753=PLANE_ANGLE_MEASURE_WITH_UNIT(PLANE_ANGLE_MEASURE(0.01745329252),
#7752);
#7754=SHAPE_DEFINITION_REPRESENTATION(#7758,#7765);
#7755=SHAPE_DEFINITION_REPRESENTATION(#7759,#7766);
#7756=SHAPE_DEFINITION_REPRESENTATION(#7760,#7767);
#7757=SHAPE_DEFINITION_REPRESENTATION(#7761,#7768);
#7758=PRODUCT_DEFINITION_SHAPE('',$,#7770);
#7759=PRODUCT_DEFINITION_SHAPE('',$,#7771);
#7760=PRODUCT_DEFINITION_SHAPE('',$,#7772);
#7761=PRODUCT_DEFINITION_SHAPE('',$,#7773);
#7762=PRODUCT_DEFINITION_SHAPE($,$,#20);
#7763=PRODUCT_DEFINITION_SHAPE($,$,#21);
#7764=PRODUCT_DEFINITION_SHAPE($,$,#22);
#7765=SHAPE_REPRESENTATION('',(#4645),#7743);
#7766=SHAPE_REPRESENTATION('',(#4725),#7744);
#7767=SHAPE_REPRESENTATION('',(#4977),#7745);
#7768=SHAPE_REPRESENTATION('',(#4999,#5000,#5001,#5002),#7746);
#7769=PRODUCT_DEFINITION_CONTEXT('part definition',#7783,'design');
#7770=PRODUCT_DEFINITION('1','1',#7774,#7769);
#7771=PRODUCT_DEFINITION('2','2',#7775,#7769);
#7772=PRODUCT_DEFINITION('Wolf Speed Logo','Wolf Speed Logo',#7776,#7769);
#7773=PRODUCT_DEFINITION('1','1',#7777,#7769);
#7774=PRODUCT_DEFINITION_FORMATION('',$,#7785);
#7775=PRODUCT_DEFINITION_FORMATION('',$,#7786);
#7776=PRODUCT_DEFINITION_FORMATION('',$,#7787);
#7777=PRODUCT_DEFINITION_FORMATION('',$,#7788);
#7778=PRODUCT_RELATED_PRODUCT_CATEGORY('1','1',(#7785));
#7779=PRODUCT_RELATED_PRODUCT_CATEGORY('2','2',(#7786));
#7780=PRODUCT_RELATED_PRODUCT_CATEGORY('Wolf Speed Logo',
'Wolf Speed Logo',(#7787));
#7781=PRODUCT_RELATED_PRODUCT_CATEGORY('1','1',(#7788));
#7782=APPLICATION_PROTOCOL_DEFINITION('international standard',
'automotive_design',2009,#7783);
#7783=APPLICATION_CONTEXT(
'Core Data for Automotive Mechanical Design Process');
#7784=PRODUCT_CONTEXT('part definition',#7783,'mechanical');
#7785=PRODUCT('1','1',$,(#7784));
#7786=PRODUCT('2','2',$,(#7784));
#7787=PRODUCT('Wolf Speed Logo','Wolf Speed Logo',$,(#7784));
#7788=PRODUCT('1','1',$,(#7784));
#7789=PRESENTATION_STYLE_ASSIGNMENT((#7792));
#7790=PRESENTATION_STYLE_ASSIGNMENT((#7793));
#7791=PRESENTATION_STYLE_ASSIGNMENT((#7794));
#7792=SURFACE_STYLE_USAGE(.BOTH.,#7795);
#7793=SURFACE_STYLE_USAGE(.BOTH.,#7796);
#7794=SURFACE_STYLE_USAGE(.BOTH.,#7797);
#7795=SURFACE_SIDE_STYLE($,(#7798));
#7796=SURFACE_SIDE_STYLE($,(#7799));
#7797=SURFACE_SIDE_STYLE($,(#7800));
#7798=SURFACE_STYLE_FILL_AREA(#7801);
#7799=SURFACE_STYLE_FILL_AREA(#7802);
#7800=SURFACE_STYLE_FILL_AREA(#7803);
#7801=FILL_AREA_STYLE($,(#7804));
#7802=FILL_AREA_STYLE($,(#7805));
#7803=FILL_AREA_STYLE($,(#7806));
#7804=FILL_AREA_STYLE_COLOUR($,#7807);
#7805=FILL_AREA_STYLE_COLOUR($,#7808);
#7806=FILL_AREA_STYLE_COLOUR($,#7809);
#7807=COLOUR_RGB('',0.286274509803922,0.286274509803922,0.286274509803922);
#7808=COLOUR_RGB('',0.831372549019608,0.831372549019608,0.831372549019608);
#7809=COLOUR_RGB('',1.,1.,1.);
ENDSEC;
END-ISO-10303-21;
